{"protocolSection":{"identificationModule":{"nctId":"NCT02543645","orgStudyIdInfo":{"id":"CDX1127-06"},"organization":{"fullName":"Celldex Therapeutics","class":"INDUSTRY"},"briefTitle":"A Study of Varlilumab and Atezolizumab in Patients With Advanced Cancer","officialTitle":"A Phase l/ll, Open Label, Dose-escalation Study of Varlilumab (CDX-1127) in Combination With Atezolizumab (MPDL3280A, Anti-PD-L1) in Patients With Advanced Cancer"},"statusModule":{"statusVerifiedDate":"2018-04","overallStatus":"TERMINATED","whyStopped":"Portfolio re-prioritization","expandedAccessInfo":{"hasExpandedAccess":false},"startDateStruct":{"date":"2015-10"},"primaryCompletionDateStruct":{"date":"2017-04","type":"ACTUAL"},"completionDateStruct":{"date":"2017-05-22","type":"ACTUAL"},"studyFirstSubmitDate":"2015-08-28","studyFirstSubmitQcDate":"2015-09-04","studyFirstPostDateStruct":{"date":"2015-09-07","type":"ESTIMATED"},"lastUpdateSubmitDate":"2018-04-26","lastUpdatePostDateStruct":{"date":"2018-04-30","type":"ACTUAL"}},"sponsorCollaboratorsModule":{"responsibleParty":{"type":"SPONSOR"},"leadSponsor":{"name":"Celldex Therapeutics","class":"INDUSTRY"},"collaborators":[{"name":"Genentech, Inc.","class":"INDUSTRY"}]},"oversightModule":{"oversightHasDmc":false},"descriptionModule":{"briefSummary":"This is a study to determine the clinical benefit (how well the drug works), safety and tolerability of combining varlilumab and atezolizumab. Phase l of the study will enroll patients with a number of tumor types; Phase ll will enroll only patients with renal cell carcinoma (RCC).\\*\n\n\\*Note: This Study was terminated prior to initiation of Phase II","detailedDescription":"Varlilumab is a fully human monoclonal antibody that binds to a molecule called CD27 found on certain immune cells and may act to promote anti-tumor effects.\n\nAtezolizumab is an engineered anti-PD-L1 antibody.\n\nThis study will evaluate the safety, tolerability and efficacy of the anti-CD27 antibody varlilumab in combination with atezolizumab.\n\nEligible patients that enroll in the dose escalation portion of the study will be assigned to one of three dose levels of varlilumab in combination with 1200 mg of atezolizumab. The first phase of the study will enroll up to 18 patients and test the safety profile of the combination of varlilumab and atezolizumab in patients with various tumor types and determine which dose of varlilumab will be studied in Phase ll\\* of the study which will enroll only patients with RCC.\n\n\\*Note: This Study was terminated prior to initiation of Phase II.\n\nAll patients enrolled in the study will be closely monitored to determine if there is a response to the treatment as well as for any side effects that may occur."},"conditionsModule":{"conditions":["Carcinoma, Renal Cell","Kidney Diseases","Kidney Neoplasms","Urogenital Neoplasms","Urologic Diseases","Urologic Neoplasms","Neoplasms by Histologic Type","Neoplasms","Clear-cell Metastatic Renal Cell Carcinoma","Melanoma","Triple Negative Breast Cancer","Bladder Cancer","Head and Neck Cancer","Non-small Cell Lung Cancer"]},"designModule":{"studyType":"INTERVENTIONAL","phases":["PHASE1"],"designInfo":{"allocation":"NA","interventionModel":"SINGLE_GROUP","primaryPurpose":"TREATMENT","maskingInfo":{"masking":"NONE"}},"enrollmentInfo":{"count":18,"type":"ACTUAL"}},"armsInterventionsModule":{"armGroups":[{"label":"Varlilumab and Atezolizumab","type":"EXPERIMENTAL","interventionNames":["Drug: Combination of Varlilumab and Atezolizumab"]}],"interventions":[{"type":"DRUG","name":"Combination of Varlilumab and Atezolizumab","interventionMappedName":[],"description":"Treatment cycles are 12 weeks each with varlilumab and atezolizumab administered every 3 weeks. During the treatment phase of the study, eligible patients will receive varlilumab for up to 3 cycles (with a 4th cycle possible following discussion with the Medical Monitor). There is no limit on the number of cycles of atezolizumab. Patients may be discontinued from receiving study treatment (atezolizumab or varlilumab) based on the results of disease assessments or if experiencing side effects that make study therapy intolerable.\n\nPhase l Dose: The planned dose of varlilumab will be dependent on the cohort assigned at enrollment. Varlilumab doses are 0.3 mg/kg, 1 mg/kg, or 3 mg/kg. The dose of atezolizumab is 1200 mg.","armGroupLabels":["Varlilumab and Atezolizumab"]}]},"outcomesModule":{"primaryOutcomes":[{"measure":"Phase l: Safety and tolerability of varlilumab in combination with atezolizumab as measured by incidence of drug related adverse events (AEs), serious drug related AEs, dose-limiting toxicities and laboratory test abnormalities.","timeFrame":"Safety follow-up is 70 days from last study drug dose."}]},"eligibilityModule":{"eligibilityCriteria":"Inclusion Criteria:\n\n1. Unresectable stage lll or IV, histologically confirmed diagnosis of one of the following solid tumors:\n\n   * Phase l: Melanoma, RCC, triple negative breast cancer, bladder cancer, head and neck cancer or non-small cell lung cancer.\n2. Documented progressive disease based on radiographic, clinical or pathologic assessment during or subsequent to last therapy.\n3. Progressed or intolerant to at least 1 approved prior anticancer regimen.\n4. Measurable (target) disease.\n5. Life expectancy ≥ 12 weeks.\n6. If of childbearing potential (male or female), agrees to practice an effective form of contraception during study treatment and for at least 90 days following last treatment dose.\n7. Must have available tumor tissue and consent to biopsy while on study.\n8. Patients with asymptomatic treated CNS metastasis may be enrolled after discussion with the Medical Monitor.\n9. ECOG of 0 or 1.\n\nExclusion Criteria:\n\n1. Prior therapy with varlilumab or with an anti-CD27 antibody.\n2. Previous treatment with anti-PD-1, anti-PD-L1 or anti-PD-L2 therapy.\n3. Use of any experimental immunotherapy.\n4. Receipt of anti-CTLA-4 targeted therapies or other checkpoint or co-stimulatory therapy within 3 months prior to start of study treatment.\n5. Chemotherapy within 21 days or at least 5 half-lives (whichever is shorter) prior to the planned state of study treatment.\n6. Systemic radiation therapy within 4 weeks, prior focal radiotherapy within 2 weeks, or radiopharmaceuticals (strontium, samarium) within 8 weeks prior to the first dose of study treatment.\n7. Use of immunosuppressive medications within 4 weeks or systemic corticosteroids within 2 weeks prior to first dose of study treatment.\n8. Other prior malignancy, except for adequately treated basal or squamous cell skin cancer or in situ cancers; or any other cancer from which the patient has been disease-free for at least 3 years.\n9. Active, untreated CNS metastases.\n10. Active autoimmune disease or a documented history of autoimmune disease.\n11. Active diverticulitis.\n12. Significant cardiovascular disease including CHF, leptomeningeal disease, poorly controlled hypertension, or an MI within 6 months prior to dosing.\n13. Known alcohol or drug abuse.","healthyVolunteers":false,"sex":"ALL","minimumAge":"18 Years","stdAges":["ADULT","OLDER_ADULT"]},"contactsLocationsModule":{"locations":[{"facility":"University of California - San Francisco","city":"San Francisco","state":"California","zip":"94550","country":"United States","geoPoint":{"lat":37.77493,"lon":-122.41942}},{"facility":"Beth Israel Deaconess Medical Center","city":"Boston","state":"Massachusetts","zip":"02215","country":"United States","geoPoint":{"lat":42.35843,"lon":-71.05977}},{"facility":"Memorial Sloan Kettering Cancer Center","city":"New York","state":"New York","zip":"10065","country":"United States","geoPoint":{"lat":40.71427,"lon":-74.00597}},{"facility":"Duke University Medical Center","city":"Durham","state":"North Carolina","zip":"27710","country":"United States","geoPoint":{"lat":35.99403,"lon":-78.89862}}],"locations_nested":[{"facility":"University of California - San Francisco","city":"San Francisco","state":"California","zip":"94550","country":"United States","geoPoint":{"lat":37.77493,"lon":-122.41942}},{"facility":"Beth Israel Deaconess Medical Center","city":"Boston","state":"Massachusetts","zip":"02215","country":"United States","geoPoint":{"lat":42.35843,"lon":-71.05977}},{"facility":"Memorial Sloan Kettering Cancer Center","city":"New York","state":"New York","zip":"10065","country":"United States","geoPoint":{"lat":40.71427,"lon":-74.00597}},{"facility":"Duke University Medical Center","city":"Durham","state":"North Carolina","zip":"27710","country":"United States","geoPoint":{"lat":35.99403,"lon":-78.89862}}]}},"derivedSection":{"miscInfoModule":{"versionHolder":"2023-06-29","modelPredictions":{"bmiLimits":{"minBmi":0.00,"maxBmi":101.00}}},"conditionBrowseModule":{"meshes":[{"id":"D000002277","term":"Carcinoma"},{"id":"D000009369","term":"Neoplasms"},{"id":"D000002292","term":"Carcinoma, Renal Cell"},{"id":"D000064726","term":"Triple Negative Breast Neoplasms"},{"id":"D000007680","term":"Kidney Neoplasms"},{"id":"D000009370","term":"Neoplasms by Histologic Type"},{"id":"D000014565","term":"Urogenital Neoplasms"},{"id":"D000014571","term":"Urologic Neoplasms"},{"id":"D000007674","term":"Kidney Diseases"},{"id":"D000014570","term":"Urologic Diseases"}],"ancestors":[{"id":"D000009375","term":"Neoplasms, Glandular and Epithelial"},{"id":"D000009371","term":"Neoplasms by Site"},{"id":"D000052776","term":"Female Urogenital Diseases"},{"id":"D000005261","term":"Female Urogenital Diseases and Pregnancy Complications"},{"id":"D000091642","term":"Urogenital Diseases"},{"id":"D000052801","term":"Male Urogenital Diseases"},{"id":"D000000230","term":"Adenocarcinoma"},{"id":"D000001943","term":"Breast Neoplasms"},{"id":"D000001941","term":"Breast Diseases"},{"id":"D000012871","term":"Skin Diseases"}],"browseLeaves":[{"id":"M10862","name":"Lung Neoplasms","relevance":"LOW"},{"id":"M5236","name":"Carcinoma, Non-Small-Cell Lung","relevance":"LOW"},{"id":"M5224","name":"Carcinoma","asFound":"Carcinoma","relevance":"HIGH"},{"id":"M4910","name":"Breast Neoplasms","relevance":"LOW"},{"id":"M10388","name":"Kidney Diseases","asFound":"Kidney Disease","relevance":"HIGH"},{"id":"M17005","name":"Urogenital Neoplasms","asFound":"Urogenital Neoplasms","relevance":"HIGH"},{"id":"M17010","name":"Urologic Neoplasms","asFound":"Urologic Neoplasms","relevance":"HIGH"},{"id":"M5238","name":"Carcinoma, Renal Cell","asFound":"Carcinoma, Renal Cell","relevance":"HIGH"},{"id":"M10393","name":"Kidney Neoplasms","asFound":"Kidney Neoplasms","relevance":"HIGH"},{"id":"M30063","name":"Triple Negative Breast Neoplasms","asFound":"Triple Negative Breast Cancer","relevance":"HIGH"},{"id":"M9038","name":"Head and Neck Neoplasms","relevance":"LOW"},{"id":"M11218","name":"Melanoma","relevance":"LOW"},{"id":"M4720","name":"Urinary Bladder Neoplasms","relevance":"LOW"},{"id":"M17009","name":"Urologic Diseases","asFound":"Urologic Diseases","relevance":"HIGH"},{"id":"M12005","name":"Neoplasms by Histologic Type","asFound":"Neoplasms by Histologic Type","relevance":"HIGH"},{"id":"M12010","name":"Neoplasms, Glandular and Epithelial","relevance":"LOW"},{"id":"M2876","name":"Urogenital Diseases","relevance":"LOW"},{"id":"M26783","name":"Female Urogenital Diseases","relevance":"LOW"},{"id":"M13817","name":"Pregnancy Complications","relevance":"LOW"},{"id":"M8089","name":"Female Urogenital Diseases and Pregnancy Complications","relevance":"LOW"},{"id":"M26785","name":"Male Urogenital Diseases","relevance":"LOW"},{"id":"M3275","name":"Adenocarcinoma","relevance":"LOW"},{"id":"M4908","name":"Breast Diseases","relevance":"LOW"},{"id":"M15364","name":"Skin Diseases","relevance":"LOW"},{"id":"T4906","name":"Renal Cell Carcinoma","asFound":"Renal Cell Carcinoma","relevance":"HIGH"},{"id":"T1341","name":"Clear Cell Renal Cell Carcinoma","relevance":"LOW"}],"browseBranches":[{"abbrev":"BC04","name":"Neoplasms"},{"abbrev":"BC08","name":"Respiratory Tract (Lung and Bronchial) Diseases"},{"abbrev":"All","name":"All Conditions"},{"abbrev":"BC17","name":"Skin and Connective Tissue Diseases"},{"abbrev":"BXS","name":"Urinary Tract, Sexual Organs, and Pregnancy Conditions"},{"abbrev":"Rare","name":"Rare Diseases"}]},"interventionBrowseModule":{"meshes":[{"id":"C000594389","term":"Atezolizumab"}],"ancestors":[{"id":"D000082082","term":"Immune Checkpoint Inhibitors"},{"id":"D000045504","term":"Molecular Mechanisms of Pharmacological Action"},{"id":"D000074322","term":"Antineoplastic Agents, Immunological"},{"id":"D000000970","term":"Antineoplastic Agents"}],"browseLeaves":[{"id":"M349350","name":"Atezolizumab","asFound":"1.5","relevance":"HIGH"},{"id":"M2343","name":"Immune Checkpoint Inhibitors","relevance":"LOW"},{"id":"M1346","name":"Antineoplastic Agents, Immunological","relevance":"LOW"}],"browseBranches":[{"abbrev":"ANeo","name":"Antineoplastic Agents"},{"abbrev":"All","name":"All Drugs and Chemicals"}]}},"hasResults":false}