{"protocolSection":{"identificationModule":{"nctId":"NCT03057327","orgStudyIdInfo":{"id":"STU00204685"},"organization":{"fullName":"Northwestern University","class":"OTHER"},"briefTitle":"Promoting Early Detection of Melanoma During the Mammography Experience","officialTitle":"Promoting Early Detection of Melanoma During the Mammography Experience"},"statusModule":{"statusVerifiedDate":"2017-10","overallStatus":"COMPLETED","expandedAccessInfo":{"hasExpandedAccess":false},"startDateStruct":{"date":"2017-03-01","type":"ACTUAL"},"primaryCompletionDateStruct":{"date":"2017-07-27","type":"ACTUAL"},"completionDateStruct":{"date":"2017-07-27","type":"ACTUAL"},"studyFirstSubmitDate":"2017-02-15","studyFirstSubmitQcDate":"2017-02-15","studyFirstPostDateStruct":{"date":"2017-02-20","type":"ACTUAL"},"lastUpdateSubmitDate":"2017-10-06","lastUpdatePostDateStruct":{"date":"2017-10-09","type":"ACTUAL"}},"sponsorCollaboratorsModule":{"responsibleParty":{"type":"PRINCIPAL_INVESTIGATOR","investigatorFullName":"June Robinson","investigatorTitle":"Research Professor of Dermatology","investigatorAffiliation":"Northwestern University"},"leadSponsor":{"name":"Northwestern University","class":"OTHER"}},"oversightModule":{"oversightHasDmc":false,"isFdaRegulatedDrug":false,"isFdaRegulatedDevice":false},"descriptionModule":{"briefSummary":"The proposed study is a pilot and feasibility study designed to develop materials to enhance early detection of melanomas among women at risk to develop melanoma due to indoor tanning, having a family history of melanoma or a personal history of melanoma.\n\nThe hypothesis of this study is that women, who are engaged in health promotion by having mammograms, will be able to assess the personal relevance of skin self-examination (SSE), be interested in learning about SSE and able to implement SSE while they are partially disrobed in the privacy of the changing room in the mammogram facility.","detailedDescription":"After patients complete the mammogram, they return to the changing room and put on their clothing. After exiting the changing room in the Lynn Sage Comprehensive Breast Center of Northwestern Medicine/Prentice Women's Hospital and as they are preparing to leave, a research assistant (RA) will screen potential participants to acquire a randomly selected convenience sample of eligible participants (n=200). The first 100 eligible subjects will be asked if they regularly check their moles for concerning features. If the response is yes, then they will be asked if they have found concerning moles and what they did next. Verbal assent will be obtained.\n\nThen the SSE materials will be placed into the changing rooms and the next 100 eligible subjects will be surveyed. The women, who found the information relevant, will be asked if they chose to check their skin while in the changing room. The skin location checked and use of the SSE kit will be ascertained. Women will be asked if they think they have a concerning mole. If the woman does not find a concerning mole, she will be asked if she intends to check her skin again. In addition, she will be asked if she intends to check the skin of family members. Women will be invited to take a brochure to help implement SSE.\n\nThe screening questions are as follows:\n\n1. During your visit for mammography, did you notice any information about checking your skin for melanoma?\n\n   ___Yes __ No\n2. Did you think this applied to you? ___Yes __ No\n3. If no, why not? (open ended)\n4. If yes, why? (open ended)\n5. Did you check your skin? (If no, please proceed to question #8)\n\n   ___Yes __ No\n6. If yes, did you notice any concerning moles?\n\n   * Yes __ No\n7. If yes, may we contact you by telephone or email in 2 weeks to see if you have made an appointment to see a dermatologist?\n\n   ___Yes __ No If yes, which way do you prefer to be contacted?\n\n   Phone _________________________(Number) Email _________________________ (Address)\n8. If no, will you consider checking your skin in the future?\n\n   ___Yes __ No\n9. If yes, may we contact you by telephone or email in 2 weeks to see if you have checked your skin for any concerning moles?\n\n   ___Yes __ No If yes, which way do you prefer to be contacted?\n\n   Phone _________________________(Number) Email _________________________ (Address)\n10. If you found any concerning moles, did you make an appointment to see a dermatologist.\n\n    * Yes __ No\n\nThe RA will record the responses. Women who checked their skin ,either today or in about 2 weeks, will be invited to participate in a survey about skin location(s) checked, use of the SSE kit, and their decision about the spot on the skin."},"conditionsModule":{"conditions":["Melanoma (Skin Cancer)"]},"designModule":{"studyType":"INTERVENTIONAL","phases":["NA"],"designInfo":{"allocation":"NON_RANDOMIZED","interventionModel":"PARALLEL","interventionModelDescription":"sequential single group","primaryPurpose":"SCREENING","maskingInfo":{"masking":"NONE"}},"enrollmentInfo":{"count":560,"type":"ACTUAL"}},"armsInterventionsModule":{"armGroups":[{"label":"comparator","type":"ACTIVE_COMPARATOR","description":"As women exit the changing are they will be asked if they regularly check their skin for concerning moles","interventionNames":["Other: Comparator"]},{"label":"Improve awareness of checking moles","type":"EXPERIMENTAL","description":"Posters, brochures, and skin self-examination kits consisting of a ruler, and a lighted magnifying lens will be placed into each of the 8 changing rooms in the mammogram facility.","interventionNames":["Behavioral: Improve awareness of checking moles"]}],"interventions":[{"type":"BEHAVIORAL","name":"Improve awareness of checking moles","description":"Intervention:\n\n1. Improve awareness Each of the eight changing rooms will have a large mirror that can be used to see the face and chest. Each room will be equipped with a poster, brochures and the SSE kit consisting of the laminated card with a ruler on one edge and the magnifying lens will be fastened to the wall on a cord.\n2. Provide education The subject may chose to read the poster and a brochure. c) A woman research assistant will perform in-person exit interviews with participants to ascertain if women noticed the poster, and found the information relevant.","armGroupLabels":["Improve awareness of checking moles"]},{"type":"OTHER","name":"Comparator","description":"Prior to placing the intervention materials into the changing rooms, 100 eligible subjects will be asked if they regularly check their moles for concerning features. If the response is yes, then they will be asked if they have found concerning moles and what they did next.","armGroupLabels":["comparator"]}]},"outcomesModule":{"primaryOutcomes":[{"measure":"Performance of SSE","description":"Checked Moles","timeFrame":"4 weeks"}],"secondaryOutcomes":[{"measure":"Questionnaire to identify concerning moles","description":"Found Concerning mole","timeFrame":"2 weeks"}],"otherOutcomes":[{"measure":"Management of decision","description":"Made appointment to see a doctor about the mole","timeFrame":"2 weeks"}]},"eligibilityModule":{"eligibilityCriteria":"Inclusion Criteria:\n\n- Qualitative research: structured interview Women 18 years of age and older, who are waiting to have a mammogram Women agree to a structured interview regarding knowledge of melanoma and awareness of melanoma risk.\n\nFollowing development of a draft of a brochure, women will agree to review a draft and provide comment during a 5 minute interview\n\n* Qualitative research: focus group Women 18 years of age and older Women with a history of regular mammograms Women with a history of indoor tanning, a personal history of skin cancer, and/or a family history of skin cancer Women willing to participate in a 60 minute focus group to assess materials to be provided during the mammogram experience\n* Quantitative research\n\nWomen 18 years of age and older who respond positively to the three screening questions:\n\nNoticed information about checking your skin for melanoma. Thought this information was applicable to them. Checked skin or will consider checking skin in the future.\n\nExclusion Criteria:\n\n* Women who are unable to see to read a newspaper, unable to read English, and who have cognitive impairment causing problems with functioning at a sixth grade reading level or inability to speak.","healthyVolunteers":true,"sex":"FEMALE","genderBased":true,"minimumAge":"18 Years","maximumAge":"70 Years","stdAges":["ADULT","OLDER_ADULT"]},"contactsLocationsModule":{"locations":[{"facility":"Northwestern Memorial Hospital","city":"Chicago","state":"Illinois","zip":"60611","country":"United States","geoPoint":{"lat":41.85003,"lon":-87.65005}}],"locations_nested":[{"facility":"Northwestern Memorial Hospital","city":"Chicago","state":"Illinois","zip":"60611","country":"United States","geoPoint":{"lat":41.85003,"lon":-87.65005}}]},"ipdSharingStatementModule":{"ipdSharing":"NO"}},"derivedSection":{"miscInfoModule":{"versionHolder":"2023-07-03","modelPredictions":{"bmiLimits":{"minBmi":0.00,"maxBmi":101.00}}},"conditionBrowseModule":{"meshes":[{"id":"D000008545","term":"Melanoma"}],"ancestors":[{"id":"D000018358","term":"Neuroendocrine Tumors"},{"id":"D000017599","term":"Neuroectodermal Tumors"},{"id":"D000009373","term":"Neoplasms, Germ Cell and Embryonal"},{"id":"D000009370","term":"Neoplasms by Histologic Type"},{"id":"D000009369","term":"Neoplasms"},{"id":"D000009380","term":"Neoplasms, Nerve Tissue"},{"id":"D000018326","term":"Nevi and Melanomas"}],"browseLeaves":[{"id":"M11218","name":"Melanoma","asFound":"Melanoma","relevance":"HIGH"},{"id":"M15371","name":"Skin Neoplasms","relevance":"LOW"},{"id":"M20185","name":"Neuroendocrine Tumors","relevance":"LOW"},{"id":"M19535","name":"Neuroectodermal Tumors","relevance":"LOW"},{"id":"M20078","name":"Neuroectodermal Tumors, Primitive","relevance":"LOW"},{"id":"M12008","name":"Neoplasms, Germ Cell and Embryonal","relevance":"LOW"},{"id":"M12005","name":"Neoplasms by Histologic Type","relevance":"LOW"},{"id":"M12015","name":"Neoplasms, Nerve Tissue","relevance":"LOW"},{"id":"M12136","name":"Nevus","relevance":"LOW"},{"id":"M12138","name":"Nevus, Pigmented","relevance":"LOW"},{"id":"M20160","name":"Nevi and Melanomas","relevance":"LOW"},{"id":"T4091","name":"Neuroendocrine Tumor","relevance":"LOW"},{"id":"T4092","name":"Neuroepithelioma","relevance":"LOW"}],"browseBranches":[{"abbrev":"BC04","name":"Neoplasms"},{"abbrev":"All","name":"All Conditions"},{"abbrev":"BC17","name":"Skin and Connective Tissue Diseases"},{"abbrev":"Rare","name":"Rare Diseases"}]},"interventionBrowseModule":{}},"hasResults":false}