{"protocolSection":{"identificationModule":{"nctId":"NCT03343145","orgStudyIdInfo":{"id":"DAGCSF_NP_III"},"organization":{"fullName":"Dong-A ST Co., Ltd.","class":"INDUSTRY"},"briefTitle":"A Study to Evaluate the Efficacy, Safety and Immunogenicity of Leucostim® Versus Neupogen® in Breast Cancer Patients","officialTitle":"A Randomized, Open-label, Active-controlled, Multi-center, Phase III Study to Evaluate the Efficacy, Safety and Immunogenicity of Leucostim® Versus Neupogen® in Breast Cancer Patients Receiving Myelosuppressive Chemotherapy"},"statusModule":{"statusVerifiedDate":"2020-12","overallStatus":"COMPLETED","expandedAccessInfo":{"hasExpandedAccess":false},"startDateStruct":{"date":"2017-01-12","type":"ACTUAL"},"primaryCompletionDateStruct":{"date":"2019-01-28","type":"ACTUAL"},"completionDateStruct":{"date":"2019-07-29","type":"ACTUAL"},"studyFirstSubmitDate":"2017-11-10","studyFirstSubmitQcDate":"2017-11-14","studyFirstPostDateStruct":{"date":"2017-11-17","type":"ACTUAL"},"lastUpdateSubmitDate":"2020-12-24","lastUpdatePostDateStruct":{"date":"2020-12-28","type":"ACTUAL"}},"sponsorCollaboratorsModule":{"responsibleParty":{"type":"SPONSOR"},"leadSponsor":{"name":"Dong-A ST Co., Ltd.","class":"INDUSTRY"}},"oversightModule":{"oversightHasDmc":false,"isFdaRegulatedDrug":false,"isFdaRegulatedDevice":false},"descriptionModule":{"briefSummary":"A study to compare the efficacy, safety and immunogenicity of Leucostim® to those of Neupogen® in patients with breast cancer intended to be treated with TAC regimen as a myelosuppressive chemotherapy.","detailedDescription":"TAC regimen (docetaxel, doxorubicin and cyclophosphamide) is recommended for the adjuvant treatment of breast cancer patients. The TAC regimen is known to lead to significant hematological toxicity and induces febrile neutropenia with a rate \\> 20%. The use of primary G-CSF prophylaxis with the TAC regimen is recommended by guidelines. e.g., by the European Organisation for Research and Treatment of Cancer as well as by the guideline on myeloid growth factors of the National Comprehensive Cancer Network.6,7 This study is to compare the efficacy, safety and immunogenicity of Leucostim® to those of Neupogen® in patients with breast cancer intended to be treated with TAC regimen as a myelosuppressive chemotherapy."},"conditionsModule":{"conditions":["Breast Cancer"],"keywords":["Neutropenia"]},"designModule":{"studyType":"INTERVENTIONAL","phases":["PHASE3"],"designInfo":{"allocation":"RANDOMIZED","interventionModel":"PARALLEL","primaryPurpose":"PREVENTION","maskingInfo":{"masking":"NONE"}},"enrollmentInfo":{"count":143,"type":"ACTUAL"}},"armsInterventionsModule":{"armGroups":[{"label":"Test Drug Group","type":"EXPERIMENTAL","description":"Leucostim 5µg/kg/day","interventionNames":["Biological: Leucostim 5µg/kg/day"]},{"label":"Reference Drug Group","type":"ACTIVE_COMPARATOR","description":"Neupogen 5µg/kg/day","interventionNames":["Biological: Neupogen 5µg/kg/day"]}],"interventions":[{"type":"BIOLOGICAL","name":"Leucostim 5µg/kg/day","description":"5µg/kg/day (based on actual body weight) Leucostim®, subcutaneously, once a day, for up to 14 days or until the target ANC of 10,000/mm3 following the expected chemotherapy-induced ANC nadir","armGroupLabels":["Test Drug Group"]},{"type":"BIOLOGICAL","name":"Neupogen 5µg/kg/day","interventionMappedName":[],"description":"5µg/kg/day (based on actual body weight) Neupogen®, subcutaneously, once a day, for up to 14 days or until the target ANC of 10,000/mm3 following the expected chemotherapy-induced ANC nadir","armGroupLabels":["Reference Drug Group"]}]},"outcomesModule":{"primaryOutcomes":[{"measure":"Mean duration of Grade 4 Neutropenia (i.e. ANC < 500/mm3) in Cycle 1","timeFrame":"Maximum of 14 Days"}],"secondaryOutcomes":[{"measure":"Depth of ANC nadir after chemotherapy in Cycle 1","timeFrame":"Maximum of 14 Days"},{"measure":"Time to ANC recovery in Cycle 1","timeFrame":"Maximum of 14 Days"},{"measure":"Incidence of febrile neutropenia in Cycle 1;","timeFrame":"Maximum of 14 Days"}],"otherOutcomes":[{"measure":"Anti-rhG-CSF antibody formation","timeFrame":"180±14d"}]},"eligibilityModule":{"eligibilityCriteria":"Inclusion Criteria:\n\n1. Willing to provide a written informed consent\n2. Men or women ≥ 18 and ≤ 70 years of age\n3. Histologically or cytologically confirmed breast cancer (Stage II to Stage IV)\n4. Be scheduled to receive TAC regimen as adjuvant therapy\n5. Subjects who meet the conditions at screening test as follows;\n\n   * Absolute Neutrophil Count (ANC) ≥ 1,500/mm3\n   * Platelet Count ≥ 100,000/mm3\n   * ECOG Performance Status : 0\\~2\n6. Adequate renal function (Creatinine ≤ 1.5 x ULN at screening test)\n7. Adequate hepatic function at screening test (Total bilirubin/AST/ALT ≤ 1.5 x ULN, ALP ≤ 2.5 x ULN at screening test)\n\nExclusion Criteria:\n\n1. Prior chemotherapy experiences\n2. Prior bone marrow or stem cell transplantation\n3. History of treatment with hematopoietic growth factors (e.g. G-CSF, peg-G-CSF, erythropoietin)\n4. History of prior malignancy other than breast cancer or surgically cured malignancies within 5 years of informed consent date\n5. Participation in any other clinical study within 4 weeks of informed consent date or planning to simultaneously participate in another clinical study\n6. Currently receiving radiation therapy or having completed radiation therapy within 4 weeks of informed consent date\n7. Active infection which may require systemic antimicrobial or antiviral therapy during the study (e.g. ANC ≥ 12,000/mm3 or Body Temperature \\> 38.2 degrees C (100.8 degrees F))\n8. History of systemic antibiotic use within 72 hours prior to chemotherapy\n9. History of hypersensitivity to the investigational product, components or similar products\n10. HIV positive\n11. Pregnant or lactating women, or women of child-bearing potential who are not willing to follow a reliable and effective contraceptive measure during the course of the study and for at least one month after the completion of the study\n12. Any other cases that is considered by the investigator as an exclusion","healthyVolunteers":false,"sex":"FEMALE","minimumAge":"18 Years","maximumAge":"70 Years","stdAges":["ADULT","OLDER_ADULT"]},"contactsLocationsModule":{"locations":[{"facility":"RSUP Dr. Hasan Sadikin","city":"Bandung","country":"Indonesia","geoPoint":{"lat":-6.92222,"lon":107.60694}}],"locations_nested":[{"facility":"RSUP Dr. Hasan Sadikin","city":"Bandung","country":"Indonesia","geoPoint":{"lat":-6.92222,"lon":107.60694}}]},"ipdSharingStatementModule":{"ipdSharing":"NO"}},"derivedSection":{"miscInfoModule":{"versionHolder":"2023-06-29","modelPredictions":{"bmiLimits":{"minBmi":0.00,"maxBmi":101.00}}},"conditionBrowseModule":{"meshes":[{"id":"D000001943","term":"Breast Neoplasms"}],"ancestors":[{"id":"D000009371","term":"Neoplasms by Site"},{"id":"D000009369","term":"Neoplasms"},{"id":"D000001941","term":"Breast Diseases"},{"id":"D000012871","term":"Skin Diseases"}],"browseLeaves":[{"id":"M4910","name":"Breast Neoplasms","asFound":"Breast Cancer","relevance":"HIGH"},{"id":"M12133","name":"Neutropenia","relevance":"LOW"},{"id":"M4908","name":"Breast Diseases","relevance":"LOW"},{"id":"M15364","name":"Skin Diseases","relevance":"LOW"},{"id":"T2606","name":"Granulocytopenia","relevance":"LOW"}],"browseBranches":[{"abbrev":"BC04","name":"Neoplasms"},{"abbrev":"BC17","name":"Skin and Connective Tissue Diseases"},{"abbrev":"All","name":"All Conditions"},{"abbrev":"BC15","name":"Blood and Lymph Conditions"},{"abbrev":"Rare","name":"Rare Diseases"}]},"interventionBrowseModule":{}},"hasResults":false}