{"protocolSection":{"identificationModule":{"nctId":"NCT03569345","orgStudyIdInfo":{"id":"EudraCT-nr: 2017-002843-14"},"organization":{"fullName":"Bispebjerg Hospital","class":"OTHER"},"briefTitle":"Basal Cell Carcinomas Treated With Ablative Fractional Laser and Ingenol Mebutate","officialTitle":"Investigation of Local Skin Reactions and Safety After Combined Treatment of Basal Cell Carcinoma Using Ablative Fractional Laser and Ingenol Mebutate - an Exploratory, Prospective, Open-label Phase 2a Trial."},"statusModule":{"statusVerifiedDate":"2018-07","overallStatus":"COMPLETED","expandedAccessInfo":{"hasExpandedAccess":false},"startDateStruct":{"date":"2017-11-17","type":"ACTUAL"},"primaryCompletionDateStruct":{"date":"2018-05-18","type":"ACTUAL"},"completionDateStruct":{"date":"2018-05-18","type":"ACTUAL"},"studyFirstSubmitDate":"2018-06-15","studyFirstSubmitQcDate":"2018-06-15","studyFirstPostDateStruct":{"date":"2018-06-26","type":"ACTUAL"},"lastUpdateSubmitDate":"2018-07-07","lastUpdatePostDateStruct":{"date":"2018-07-10","type":"ACTUAL"}},"sponsorCollaboratorsModule":{"responsibleParty":{"type":"SPONSOR_INVESTIGATOR","investigatorFullName":"Merete Haedersdal","investigatorTitle":"Professor, Senior Consultant, PhD, DMSc","investigatorAffiliation":"Bispebjerg Hospital"},"leadSponsor":{"name":"Merete Haedersdal","class":"OTHER"},"collaborators":[{"name":"LEO Pharma","class":"INDUSTRY"}]},"oversightModule":{"oversightHasDmc":true,"isFdaRegulatedDrug":false,"isFdaRegulatedDevice":false},"descriptionModule":{"briefSummary":"A prospective clinical, uncontrolled, open-label, explorative phase 2a trial on patients with histologically-confirmed superficial and nodular basal cell carcinoma (BCC). The study assesses tolerability and tumor clearance after laser-assisted topical delivery of topical ingenol mebutate.","detailedDescription":"Patients will receive ablative fractional laser (AFXl)-assisted ingenol mebutate (IM) as a treatment for their cutaneous basal cell carcinoma (BCC). Treatment areas consisting of tumors and a 5 mm margin will undergo AFXl exposure (CO2 laser) followed by IM 0.015% or 0.05% under occlusion for 2-3 days. .\n\nlocal skin reactions are monitored at baseline (day1), day 3/4, day 8, day 15, day 29, day 90, and tumor response monitored at baseline, day 29, and day 90. An additional repeat AFXl-IM treatment on day 29 will be offered if tumors persist, based on clinical evaluation and imaging on day 30.\n\nPrimary outcome:\n\n1. severity and duration of clinical local skin reactions including erythema, scaling, edema, blistering, erosion/ulceration and crusting using a 0-4-point scale at all visits from baseline to day 90.\n2. To monitor BCC tumor response on clinical assessments supported by non-invasive imaging techniques including optical coherence tomography (OCT) and reflectance confocal microscopy (RCM) at baseline, day 29 and day 90."},"conditionsModule":{"conditions":["Carcinoma, Basal Cell"]},"designModule":{"studyType":"INTERVENTIONAL","phases":["PHASE1","PHASE2"],"designInfo":{"allocation":"NA","interventionModel":"SINGLE_GROUP","primaryPurpose":"TREATMENT","maskingInfo":{"masking":"NONE"}},"enrollmentInfo":{"count":20,"type":"ACTUAL"}},"armsInterventionsModule":{"armGroups":[{"label":"Arm","type":"EXPERIMENTAL","description":"Basal cell carcinoma (BCC) patients Patients (\\>18 pr) with histologically-verified superficial or nodular basal cell carcinoma (\\<20 mm on face/scalp, \\<50 mm on trunk/extremities)","interventionNames":["Drug: AFXl-assisted ingenol mebutate delivery"]}],"interventions":[{"type":"DRUG","name":"AFXl-assisted ingenol mebutate delivery","interventionMappedName":[],"description":"Patients will receive ablative fractional laser (AFXl)-assisted ingenol mebutate (IM) as a treatment for their cutaneous basal cell carcinoma (BCC). Treatment areas consisting of tumors and a 5 mm margin will undergo AFXl exposure (CO2 laser) followed by IM 0.015% or 0.05% under occlusion for 2-3 days. .\n\nlocal skin reactions are monitored at baseline (day1), day 3/4, day 8, day 15, day 29, day 90, and tumor response monitored at baseline, day 29, and day 90. An additional repeat AFXl-IM treatment on day 29 will be offered if tumors persist, based on clinical evaluation and imaging on day 30.","armGroupLabels":["Arm"]}]},"outcomesModule":{"primaryOutcomes":[{"measure":"Change in occurrence of local skin reactions","description":"Non-blinded, clinical evaluation of local erythema, edema, flaking, crusting/scabbing, pustulation, scarring, hypo(hyperpigmentation, infection in treated areas will be performed by physician using an FDA-approved 0-4 point lsr scale at day 1, 3/4, 8, 15, 29 and 90 after AFXl exposure. Standardized, clinical photographs are taken to document skin reactions at each visit","timeFrame":"0-90 days"}],"secondaryOutcomes":[{"measure":"Tumor response clinically","description":"Tumor clearance (yes or no) will be evaluated clinically at baseline, at day 29 and day 90. If residual tumor is identified at day 90 patients will receive conventional treatment according to national guidelines.","timeFrame":"baseline, day 29, day 90"},{"measure":"Tumor response by imaging techniques","description":"Clearance (yes or no) will be evaluated using non-invasive reflectance confocal microscopy and optical coherence tomography at baseline, day 30 and day 90.f residual tumor is identified at day 90 patients will receive conventional treatment according to national guidelines.","timeFrame":"baseline, day 29, day 90"},{"measure":"Tumor response - histology","description":"HIstological verification of tumor clearance will be performed at day 90 after first treatment using tissue sections from a punch biopsy (up to 4 mm). If residual tumor is identified at day 90 patients will receive conventional treatment according to national guidelines.","timeFrame":"At day 90"}]},"eligibilityModule":{"eligibilityCriteria":"Inclusion Criteria:\n\nSubjects who meet all of the following criteria are eligible to participate in this study\n\n* Patients with histologically verified, low-risk, previously untreated superficial or nodular BCCs on the scalp, face, extremities or trunk\n* \\> 18 years of age at baseline\n* Legally competent, able to give verbal and written consent\n* Communicate in Danish verbally as well as in writing\n* Subject in good general health, is willing to participate and able to give informed consent, and can comply with protocol requirements.\n* Fitzpatrick skin phototype I-III\n* Female subjects of childbearing potential must be confirmed not pregnant by a negative urine pregnancy test prior to trial treatment.\n\nExclusion Criteria:\n\nSubjects meeting any one of the following criteria are not eligible to participate in this study\n\n* Patients with\n\n  o High-risk BCC\n* Tumors on the following anatomical locations:\n\n  * Midface region\n  * Orbital areas\n  * Ears\n* ii. Size:\n* \\> 20 mm in facial/scalp areas\n* \\> 50 mm in non-facial/non-scalp areas\n\n  * Subtype:\n  * Morpheaform\n  * Medical history\n* Gorlin syndrome\n\n  o Immunosuppressive medication\n* Subjects with a known allergy to IM.\n* Individuals with other skin diseases in the area of research interest\n* Subjects with tattoo in the treatment area which may interfere with or confound evaluation of the study\n* Subjects with a history of keloids which is deemed clinically relevant in the opinion of the investigator\n* Subjects with Fitzpatrick skin phototype IV-VI\n* Lactating or pregnant women","healthyVolunteers":false,"sex":"ALL","minimumAge":"18 Years","stdAges":["ADULT","OLDER_ADULT"]},"contactsLocationsModule":{"locations":[{"facility":"Department of Dermtology, Bispebjerg University Hospital, Copenhagen, Denmark","city":"Copenhagen","zip":"2400","country":"Denmark","geoPoint":{"lat":55.67594,"lon":12.56553}}],"locations_nested":[{"facility":"Department of Dermtology, Bispebjerg University Hospital, Copenhagen, Denmark","city":"Copenhagen","zip":"2400","country":"Denmark","geoPoint":{"lat":55.67594,"lon":12.56553}}]},"ipdSharingStatementModule":{"ipdSharing":"UNDECIDED"}},"derivedSection":{"miscInfoModule":{"versionHolder":"2023-06-29","modelPredictions":{"bmiLimits":{"minBmi":0.00,"maxBmi":101.00}}},"conditionBrowseModule":{"meshes":[{"id":"D000002277","term":"Carcinoma"},{"id":"D000002280","term":"Carcinoma, Basal Cell"}],"ancestors":[{"id":"D000009375","term":"Neoplasms, Glandular and Epithelial"},{"id":"D000009370","term":"Neoplasms by Histologic Type"},{"id":"D000009369","term":"Neoplasms"},{"id":"D000018295","term":"Neoplasms, Basal Cell"}],"browseLeaves":[{"id":"M5224","name":"Carcinoma","asFound":"Carcinoma","relevance":"HIGH"},{"id":"M5227","name":"Carcinoma, Basal Cell","asFound":"Carcinoma, Basal Cell","relevance":"HIGH"},{"id":"M12010","name":"Neoplasms, Glandular and Epithelial","relevance":"LOW"},{"id":"M12005","name":"Neoplasms by Histologic Type","relevance":"LOW"},{"id":"M20129","name":"Neoplasms, Basal Cell","relevance":"LOW"}],"browseBranches":[{"abbrev":"BC04","name":"Neoplasms"},{"abbrev":"All","name":"All Conditions"}]},"interventionBrowseModule":{}},"hasResults":false}