{"protocolSection":{"identificationModule":{"nctId":"NCT00001493","orgStudyIdInfo":{"id":"960007"},"secondaryIdInfos":[{"id":"96-C-0007"}],"organization":{"fullName":"National Institutes of Health Clinical Center (CC)","class":"NIH"},"briefTitle":"Antimetabolite Induction, High-Dose Alkylating Agent Consolidation and Retroviral Transduction of the MDR1 Gene Into Peripheral Blood Progenitor Cells Followed by Intensification Therapy With Sequential Paclitaxel and Doxorubicin for Stage 4 Breast Cancer","officialTitle":"Antimetabolite Induction, High-Dose Alkylating Agent Consolidation and Retroviral Transduction of the MDR1 Gene Into Peripheral Blood Progenitor Cells Followed by Intensification Therapy With Sequential Paclitaxel and Doxorubicin for Stage 4 Breast Cance"},"statusModule":{"statusVerifiedDate":"1999-08","overallStatus":"COMPLETED","expandedAccessInfo":{"hasExpandedAccess":false},"startDateStruct":{"date":"1995-10"},"completionDateStruct":{"date":"2000-06"},"studyFirstSubmitDate":"1999-11-03","studyFirstSubmitQcDate":"2002-12-09","studyFirstPostDateStruct":{"date":"2002-12-10","type":"ESTIMATED"},"lastUpdateSubmitDate":"2008-03-03","lastUpdatePostDateStruct":{"date":"2008-03-04","type":"ESTIMATED"}},"sponsorCollaboratorsModule":{"leadSponsor":{"name":"National Cancer Institute (NCI)","class":"NIH"}},"oversightModule":{},"descriptionModule":{"briefSummary":"This study examines the feasibility of using gene therapy to prevent some of the toxicities of an intensive chemotherapy regimen in patients with metastatic breast cancer. Patients who do not wish to participate in the gene therapy procedures will be offered identical chemotherapy on a different protocol. Patients will be treated initially with chemotherapy which is active against breast cancer, but which has a low potential to hurt blood-forming cells. Then, the patient will receive high dose chemotherapy, during which time blood cells which are capable of rebuilding patients' bone marrows will be removed from the patients' bloodstream. We will use these blood cell collections to isolate peripheral blood progenitor cells (PBPCs), those cells which are thought to be the forbears of all other blood cells.\n\nA portion of the PBPCs will be exposed to a disabled virus which either carries genetic material referred to as the multidrug resistance gene (MDR1). The virus will transfer the MDR1 gene into a portion of the patient's PBPCs. The purpose of putting the MDR1 gene into the patients' PBPCs is to try to make these blood cells and their offspring resistant to the toxic effects of certain types of breast cancer chemotherapy. The MDR1 protein (Pgp) that is made from the MDR1 gene makes cells resistant to chemotherapy in laboratory systems by pumping the drug out of cells before the drug is able to kill the cell. Another portion of the patients PBPCs will be exposed to a similar disabled virus carrying a different gene called the NeoR gene. The NeoR gene should not change the effects of chemotherapy on blood forming cells. The purpose of using the NeoR gene is that it will serve as a point of comparison, to see if the presence of the MDR1 drug resistance gene really helps blood forming cells withstand subsequent chemotherapy.\n\nPatients are then treated with a very high dose of another anti-breast cancer drug, one that is very toxic to bone marrow cells, and patients will then receive the frozen PBPCs, which contain the new genes, to help them recover from the chemotherapy. After recovery, patients will then be treated with high doses of paclitaxel (Taxol) and doxorubicin (Adriamycin) chemotherapy. Both of these drugs are very active against breast cancer, and the MDR1 gene may potentially protect bone marrow cells against these drugs. Samples of peripheral blood cells will be obtained before each of these doses of chemotherapy to determine whether the number of blood cells that contain the MDR1 gene in comparison to the number that contain the NeoR gene has increased in response to the chemotherapy.","detailedDescription":"This pilot trial will determine whether retroviral-transduced peripheral blood progenitor cells (PBPCs) can be selected and expanded in vivo after non-ablative chemotherapy in patients with metastatic breast cancer. It will also examine the feasibility of administering induction high-dose therapy with antimetabolites, followed with consolidation using high-dose single alkylating agent therapy and finally intensification therapy with sequential cycles of very high doses of the natural product breast cancer chemotherapeutic agents (paclitaxel followed by doxorubicin).\n\nPatients will receive induction therapy with antimetabolite agents (methotrexate, leucovorin and 5-fluorouracil) for two to four cycles. Patients will then receive consolidation therapy with two cycles of high-dose alkylating agents. First, patients will receive one cycle of high-dose cyclophosphamide administered with growth factor support. PBPCs will be harvested during the recovery phase of the cyclophosphamide cycle.\n\nOne-half of the cells to be reinfused will be transduced with a retroviral vector containing the gene for the multidrug resistance protein (MDRI in vector G1MD) and the other half will be transduced with a vector containing the neomycin resistance gene (NeoR in vector G1Na.40). Both of these vectors have previously been approved by the Recombinant DNA Advisory Committee for PBPC transduction in Medicine Branch protocols.\n\nThe next cycle will consist of high-dose single agent thiotepa. Hematopoietic stem cells mobilized and collected during the previous cyclophosphamide cycle and transduced with the retroviral vectors will be reinfused following treatment with thiotepa to augment recovery of bone marrow function. After recovery, intensification with natural product chemotherapy will be administered, consisting of four cycles of paclitaxel given as a 24-hour infusion followed by four cycles of single agent doxorubicin. Peripheral blood mononuclear cells will be monitored following each cycle of paclitaxel and doxorubicin for the presence of the MDRI and NeoR transgenes. The ration of the levels of MDRI to NeoR transgenes in peripheral blood will determine whether in vivo expansion of the PBPCs containing the selectable MDRI marker has been achieved.\n\nThis protocol combines several highly active chemotherapeutic agents in an attempt to improve upon response rates achieved with current combinations. Patients who do not wish to participate in the gene therapy procedures will be offered identical chemotherapy in a different protocol."},"conditionsModule":{"conditions":["Breast Neoplasms","Neoplasm Metastasis"],"keywords":["Dose Intensity","Gene Therapy","Multidrug Resistance"]},"designModule":{"studyType":"INTERVENTIONAL","phases":["PHASE2"],"designInfo":{"primaryPurpose":"TREATMENT"},"enrollmentInfo":{"count":42}},"armsInterventionsModule":{"interventions":[{"type":"GENETIC","name":"peripheral blood progenitor cells carrying MDR1"}]},"eligibilityModule":{"eligibilityCriteria":"Patients with stage IV breast cancer are eligible provided they have not received chemotherapy for metastatic disease. Patients with stage IV breast cancer who have received prior adjuvant chemotherapy are eligible.\n\nPatients who have received prior doxorubicin therapy will be eligible. Patients who have received a lifetime doxorubicin dose greater than 550 mg/m(2) or who have an initial MUGA ejection fraction of between 40% and less than 50% will receive vinblastine instead of doxorubicin.\n\nAge greater than or equal to 18.\n\nECOG performance status of 0-2.\n\nAdequate cardiac function as defined by an LVEF greater than or equal to 40% on MUGA scan or an echocardiogram which demonstrates normal LV function.\n\nAdequate hematologic function with neutrophils greater than 1,200/mm(3) and platelets less than 100,000/mm(3) unless due to metastatic bone marrow involvement.\n\nAdequate renal and hepatic function with creatinine less than 2.0 mg/dl, bilirubin less than 1.8 mg/dl, and hepatic transaminases less than 2 times the upper limit of normal unless due to metastatic cancer.\n\nA 12-24 hour creatinine clearance greater than 50 ml/min.\n\nNo prior chemotherapy or radiation therapy within 3 weeks before starting protocol therapy and patients must have recovered from any toxicity from any prior therapy.","healthyVolunteers":false,"sex":"ALL","stdAges":["CHILD","ADULT","OLDER_ADULT"]},"contactsLocationsModule":{"locations":[{"facility":"National Cancer Institute (NCI)","city":"Bethesda","state":"Maryland","zip":"20892","country":"United States","geoPoint":{"lat":38.98067,"lon":-77.10026}}],"locations_nested":[{"facility":"National Cancer Institute (NCI)","city":"Bethesda","state":"Maryland","zip":"20892","country":"United States","geoPoint":{"lat":38.98067,"lon":-77.10026}}]}},"derivedSection":{"miscInfoModule":{"versionHolder":"2023-07-03","modelPredictions":{"bmiLimits":{"minBmi":0.00,"maxBmi":101.00}}},"conditionBrowseModule":{"meshes":[{"id":"D000009369","term":"Neoplasms"},{"id":"D000009362","term":"Neoplasm Metastasis"},{"id":"D000001943","term":"Breast Neoplasms"}],"ancestors":[{"id":"D000009385","term":"Neoplastic Processes"},{"id":"D000010335","term":"Pathologic Processes"},{"id":"D000009371","term":"Neoplasms by Site"},{"id":"D000001941","term":"Breast Diseases"},{"id":"D000012871","term":"Skin Diseases"}],"browseLeaves":[{"id":"M4910","name":"Breast Neoplasms","asFound":"Breast Neoplasms","relevance":"HIGH"},{"id":"M11997","name":"Neoplasm Metastasis","asFound":"Neoplasm Metastasis","relevance":"HIGH"},{"id":"M12020","name":"Neoplastic Processes","relevance":"LOW"},{"id":"M4908","name":"Breast Diseases","relevance":"LOW"},{"id":"M15364","name":"Skin Diseases","relevance":"LOW"},{"id":"T5023","name":"Rigid Spine Syndrome","relevance":"LOW"}],"browseBranches":[{"abbrev":"BC04","name":"Neoplasms"},{"abbrev":"BC17","name":"Skin and Connective Tissue Diseases"},{"abbrev":"All","name":"All Conditions"},{"abbrev":"BC23","name":"Symptoms and General Pathology"},{"abbrev":"Rare","name":"Rare Diseases"}]},"interventionBrowseModule":{"browseLeaves":[{"id":"M19227","name":"Paclitaxel","relevance":"LOW"},{"id":"M7182","name":"Doxorubicin","relevance":"LOW"},{"id":"M227283","name":"Liposomal doxorubicin","relevance":"LOW"},{"id":"M231","name":"Albumin-Bound Paclitaxel","relevance":"LOW"},{"id":"M3971","name":"Antimetabolites","relevance":"LOW"},{"id":"M3510","name":"Alkylating Agents","relevance":"LOW"}],"browseBranches":[{"abbrev":"ANeo","name":"Antineoplastic Agents"},{"abbrev":"All","name":"All Drugs and Chemicals"}]}},"hasResults":false}