{"protocolSection":{"identificationModule":{"nctId":"NCT03919682","orgStudyIdInfo":{"id":"2014P002688"},"organization":{"fullName":"Brigham and Women's Hospital","class":"OTHER"},"briefTitle":"Promoting Early Detection of Breast Cancer in Rural Rwanda: Impact of Community Health Worker and Nurse Training","officialTitle":"Promoting Early Detection of Breast Cancer in Rural Rwanda: Impact of a Community Health Worker and Health Center Nurse Training Program","acronym":"BCED"},"statusModule":{"statusVerifiedDate":"2021-08","overallStatus":"COMPLETED","expandedAccessInfo":{"hasExpandedAccess":false},"startDateStruct":{"date":"2015-04-18","type":"ACTUAL"},"primaryCompletionDateStruct":{"date":"2017-04-17","type":"ACTUAL"},"completionDateStruct":{"date":"2017-04-17","type":"ACTUAL"},"studyFirstSubmitDate":"2019-04-12","studyFirstSubmitQcDate":"2019-04-15","studyFirstPostDateStruct":{"date":"2019-04-18","type":"ACTUAL"},"lastUpdateSubmitDate":"2021-08-23","lastUpdatePostDateStruct":{"date":"2021-08-26","type":"ACTUAL"}},"sponsorCollaboratorsModule":{"responsibleParty":{"type":"PRINCIPAL_INVESTIGATOR","investigatorFullName":"Lydia Pace, MD, MPH","investigatorTitle":"Assistant Professor of Medicine","investigatorAffiliation":"Brigham and Women's Hospital"},"leadSponsor":{"name":"Brigham and Women's Hospital","class":"OTHER"},"collaborators":[{"name":"Breast Cancer Research Foundation","class":"OTHER"},{"name":"University of Pennsylvania","class":"OTHER"},{"name":"Partners in Health","class":"OTHER"},{"name":"Ministry of Health, Rwanda","class":"OTHER_GOV"}]},"oversightModule":{"oversightHasDmc":false,"isFdaRegulatedDrug":false,"isFdaRegulatedDevice":false},"descriptionModule":{"briefSummary":"This project proposes a pilot intervention in Burera District to train rural Rwandan community health workers (CHWs) in breast awareness, and to train primary care nurses at rural health centers in the assessment and management of breast complaints, with a focus on when patients must be urgently referred for more advanced evaluation. The project will randomize health centers to receive the intervention and will evaluate the impact of these trainings on nurse and CHW knowledge and skills. In order to help Rwanda prepare for national early detection efforts, the investigators will also assess the impact of these trainings on patient volume at the health center level, and visits and further diagnostic testing at the district hospital level. The investigators will also examine the impact on the length of diagnostic delays experienced by patients with a breast problem. Among those patients diagnosed with breast cancer, the investigators will also assess their stage at diagnosis."},"conditionsModule":{"conditions":["Breast Cancer"],"keywords":["early detection","Rwanda"]},"designModule":{"studyType":"INTERVENTIONAL","phases":["NA"],"designInfo":{"allocation":"RANDOMIZED","interventionModel":"PARALLEL","primaryPurpose":"HEALTH_SERVICES_RESEARCH","maskingInfo":{"masking":"NONE"}},"enrollmentInfo":{"count":1203,"type":"ACTUAL"}},"armsInterventionsModule":{"armGroups":[{"label":"Training, Phase 1","type":"EXPERIMENTAL","description":"Community health workers and nurses affiliated with 7 health centers received the breast cancer early detection trainings in April-May 2015","interventionNames":["Other: Experimental: Training, Phase 1"]},{"label":"Training, Phase 2","type":"EXPERIMENTAL","description":"Community health workers and nurses affiliated with 7 health centers received the breast cancer early detection trainings in November-December 2015","interventionNames":["Other: Experimental: Training, Phase 2"]},{"label":"Control","type":"NO_INTERVENTION","description":"6 health centers served as controls and did not receive training during the study period"}],"interventions":[{"type":"OTHER","name":"Experimental: Training, Phase 1","description":"Weeklong training in signs, symptoms and treatability of breast cancer, performance of clinical breast exam, and structured algorithms for management of breast complaints followed by regular mentorship for health center nurses. CHWs received a one-day training in breast awareness and how to educate communities about breast health.","armGroupLabels":["Training, Phase 1"]},{"type":"OTHER","name":"Experimental: Training, Phase 2","description":"Weeklong training in signs, symptoms and treatability of breast cancer, performance of clinical breast exam, and structured algorithms for management of breast complaints followed by regular mentorship for health center nurses. CHWs received a one-day training in breast awareness and how to educate communities about breast health.","armGroupLabels":["Training, Phase 2"]}]},"outcomesModule":{"primaryOutcomes":[{"measure":"Health center nurse knowledge","description":"Nurses' knowledge will be assessed through written tests administered immediately before and immediately after trainings, and delayed post-tests administered 3 to 6 months after training. The investigators will use an adapted instrument that incorporates the Breast Cancer Knowledge Test and other surveys to assess clinician knowledge about breast cancer risk, signs and symptoms, and treatability. Questions were developed through review of existing instruments used in the United States, Mexico, the United Kingdom, and Nigeria, and expert input, feedback from clinical colleagues in Rwanda, and pilot testing with Rwandan hospital-based nurses. We will assess each nurse's overall test score as the total percentage of questions correct and assess scores within specific knowledge domains. The more questions answered correctly and the higher the score, the better the outcome (the score represents the percent of questions answered correctly).","timeFrame":"up to 6 months"},{"measure":"Community health worker knowledge","description":"CHWs' knowledge will be assessed through written tests administered immediately before and immediately after trainings, and delayed post-tests administered 3 to 6 months after training. The investigators will use an adapted instrument that incorporates the Breast Cancer Knowledge Test and other surveys to assess clinician knowledge about breast cancer risk, signs and symptoms, and treatability. Questions were developed through review of existing instruments used in the United States, Mexico, the United Kingdom, and Nigeria, and expert input, feedback from clinical colleagues in Rwanda, and pilot testing with Rwandan hospital-based nurses. We will assess each CHW's overall test score as the total percentage of questions correct and assess scores within specific knowledge domains. The more questions answered correctly and the higher the score, the better the outcome (the score represents the percent of questions answered correctly).","timeFrame":"up to 6 months"},{"measure":"Health center nurse clinical skills","description":"Nurses' performance scores on clinical breast exam checklists that assess completion of the steps required for high-quality clinical breast exam and are based on other published checklists adapted to the rural Rwandan setting. CBE materials were based on CBE guidelines and published and unpublished curricula adapted to our setting. During her regular health center visits, the breast health mentor will assess nurses' clinical skills in their clinics by using a checklist that includes the same questions as the pre- and post-test assessment form. When possible, the mentor will assess individual nurses by using the same checklist two or more times during a given clinical session, including one at the beginning of a session. We will analyze checklists completed between May 2015 and September 2016. The more actions performed correctly and the higher the score, the better the outcome (the score represents the percent of actions performed correctly).","timeFrame":"up to 16 months"}],"secondaryOutcomes":[{"measure":"Health center volume","description":"Number of patients per month with breast concerns presenting at health centers before versus after the intervention, and compared with control health centers.","timeFrame":"30 months"},{"measure":"District hospital referrals","description":"Number of patients from intervention health centers requiring referral to the district hospital before versus after the intervention, and compared with patients from control health centers.","timeFrame":"30 months"},{"measure":"Breast ultrasounds","description":"Number of patients from intervention health centers requiring ultrasound before versus after the intervention, and compared with patients from control health centers","timeFrame":"30 months"},{"measure":"Breast biopsy","description":"Number of patients from intervention health centers requiring breast biopsy before versus after the intervention, and compared with patients from control health centers.","timeFrame":"30 months"},{"measure":"Patient delays","description":"Among patients referred from intervention versus control health centers to the hospital for breast concerns, length of time experienced between onset of symptoms and first presentation to a health center.","timeFrame":"24 months"},{"measure":"System delays","description":"Among patients referred from intervention versus control health centers to the hospital for breast concerns, length of time experienced between first presentation at a health center and first presentation at the hospital.","timeFrame":"24 months"},{"measure":"Breast cancer detection rate","description":"Among patients referred to the hospital from intervention health centers, proportion diagnosed with breast cancer compared to the proportion among those referred from control health centers, and the proportion from intervention health centers before the trainings.","timeFrame":"30 months"},{"measure":"Breast cancer stage","description":"Among patients diagnosed with breast cancer from intervention health centers, the AJCC versus 7 clinical breast cancer stage documented in hospital medical records. The investigators will compare the proportion of patients presenting with Stage I or II stage disease to the proportion with stage I or II disease among those referred from control health centers, and those from intervention health centers before the trainings.","timeFrame":"30 months"}]},"eligibilityModule":{"eligibilityCriteria":"Inclusion Criteria\n\n* Community health workers or health center nurses affiliated with a designated intervention health center\n* Interested in participating\n\nExclusion Criteria\n\n* Not interested in participating\n* Not available for training","healthyVolunteers":false,"sex":"ALL","stdAges":["CHILD","ADULT","OLDER_ADULT"]}},"derivedSection":{"miscInfoModule":{"versionHolder":"2023-06-29","modelPredictions":{"bmiLimits":{"minBmi":0.00,"maxBmi":101.00}}},"conditionBrowseModule":{"meshes":[{"id":"D000001943","term":"Breast Neoplasms"}],"ancestors":[{"id":"D000009371","term":"Neoplasms by Site"},{"id":"D000009369","term":"Neoplasms"},{"id":"D000001941","term":"Breast Diseases"},{"id":"D000012871","term":"Skin Diseases"}],"browseLeaves":[{"id":"M4910","name":"Breast Neoplasms","asFound":"Breast Cancer","relevance":"HIGH"},{"id":"M4908","name":"Breast Diseases","relevance":"LOW"},{"id":"M15364","name":"Skin Diseases","relevance":"LOW"}],"browseBranches":[{"abbrev":"BC04","name":"Neoplasms"},{"abbrev":"BC17","name":"Skin and Connective Tissue Diseases"},{"abbrev":"All","name":"All Conditions"}]},"interventionBrowseModule":{}},"hasResults":false}