{"protocolSection":{"identificationModule":{"nctId":"NCT00001468","orgStudyIdInfo":{"id":"950085"},"secondaryIdInfos":[{"id":"95-HG-0085"}],"organization":{"fullName":"National Institutes of Health Clinical Center (CC)","class":"NIH"},"briefTitle":"Outcomes of Education and Counseling for BRCA1 Testing","officialTitle":"Outcomes of Education and Counseling for BRCA1 or BRCA2 Testing"},"statusModule":{"statusVerifiedDate":"2000-02","overallStatus":"COMPLETED","expandedAccessInfo":{"hasExpandedAccess":false},"startDateStruct":{"date":"1995-03"},"completionDateStruct":{"date":"2001-02"},"studyFirstSubmitDate":"1999-11-03","studyFirstSubmitQcDate":"2002-12-09","studyFirstPostDateStruct":{"date":"2002-12-10","type":"ESTIMATED"},"lastUpdateSubmitDate":"2008-03-03","lastUpdatePostDateStruct":{"date":"2008-03-04","type":"ESTIMATED"}},"sponsorCollaboratorsModule":{"leadSponsor":{"name":"National Human Genome Research Institute (NHGRI)","class":"NIH"}},"oversightModule":{},"descriptionModule":{"briefSummary":"This study will identify how personal beliefs, values and family experiences affect a person's decision as to whether or not to be tested for changes in a gene called BRCA1 or BRCA2. Changes in these genes are associated with a significantly increased risk of breast and ovarian cancer in women, a slightly higher risk of prostate cancer in men, and a slightly higher risk of colon cancer in both men and women.\n\nFamilies enrolled in the National Cancer Institute's familial cancer research project who also participated in a telephone survey (protocol 78-C-0039) regarding their level of interest in BRCA1/2 testing results may be eligible for this study.\n\nAll participants will complete a 20- to 30-minute questionnaire assessing knowledge, risk perception and personality traits, and will participate in an education session to review the following:\n\n* Information about their individual cancer risk, based on family history\n* Potential benefits and risks (medical, psychological and social) of BRCA1/2 testing, both for those who test positive and those who test negative\n* Overview of DNA testing (what is done and how accurate it may or may not be)\n* Medical management options for those at increased risk for breast and ovarian cancer\n* Environmental cancer risk factors\n* Instruction in breast self-examination\n\nParticipants will then be asked whether or not they want to undergo BRCA1/2 testing\n\nThose who want to be tested will be divided into two groups to compare counseling methods (client-centered vs. counselor-driven counseling). A small blood sample (2 to 3 tablespoons) will be drawn for genetic analysis. Test results will be provided in person at a second visit-this may take 6 months or more. A follow-up telephone call 2 weeks after receipt of the test results will address participants' questions and provide support. During a third visit, scheduled 6 months after receipt of the test results, participants will complete questionnaires evaluating mood, attitude, self-esteem, family interactions, cancer screening practices, and other factors. Finally, 1 year after receipt of the test results, participants will be contacted by telephone and asked about their feelings about the test and its outcome.\n\nIndividuals who choose not to have gene testing will not participate in any in-person sessions after the initial visit. They will be followed with no more than two telephone interviews to assess their feelings and attitudes related to their decision not to be tested.\n\nIndividuals may reconsider and change their mind at any time regarding their decision-whether to be tested or not.\n\nThe results of the study will help experts devise the most effective methods of educating and counseling people at high risk for having an altered BRCA1/2 gene.","detailedDescription":"Women at increased risk for developing breast and/or ovarian cancer and their first degree relatives will be offered BRCA1/2 gene testing. This study proposes to evaluate psychological and behavioral aspects of their decision-making and the outcomes of the testing process. Knowledge and expectations will be assessed initially, followed by pre-test psychological assessment and an in person education and counseling session. Participants will be presented the choice of whether or not to undergo BRCA1/2 testing. Notification of test results will occur in person along with discussion of available surveillance options. Telephone interviews will assess psychological and behavioral outcome measures at 6 and/or twelve month time points. Aspects of this research endeavor have been designed to complement an NHGRI/NCI extramural consortium and an NHGRI/NCI intramural collaboration both of which will address various aspects of risk notification and follow-up for hereditary breast, ovarian and colon cancer."},"conditionsModule":{"conditions":["Breast Neoplasms","Ovarian Neoplasms"],"keywords":["Behavioral and Attitudinal Changes","Breast Cancer","High Risk Families","Inherited Susceptibility","Psychological Responses to Risk"]},"designModule":{"studyType":"OBSERVATIONAL","enrollmentInfo":{"count":1500}},"eligibilityModule":{"eligibilityCriteria":"Participants will be drawn from the families enrolled by Drs. Peggy Tucker and Jeff Struewing in the GEB of NCI (protocol 78-C-0039).\n\nIndividual with a family history of verified breast and/or ovarian cancer that includes;\n\n1. two cases of ovarian cancer in first degree relatives, or\n2. three cases of breast cancer and at least one case of ovarian cancer (two of which have to be first degree relatives), or\n3. at least four cases of breast cancer.","healthyVolunteers":false,"sex":"ALL","stdAges":["CHILD","ADULT","OLDER_ADULT"]},"contactsLocationsModule":{"locations":[{"facility":"National Human Genome Research Institute (NHGRI)","city":"Bethesda","state":"Maryland","zip":"20892","country":"United States","geoPoint":{"lat":38.98067,"lon":-77.10026}}],"locations_nested":[{"facility":"National Human Genome Research Institute (NHGRI)","city":"Bethesda","state":"Maryland","zip":"20892","country":"United States","geoPoint":{"lat":38.98067,"lon":-77.10026}}]},"referencesModule":{"references":[{"pmid":"8352830","type":"BACKGROUND","citation":"Biesecker BB, Boehnke M, Calzone K, Markel DS, Garber JE, Collins FS, Weber BL. Genetic counseling for families with inherited susceptibility to breast and ovarian cancer. JAMA. 1993 Apr 21;269(15):1970-4. Erratum In: JAMA 1993 Aug 18;270(7):832."},{"pmid":"8173067","type":"BACKGROUND","citation":"Lerman C, Schwartz M. Adherence and psychological adjustment among women at high risk for breast cancer. Breast Cancer Res Treat. 1993 Nov;28(2):145-55. doi: 10.1007/BF00666427."}]}},"derivedSection":{"miscInfoModule":{"versionHolder":"2023-06-29","modelPredictions":{"bmiLimits":{"minBmi":0.00,"maxBmi":101.00}}},"conditionBrowseModule":{"meshes":[{"id":"D000009369","term":"Neoplasms"},{"id":"D000001943","term":"Breast Neoplasms"},{"id":"D000010051","term":"Ovarian Neoplasms"}],"ancestors":[{"id":"D000009371","term":"Neoplasms by Site"},{"id":"D000001941","term":"Breast Diseases"},{"id":"D000012871","term":"Skin Diseases"},{"id":"D000004701","term":"Endocrine Gland Neoplasms"},{"id":"D000010049","term":"Ovarian Diseases"},{"id":"D000000291","term":"Adnexal Diseases"},{"id":"D000005831","term":"Genital Diseases, Female"},{"id":"D000052776","term":"Female Urogenital Diseases"},{"id":"D000005261","term":"Female Urogenital Diseases and Pregnancy Complications"},{"id":"D000091642","term":"Urogenital Diseases"},{"id":"D000005833","term":"Genital Neoplasms, Female"},{"id":"D000014565","term":"Urogenital Neoplasms"},{"id":"D000091662","term":"Genital Diseases"},{"id":"D000004700","term":"Endocrine System Diseases"},{"id":"D000006058","term":"Gonadal Disorders"}],"browseLeaves":[{"id":"M4910","name":"Breast Neoplasms","asFound":"Breast Neoplasms","relevance":"HIGH"},{"id":"M12664","name":"Ovarian Neoplasms","asFound":"Ovarian Neoplasms","relevance":"HIGH"},{"id":"M7070","name":"Disease Susceptibility","relevance":"LOW"},{"id":"M21565","name":"Genetic Predisposition to Disease","relevance":"LOW"},{"id":"M4908","name":"Breast Diseases","relevance":"LOW"},{"id":"M15364","name":"Skin Diseases","relevance":"LOW"},{"id":"M7553","name":"Endocrine Gland Neoplasms","relevance":"LOW"},{"id":"M12662","name":"Ovarian Diseases","relevance":"LOW"},{"id":"M3333","name":"Adnexal Diseases","relevance":"LOW"},{"id":"M8633","name":"Genital Diseases, Female","relevance":"LOW"},{"id":"M2877","name":"Genital Diseases","relevance":"LOW"},{"id":"M2876","name":"Urogenital Diseases","relevance":"LOW"},{"id":"M26783","name":"Female Urogenital Diseases","relevance":"LOW"},{"id":"M13817","name":"Pregnancy Complications","relevance":"LOW"},{"id":"M8089","name":"Female Urogenital Diseases and Pregnancy Complications","relevance":"LOW"},{"id":"M8635","name":"Genital Neoplasms, Female","relevance":"LOW"},{"id":"M17005","name":"Urogenital Neoplasms","relevance":"LOW"},{"id":"M7552","name":"Endocrine System Diseases","relevance":"LOW"},{"id":"M8853","name":"Gonadal Disorders","relevance":"LOW"},{"id":"T4352","name":"Ovarian Cancer","relevance":"LOW"}],"browseBranches":[{"abbrev":"BC04","name":"Neoplasms"},{"abbrev":"BC17","name":"Skin and Connective Tissue Diseases"},{"abbrev":"All","name":"All Conditions"},{"abbrev":"BXS","name":"Urinary Tract, Sexual Organs, and Pregnancy Conditions"},{"abbrev":"BC19","name":"Gland and Hormone Related Diseases"},{"abbrev":"BC23","name":"Symptoms and General Pathology"},{"abbrev":"Rare","name":"Rare Diseases"}]},"interventionBrowseModule":{}},"hasResults":false}