{"protocolSection":{"identificationModule":{"nctId":"NCT02032745","orgStudyIdInfo":{"id":"AGO-35"},"secondaryIdInfos":[{"id":"KLI 406","type":"OTHER_GRANT","domain":"FWF"}],"organization":{"fullName":"Medical University of Graz","class":"OTHER"},"briefTitle":"Genomic Signatures to Predict Treatment Response","officialTitle":"Prospective Validation of Genomic Signatures to Predict Treatment Response in the Axillary Nodes After Neoadjuvant Chemotherapy in Patients With HER2-negative Breast Cancer","acronym":"AGO-Austria"},"statusModule":{"statusVerifiedDate":"2020-08","overallStatus":"COMPLETED","expandedAccessInfo":{"hasExpandedAccess":false},"startDateStruct":{"date":"2011-08"},"primaryCompletionDateStruct":{"date":"2020-07","type":"ACTUAL"},"completionDateStruct":{"date":"2020-07","type":"ACTUAL"},"studyFirstSubmitDate":"2013-11-17","studyFirstSubmitQcDate":"2014-01-07","studyFirstPostDateStruct":{"date":"2014-01-10","type":"ESTIMATED"},"lastUpdateSubmitDate":"2020-08-02","lastUpdatePostDateStruct":{"date":"2020-08-04","type":"ACTUAL"}},"sponsorCollaboratorsModule":{"responsibleParty":{"type":"PRINCIPAL_INVESTIGATOR","investigatorFullName":"Peintinger Florentia, MD","investigatorTitle":"Professor","investigatorAffiliation":"Medical University of Graz"},"leadSponsor":{"name":"Medical University of Graz","class":"OTHER"}},"oversightModule":{"oversightHasDmc":true},"descriptionModule":{"briefSummary":"A genomic test was developed to predict chemo-sensitivity to taxane-anthracycline-based chemotherapy as neoadjuvant treatment. The primary aim of this study is to prospectively evaluate the microarray-based, genomic test as a predictor of axillary lymph node response. Also, to determine whether the probability of achieving negative axillary nodes, is sufficiently high for patients whose breast cancer is predicted to be chemo-sensitive to support omitting axillary dissection."},"conditionsModule":{"conditions":["Breast Neoplasms"]},"designModule":{"studyType":"OBSERVATIONAL","patientRegistry":false,"designInfo":{"observationalModel":"OTHER","timePerspective":"PROSPECTIVE"},"bioSpec":{"retention":"SAMPLES_WITH_DNA","description":"Breast cancer tissue"},"enrollmentInfo":{"count":277,"type":"ACTUAL"}},"armsInterventionsModule":{"armGroups":[{"label":"Chemo-insensitive","description":"Non-responders to chemotherapy (Probability for pathological negative nodal status)"},{"label":"Chemo-sensitive","description":"Responders to chemotherapy (Probability for pathological negative nodal status)"}]},"outcomesModule":{"primaryOutcomes":[{"measure":"Probability of achieving a negative axillary nodal status","description":"The overall rate of pathologic lymph node-negative status (pLN0) will be evaluated, including clinically lymph node-negative (cLN-) and lymph node-positive (cLN+) patients. For sample size calculation we will consider the rate of nodal conversion from clinically node-positive (cLN+) before treatment to pathologic node-negative (pLN0) after the completion of neoadjuvant chemotherapy. Patients who are clinically node positive (cLN+) will be evaluated for nodal response, i.e. conversion to pLN0 status. We assume that 30% of these patients will be predicted by the genomic predictor as responders (i.e. pLN0 status) after neoadjuvant chemotherapy, and that 70% of them will actually achieve pLN0 status. The study will be sized to have 80% power to detect observed response (pLN-negative) rates \\> 50% in cLN-positive patients after neoadjuvant chemotherapy at a 95% confidence level (one sided). Probability will be measured in percent.","timeFrame":"at time of surgery"}]},"eligibilityModule":{"eligibilityCriteria":"Inclusion Criteria:\n\n* Clinical status of lymph nodes must be available\n* Sonographical status of lymph nodes must be available\n* Patients must consent to documentation of cancer treatment\n* Histologic diagnosis of invasive breast cancer, clinical stage T1-4, M0 (non-inflammatory T4c)\n* Patients scheduled for neoadjuvant chemotherapy\n* Treatment with a 3-weekly FEC or AC regimen (3-4 cycles) followed by 3-4 cycles of q3 weekly docetaxel or paclitaxel.\n* Local HER2 status of tumor biopsy must be negative.\n\nExclusion Criteria:\n\n* The patient has a prior history of invasive or metastatic breast cancer.\n* The patient had prior excisional biopsy of the primary invasive breast cancer.\n* The patient had prior ipsilateral sentinel axillary lymph node biopsy for breast cancer.\n* The patient cannot safely or feasibly undergo biopsy of the primary tumor.\n* The patient has a diagnosis of Stage IV (distant metastatic) breast cancer.\n* The patient has proven HER2-positive breast cancer, defined as a pathology report of amplification of the gene or 3+ score for immunohistochemical staining.","healthyVolunteers":false,"sex":"FEMALE","minimumAge":"18 Years","maximumAge":"80 Years","stdAges":["ADULT","OLDER_ADULT"],"studyPopulation":"Breast cancer patients with advanced HER 2 negative breast cancer","samplingMethod":"PROBABILITY_SAMPLE"},"contactsLocationsModule":{"locations":[{"facility":"Institute of Pathology, Med. Univ. Graz","city":"Graz","zip":"8036","country":"Austria","geoPoint":{"lat":47.06667,"lon":15.45}}],"locations_nested":[{"facility":"Institute of Pathology, Med. Univ. Graz","city":"Graz","zip":"8036","country":"Austria","geoPoint":{"lat":47.06667,"lon":15.45}}]},"referencesModule":{"references":[{"pmid":"21558518","type":"BACKGROUND","citation":"Hatzis C, Pusztai L, Valero V, Booser DJ, Esserman L, Lluch A, Vidaurre T, Holmes F, Souchon E, Wang H, Martin M, Cotrina J, Gomez H, Hubbard R, Chacon JI, Ferrer-Lozano J, Dyer R, Buxton M, Gong Y, Wu Y, Ibrahim N, Andreopoulou E, Ueno NT, Hunt K, Yang W, Nazario A, DeMichele A, O'Shaughnessy J, Hortobagyi GN, Symmans WF. A genomic predictor of response and survival following taxane-anthracycline chemotherapy for invasive breast cancer. JAMA. 2011 May 11;305(18):1873-81. doi: 10.1001/jama.2011.593."},{"pmid":"17634532","type":"BACKGROUND","citation":"Peintinger F, Anderson K, Mazouni C, Kuerer HM, Hatzis C, Lin F, Hortobagyi GN, Symmans WF, Pusztai L. Thirty-gene pharmacogenomic test correlates with residual cancer burden after preoperative chemotherapy for breast cancer. Clin Cancer Res. 2007 Jul 15;13(14):4078-82. doi: 10.1158/1078-0432.CCR-06-2600."}]}},"derivedSection":{"miscInfoModule":{"versionHolder":"2023-06-29","modelPredictions":{"bmiLimits":{"minBmi":0.00,"maxBmi":101.00}}},"conditionBrowseModule":{"meshes":[{"id":"D000001943","term":"Breast Neoplasms"}],"ancestors":[{"id":"D000009371","term":"Neoplasms by Site"},{"id":"D000009369","term":"Neoplasms"},{"id":"D000001941","term":"Breast Diseases"},{"id":"D000012871","term":"Skin Diseases"}],"browseLeaves":[{"id":"M4910","name":"Breast Neoplasms","asFound":"Breast Neoplasms","relevance":"HIGH"},{"id":"M4908","name":"Breast Diseases","relevance":"LOW"},{"id":"M15364","name":"Skin Diseases","relevance":"LOW"}],"browseBranches":[{"abbrev":"BC04","name":"Neoplasms"},{"abbrev":"BC17","name":"Skin and Connective Tissue Diseases"},{"abbrev":"All","name":"All Conditions"}]},"interventionBrowseModule":{}},"hasResults":false}