{"protocolSection":{"identificationModule":{"nctId":"NCT02839668","orgStudyIdInfo":{"id":"IuliuHatieganu Cluj-Napoca"},"organization":{"fullName":"Iuliu Hatieganu University of Medicine and Pharmacy","class":"OTHER"},"briefTitle":"The Impact of Intravenous Anaesthesia on Angiogenesis in Patients With Breast Cancer (TIVA/TCI-BC)","officialTitle":"The Impact of Intravenous Anaesthesia on Angiogenesis in Patients With Breast Cancer","acronym":"TIVA/TCI-BC"},"statusModule":{"statusVerifiedDate":"2019-10","overallStatus":"COMPLETED","expandedAccessInfo":{"hasExpandedAccess":false},"startDateStruct":{"date":"2016-08","type":"ACTUAL"},"primaryCompletionDateStruct":{"date":"2019-09","type":"ACTUAL"},"completionDateStruct":{"date":"2019-09","type":"ACTUAL"},"studyFirstSubmitDate":"2016-06-18","studyFirstSubmitQcDate":"2016-07-20","studyFirstPostDateStruct":{"date":"2016-07-21","type":"ESTIMATED"},"lastUpdateSubmitDate":"2019-10-26","lastUpdatePostDateStruct":{"date":"2019-10-29","type":"ACTUAL"}},"sponsorCollaboratorsModule":{"responsibleParty":{"type":"PRINCIPAL_INVESTIGATOR","investigatorFullName":"Dr.Draghiciu Elena","investigatorTitle":"Universitary Assistant","investigatorAffiliation":"Iuliu Hatieganu University of Medicine and Pharmacy"},"leadSponsor":{"name":"Iuliu Hatieganu University of Medicine and Pharmacy","class":"OTHER"},"collaborators":[{"name":"Prof. Dr. I. Chiricuta Institute of Oncology","class":"OTHER"}]},"oversightModule":{"oversightHasDmc":false},"descriptionModule":{"briefSummary":"Because neoplastic disease is one of the leading causes of death worldwide and breast cancer is one of the most frequent neoplasia among women, the possibility of influencing the evolution of patients starting from the moment of surgical intervention using a perianesthesic intervention is a scientific topic of high interest. The study will compare two anesthetic techniques and their efficiency in lowering the factors that can favorize the dissemination of neoplasia and their role in the prevention of postoperative pain. The serum level of vascular endothelial growth factor A (VEGF-A) will be determined before and after the surgical intervention after using two different types of anesthesia (inhalational and intravenous), and the immunohistochemical expression of vascular endothelial growth factor receptors (VEGFR) will be determined on the excised tissue. For the two different types of anesthesia a continuous infusion of lidocaine 1% will be associated. The study will compare the short-term and long term-outcome of the patients assigned the two different types of anesthesia and their immediate postoperative evolution .","detailedDescription":"The study will enroll patients with ages between 18 and 80 years old, diagnosed with breast cancer but without proof of disease dissemination on medical imaging. After obtaining an informed consent the patients will be computer randomized to 4 groups. Each group will benefit from a certain type of anesthesia. The first group will be assigned general anesthesia using Sevoflurane for maintenance of hypnosis, the second group will be assigned general anesthesia with Sevoflurane and a continuous infusion of lidocaine 1%. The thrid group will be assigned total intravenous anesthesia using propofol for maintenance of hypnosis and the fourth group will be assigned to total intravenous anesthesia with propofol and a continuous infusion of lidocaine 1%. Before the surgical procedure a blood sample will be drawn from each patient for the measurement of serum vascular endothelial growth factor A ( VEGF-A). All the patients will receive pre-medication a night before the intervention with low molecular weight heparin (LMWH) and midazolam 5mg the morning of the intervention. For the first two groups the anesthetic induction will be conducted using propofol 1,5-2 mg/kg, fentanyl 1-3 microg/kg, atracurium 0,5 mg/kg.For the maintenance of anesthesia Sevoflurane will be used at a alveolar concentration of 1-1,5 MAC, as to maintain a BIS between 45-55. Intraoperative anesthesia will be ensured by using fentanyl boluses of 100 microg and the muscular relaxation needed for mechanical ventilation will be maintained using boluses of 10 mg of atracurium. At the end of the surgery the neuromuscular blockade will be antagonized with neostigmine 0.05 mg/kg and atropine 0.2 mg/kg. For the second group at the induction of anesthesia the patient will be administered a bolus of lidocaine 1% of 1.5 mg/kg and a continuous infusion of lidocaine 1% 2 mg/kg/h will be associated throughout the procedure and 1mg/kg/h,24 h postoperative. The postoperative analgesia will be assured by administering acetaminophen 1 g each 8 h and tramadol 25-50 mg each 4-6 h as needed. For the third and fourth groups the induction of aneshesia will be made using propofol administered by target controlled infusion (TCI) technique with a target plasma concentration of 4 microg/ml . Throughout the intervention the plasma concentration of propofol will be adjusted with increments of 0.2 microg/ml as to maintain a BIS between 45-55. To attenuate the response to laryngoscopy the patient will receive a bolus of fentanyl 1-3 microg/ml. During the intervention fentanyl will be administered in boluses of 100microg as needed. Muscular relaxation necessary for intubation will be provided using atracurium 0.5 mg/kg at induction of anesthesia and 10 mg boluses during the surgery as needed. At the end of the surgery the neuromuscular blockade will be antagonized with neostigmine 0.05 mg/kg and atropine 0.2 mg/kg. For the fourth group at the induction of anesthesia the patient will be administered a bolus of lidocaine 1% of 1.5 mg/kg and a continuous infusion of lidocaine 1% 2 mg/kg/h will be associated throughout the procedure and 1mg/kg/h, 24 h postoperative.Postoperative analgesia will be assured by administering acetaminophen 1 g each 8 h and tramadol 25-50 mg each 4-6 h as needed. Throughout the surgical intervention the patients will be monitored accordingly to the American Society of Anesthesiologists (ASA) standards (electrocardiogram-ECG, heart rate- HR, peripheral capillary oxygen saturation- SpO2, non-invasive blood pressure- NIBP, capnography and for the 3rd and 4th groups the bispectral index - BIS will be monitored). In the postoperative period non-invasive blood pressure -NIBP, heart rate- HR,peripheral capillary oxygen saturation SpO2, intensity of pain at 24 and 48 h will be monitored.Vascular endothelial growth factor- VEGF levels will be monitored at 24 h postoperative using ELISA technique. Vascular endothelial growth factor receptors 1 and 2 (VEGFR1 and VEGFR2) will be determined using immunohistochemical staining."},"conditionsModule":{"conditions":["Breast Cancer"],"keywords":["breast cancer","angiogenesis","VEGF"]},"designModule":{"studyType":"INTERVENTIONAL","phases":["PHASE2"],"designInfo":{"allocation":"RANDOMIZED","interventionModel":"PARALLEL","primaryPurpose":"BASIC_SCIENCE","maskingInfo":{"masking":"SINGLE","whoMasked":["PARTICIPANT"]}},"enrollmentInfo":{"count":120,"type":"ACTUAL"}},"armsInterventionsModule":{"armGroups":[{"label":"Sevoflurane","type":"EXPERIMENTAL","description":"The patients enrolled in this arm will receive general anesthesia in which the hypnosis will be maintained with Sevoflurane. Postoperative analgesia will be assured by the administration of tramadol and acetaminophen.A 0.05 mg/kg dose of neostigmine will be administered to antagonize the neuromuscular block at the end of surgery.A 0.2 mg/kg dose of atropine will be administered at the end of surgery to attenuate the parasymatomimetic effects of neostigmine.The bispectral index- BIS will be monitored throughout the anesthesia","interventionNames":["Drug: Sevoflurane","Drug: Acetaminophen","Drug: Tramadol","Drug: Neostigmine","Drug: Atropine","Device: BIS"]},{"label":"Sevoflurane+Lidocaine","type":"ACTIVE_COMPARATOR","description":"The patients enrolled in this group will receive general anesthesia in which the hypnosis will be maintained with Sevoflurane. At the induction of anesthesia the patients will receive a bolus of lidocaine 1% 1.5 mg/kg. A continuous infusion of lidocaine 1% of 2 mg/kg/h will be associated throughout the surgical procedure and 1mg/kg/h until 24 h postoperative. Postoperative analgesia will be assured by the administration of tramadol and acetaminophen.A 0.05 mg/kg dose of neostigmine will be administered to antagonize the neuromuscular block at the end of surgery. A 0.2 mg/kg dose of atropine will be administered at the end of surgery to attenuate the parasymatomimetic effects of neostigmine.The bispectral index- BIS will be monitored throughout the anesthesia","interventionNames":["Drug: Lidocaine","Drug: Sevoflurane","Drug: Acetaminophen","Drug: Tramadol","Drug: Neostigmine","Drug: Atropine","Device: BIS"]},{"label":"TIVA-TCI","type":"EXPERIMENTAL","description":"The patients enrolled in this group will receive total intravenous anesthesia with propofol using a target controlled infusion technique for the maintenance of hypnosis throughout the surgery. Postoperative analgesia will be assured by the administration of tramadol and acetaminophen.A 0.05 mg/kg dose of neostigmine will be administered to antagonize the neuromuscular block at the end of surgery.A 0.2 mg/kg dose of atropine will be administered at the end of surgery to attenuate the parasymatomimetic effects of neostigmine. The bispectral index- BIS will be monitored throughout the anesthesia.","interventionNames":["Drug: TIVA-TCI","Drug: Acetaminophen","Drug: Tramadol","Drug: Neostigmine","Drug: Atropine","Device: BIS"]},{"label":"TIVA-TCI+lidocaine","type":"ACTIVE_COMPARATOR","description":"The patients enrolled in this group will receive total intravenous anesthesia with propofol using a target controlled infusion technique for the maintenance of hypnosis throughout the surgery. At the induction of anesthesia the patients will receive a bolus of lidocaine 1% 1.5 mg/kg. A continuous infusion of lidocaine 1% of 2 mg/kg/h will be associated throughout the surgical procedure and 1mg/kg/h until 24 h postoperative. Postoperative analgesia will be assured by the administration of tramadol and acetaminophen.A 0.05 mg/kg dose of neostigmine will be administered to antagonize the neuromuscular block at the end of surgery. A 0.2 mg/kg dose of atropine will be administered at the end of surgery to attenuate the parasymatomimetic effects of neostigmine.The bispectral index- BIS will be monitored throughout the anesthesia.","interventionNames":["Drug: Lidocaine","Drug: TIVA-TCI","Drug: Acetaminophen","Drug: Tramadol","Drug: Neostigmine","Drug: Atropine","Device: BIS"]}],"interventions":[{"type":"DRUG","name":"Lidocaine","interventionMappedName":[],"description":"Continuous infusion of lidocaine","armGroupLabels":["Sevoflurane+Lidocaine","TIVA-TCI+lidocaine"],"otherNames":["lidocaine 1%, lignocaine"]},{"type":"DRUG","name":"Sevoflurane","interventionMappedName":[],"description":"maintenance of hypnosis during anaesthesia with sevoflurane","armGroupLabels":["Sevoflurane","Sevoflurane+Lidocaine"]},{"type":"DRUG","name":"TIVA-TCI","interventionMappedName":[],"description":"maintenance of hypnosis during anaesthesia with sevoflurane","armGroupLabels":["TIVA-TCI","TIVA-TCI+lidocaine"],"otherNames":["Diprivan"]},{"type":"DRUG","name":"Acetaminophen","interventionMappedName":[],"description":"administration of 1 g acetaminophen for postoperative analgesia","armGroupLabels":["Sevoflurane","Sevoflurane+Lidocaine","TIVA-TCI","TIVA-TCI+lidocaine"],"otherNames":["paracetamol"]},{"type":"DRUG","name":"Tramadol","interventionMappedName":[],"description":"administration of tramadol for postoperative analgesia","armGroupLabels":["Sevoflurane","Sevoflurane+Lidocaine","TIVA-TCI","TIVA-TCI+lidocaine"],"otherNames":["Tramal"]},{"type":"DRUG","name":"Neostigmine","interventionMappedName":[],"description":"A 0.05 mg/kg dose of neostigmine will be administered to antagonize the neuromuscular block at the end of surgery.","armGroupLabels":["Sevoflurane","Sevoflurane+Lidocaine","TIVA-TCI","TIVA-TCI+lidocaine"],"otherNames":["Prostigmin, vagostigmin"]},{"type":"DRUG","name":"Atropine","interventionMappedName":[],"description":"A 0.2 mg/kg dose of atropine will be administered at the end of surgery to attenuate the parasymatomimetic effects of neostigmine","armGroupLabels":["Sevoflurane","Sevoflurane+Lidocaine","TIVA-TCI","TIVA-TCI+lidocaine"],"otherNames":["atropine sulfate"]},{"type":"DEVICE","name":"BIS","description":"For the groups receveing TIVA-TCI anesthesia the bispectral index will be monitored","armGroupLabels":["Sevoflurane","Sevoflurane+Lidocaine","TIVA-TCI","TIVA-TCI+lidocaine"],"otherNames":["bispectral index monitor"]}]},"outcomesModule":{"primaryOutcomes":[{"measure":"serum concentration of vascular endothelial growth factor A (VEGF-A)","timeFrame":"1 year"}],"secondaryOutcomes":[{"measure":"pain score","description":"assesed using visual-analogue scale","timeFrame":"1 year"},{"measure":"survival of patients","timeFrame":"up to 5 years"},{"measure":"Vascular endothelial growth factor receptor 1 and 2 (VEGFR1 and VEGFR2) density","timeFrame":"at the end of the study"}]},"eligibilityModule":{"eligibilityCriteria":"Inclusion Criteria:\n\n* diagnosis of breast cancer\n* ASA risk class I-III\n* no metastatic disease\n\nExclusion Criteria:\n\n* hepatic, pulmonary metastasis\n* type I and II diabetes\n* rheumatoid arthritis\n* osteoarthritis\n* ischemic cardiovascular disease (history of myocardial infarction, angina)\n* peripheral vascular disease\n* endometriosis\n* allergies to lidocaine, fentanyl, propofol, sevoflurane, atracurium, midazolam, acetaminophen, tramadol\n* neuropsychiatric disorders\n* incapacity of understanding the study\n* refusal of participation","healthyVolunteers":false,"sex":"FEMALE","minimumAge":"18 Years","maximumAge":"80 Years","stdAges":["ADULT","OLDER_ADULT"]},"contactsLocationsModule":{"locations":[{"facility":"IOCN Prof Dr I chiricuta","city":"Cluj-Napoca","zip":"400015","country":"Romania","geoPoint":{"lat":46.76667,"lon":23.6}}],"locations_nested":[{"facility":"IOCN Prof Dr I chiricuta","city":"Cluj-Napoca","zip":"400015","country":"Romania","geoPoint":{"lat":46.76667,"lon":23.6}}]},"referencesModule":{"references":[{"pmid":"23525301","type":"BACKGROUND","citation":"Mao L, Lin S, Lin J. The effects of anesthetics on tumor progression. Int J Physiol Pathophysiol Pharmacol. 2013;5(1):1-10. Epub 2013 Mar 8."},{"pmid":"26497721","type":"BACKGROUND","citation":"Byrne K, Levins KJ, Buggy DJ. Can anesthetic-analgesic technique during primary cancer surgery affect recurrence or metastasis? Can J Anaesth. 2016 Feb;63(2):184-92. doi: 10.1007/s12630-015-0523-8."},{"pmid":"24247230","type":"RESULT","citation":"Chang YC, Liu CL, Chen MJ, Hsu YW, Chen SN, Lin CH, Chen CM, Yang FM, Hu MC. Local anesthetics induce apoptosis in human breast tumor cells. Anesth Analg. 2014 Jan;118(1):116-24. doi: 10.1213/ANE.0b013e3182a94479."},{"pmid":"25794212","type":"RESULT","citation":"Terkawi AS, Sharma S, Durieux ME, Thammishetti S, Brenin D, Tiouririne M. Perioperative lidocaine infusion reduces the incidence of post-mastectomy chronic pain: a double-blind, placebo-controlled randomized trial. Pain Physician. 2015 Mar-Apr;18(2):E139-46."},{"pmid":"32616309","type":"DERIVED","citation":"Galos EV, Tat TF, Popa R, Efrimescu CI, Finnerty D, Buggy DJ, Ionescu DC, Mihu CM. Neutrophil extracellular trapping and angiogenesis biomarkers after intravenous or inhalation anaesthesia with or without intravenous lidocaine for breast cancer surgery: a prospective, randomised trial. Br J Anaesth. 2020 Nov;125(5):712-721. doi: 10.1016/j.bja.2020.05.003. Epub 2020 Jun 29."}]},"ipdSharingStatementModule":{"ipdSharing":"UNDECIDED"}},"derivedSection":{"miscInfoModule":{"versionHolder":"2023-06-29","modelPredictions":{"bmiLimits":{"minBmi":0.00,"maxBmi":101.00}}},"conditionBrowseModule":{"meshes":[{"id":"D000001943","term":"Breast Neoplasms"}],"ancestors":[{"id":"D000009371","term":"Neoplasms by Site"},{"id":"D000009369","term":"Neoplasms"},{"id":"D000001941","term":"Breast Diseases"},{"id":"D000012871","term":"Skin Diseases"}],"browseLeaves":[{"id":"M4910","name":"Breast Neoplasms","asFound":"Breast Cancer","relevance":"HIGH"},{"id":"M4908","name":"Breast Diseases","relevance":"LOW"},{"id":"M15364","name":"Skin Diseases","relevance":"LOW"}],"browseBranches":[{"abbrev":"BC04","name":"Neoplasms"},{"abbrev":"BC17","name":"Skin and Connective Tissue Diseases"},{"abbrev":"All","name":"All Conditions"}]},"interventionBrowseModule":{"meshes":[{"id":"D000000082","term":"Acetaminophen"},{"id":"D000008012","term":"Lidocaine"},{"id":"D000001285","term":"Atropine"},{"id":"D000014147","term":"Tramadol"},{"id":"D000077149","term":"Sevoflurane"},{"id":"D000009388","term":"Neostigmine"}],"ancestors":[{"id":"D000000779","term":"Anesthetics, Local"},{"id":"D000000777","term":"Anesthetics"},{"id":"D000002492","term":"Central Nervous System Depressants"},{"id":"D000045505","term":"Physiological Effects of Drugs"},{"id":"D000018689","term":"Sensory System Agents"},{"id":"D000018373","term":"Peripheral Nervous System Agents"},{"id":"D000000889","term":"Anti-Arrhythmia Agents"},{"id":"D000061567","term":"Voltage-Gated Sodium Channel Blockers"},{"id":"D000026941","term":"Sodium Channel Blockers"},{"id":"D000049990","term":"Membrane Transport Modulators"},{"id":"D000045504","term":"Molecular Mechanisms of Pharmacological Action"},{"id":"D000018712","term":"Analgesics, Non-Narcotic"},{"id":"D000000700","term":"Analgesics"},{"id":"D000058633","term":"Antipyretics"},{"id":"D000010975","term":"Platelet Aggregation Inhibitors"},{"id":"D000018685","term":"Anesthetics, Inhalation"},{"id":"D000018681","term":"Anesthetics, General"},{"id":"D000000701","term":"Analgesics, Opioid"},{"id":"D000009294","term":"Narcotics"},{"id":"D000000759","term":"Adjuvants, Anesthesia"},{"id":"D000001993","term":"Bronchodilator Agents"},{"id":"D000001337","term":"Autonomic Agents"},{"id":"D000018927","term":"Anti-Asthmatic Agents"},{"id":"D000019141","term":"Respiratory System Agents"},{"id":"D000009184","term":"Mydriatics"},{"id":"D000010276","term":"Parasympatholytics"},{"id":"D000018727","term":"Muscarinic Antagonists"},{"id":"D000018680","term":"Cholinergic Antagonists"},{"id":"D000018678","term":"Cholinergic Agents"},{"id":"D000018377","term":"Neurotransmitter Agents"},{"id":"D000002800","term":"Cholinesterase Inhibitors"},{"id":"D000004791","term":"Enzyme Inhibitors"},{"id":"D000010277","term":"Parasympathomimetics"}],"browseLeaves":[{"id":"M3797","name":"Anesthetics","relevance":"LOW"},{"id":"M16591","name":"Tramadol","asFound":"Lymph node","relevance":"HIGH"},{"id":"M10704","name":"Lidocaine","asFound":"Diabetes","relevance":"HIGH"},{"id":"M2341","name":"Acetaminophen","asFound":"Pilot Study","relevance":"HIGH"},{"id":"M17997","name":"Propofol","relevance":"LOW"},{"id":"M12023","name":"Neostigmine","asFound":"Cancer Screening","relevance":"HIGH"},{"id":"M4280","name":"Atropine","asFound":"Mixture","relevance":"HIGH"},{"id":"M1673","name":"Sevoflurane","asFound":"Intra-","relevance":"HIGH"},{"id":"M3799","name":"Anesthetics, Local","relevance":"LOW"},{"id":"M3903","name":"Anti-Arrhythmia Agents","relevance":"LOW"},{"id":"M22867","name":"Sodium Channel Blockers","relevance":"LOW"},{"id":"M29715","name":"Diuretics, Potassium Sparing","relevance":"LOW"},{"id":"M3722","name":"Analgesics","relevance":"LOW"},{"id":"M20476","name":"Analgesics, Non-Narcotic","relevance":"LOW"},{"id":"M28866","name":"Antipyretics","relevance":"LOW"},{"id":"M13555","name":"Platelet Aggregation Inhibitors","relevance":"LOW"},{"id":"M20455","name":"Anesthetics, Inhalation","relevance":"LOW"},{"id":"M20451","name":"Anesthetics, General","relevance":"LOW"},{"id":"M3723","name":"Analgesics, Opioid","relevance":"LOW"},{"id":"M11935","name":"Narcotics","relevance":"LOW"},{"id":"M3779","name":"Adjuvants, Anesthesia","relevance":"LOW"},{"id":"M4959","name":"Bronchodilator Agents","relevance":"LOW"},{"id":"M20653","name":"Anti-Asthmatic Agents","relevance":"LOW"},{"id":"M20827","name":"Respiratory System Agents","relevance":"LOW"},{"id":"M11829","name":"Mydriatics","relevance":"LOW"},{"id":"M12879","name":"Parasympatholytics","relevance":"LOW"},{"id":"M20491","name":"Muscarinic Antagonists","relevance":"LOW"},{"id":"M20450","name":"Cholinergic Antagonists","relevance":"LOW"},{"id":"M20448","name":"Cholinergic Agents","relevance":"LOW"},{"id":"M20194","name":"Neurotransmitter Agents","relevance":"LOW"},{"id":"M5730","name":"Cholinesterase Inhibitors","relevance":"LOW"},{"id":"M7641","name":"Enzyme Inhibitors","relevance":"LOW"}],"browseBranches":[{"abbrev":"CNSDep","name":"Central Nervous System Depressants"},{"abbrev":"All","name":"All Drugs and Chemicals"},{"abbrev":"Analg","name":"Analgesics"},{"abbrev":"AnArAg","name":"Anti-Arrhythmia Agents"},{"abbrev":"ChanBlk","name":"Channel Blockers"},{"abbrev":"Antipy","name":"Antipyretics"},{"abbrev":"AdjAn","name":"Adjuvants, Anesthesia"},{"abbrev":"Resp","name":"Respiratory System Agents"},{"abbrev":"PlAggInh","name":"Platelet Aggregation Inhibitors"}]}},"hasResults":false}