{"protocolSection":{"identificationModule":{"nctId":"NCT05002868","orgStudyIdInfo":{"id":"RP12146-2101"},"organization":{"fullName":"Rhizen Pharmaceuticals SA","class":"INDUSTRY"},"briefTitle":"Safety, Pharmacokinetics and Anti-tumor Activity of RP12146, a PARP Inhibitor, in Patients With Locally Advanced or Metastatic Solid Tumors","officialTitle":"A Multi-center, Open-label, Phase I/Ib Study to Assess the Safety, Pharmacokinetics and Anti-tumor Activity of RP12146, a Poly (ADP-ribose) Polymerase (PARP) Inhibitor, in Patients With Locally Advanced or Metastatic Solid Tumors"},"statusModule":{"statusVerifiedDate":"2023-05","overallStatus":"ACTIVE_NOT_RECRUITING","expandedAccessInfo":{"hasExpandedAccess":false},"startDateStruct":{"date":"2021-10-05","type":"ACTUAL"},"primaryCompletionDateStruct":{"date":"2023-12","type":"ESTIMATED"},"completionDateStruct":{"date":"2024-02","type":"ESTIMATED"},"studyFirstSubmitDate":"2021-08-05","studyFirstSubmitQcDate":"2021-08-05","studyFirstPostDateStruct":{"date":"2021-08-12","type":"ACTUAL"},"lastUpdateSubmitDate":"2023-05-30","lastUpdatePostDateStruct":{"date":"2023-05-31","type":"ACTUAL"}},"sponsorCollaboratorsModule":{"responsibleParty":{"type":"SPONSOR"},"leadSponsor":{"name":"Rhizen Pharmaceuticals SA","class":"INDUSTRY"}},"oversightModule":{"oversightHasDmc":false,"isFdaRegulatedDrug":false,"isFdaRegulatedDevice":false,"isUsExport":false},"descriptionModule":{"briefSummary":"An open-label, two-part Phase I/Ib study of RP12146 in adult patients with locally advanced or metastatic solid tumors. The first part (Part 1) is a Phase I dose-escalation, 3+3 design, open-label, MTD determination study and will enroll patients who have tumors known to harbour DNA repair deficiencies. The second part (Part 2) is a Phase Ib, dose-expansion at the MTD (or optimal dose) and will enroll patients with a confirmed deleterious HRR mutation in their tumor as identified by a central genomics testing laboratory."},"conditionsModule":{"conditions":["Solid Tumor","Extensive-stage Small-cell Lung Cancer","Locally Advanced Breast Cancer","Metastatic Breast Cancer","Platinum-sensitive Ovarian Cancer","Platinum-Sensitive Fallopian Tube Carcinoma","Platinum-Sensitive Peritoneal Cancer"],"keywords":["PARP"]},"designModule":{"studyType":"INTERVENTIONAL","phases":["PHASE1"],"designInfo":{"allocation":"NA","interventionModel":"SINGLE_GROUP","primaryPurpose":"TREATMENT","maskingInfo":{"masking":"NONE"}},"enrollmentInfo":{"count":23,"type":"ACTUAL"}},"armsInterventionsModule":{"armGroups":[{"label":"RP12146","type":"EXPERIMENTAL","description":"RP12146 will be administered orally daily (QD or BID)","interventionNames":["Drug: RP12146"]}],"interventions":[{"type":"DRUG","name":"RP12146","description":"starting dose of 100 mg QD","armGroupLabels":["RP12146"]}]},"outcomesModule":{"primaryOutcomes":[{"measure":"Maximum tolerated dose (MTD) of RP12146 in patients with locally advanced or metastatic solid tumors","description":"The MTD was defined as the highest dose level at which no more than 1 in 6 participants experienced a dose-limiting toxicity (DLT) during the first 28-day cycle of treatment","timeFrame":"28 days"},{"measure":"Number of Participants With Treatment-emergent Adverse Events as Assessed by CTCAE Criteria v5.0","description":"Summary of Treatment-Emergent Adverse Events-(Causality All). Patients will be monitored for adverse events and both related and as well as non-related adverse events will be captured during the study. All adverse events (irrespective of causality) will be reported.","timeFrame":"2 years"}],"secondaryOutcomes":[{"measure":"Tmax","description":"Pharmacokinetics: Time to Reach Maximum Concentration (Tmax) of RP12146","timeFrame":"Day 1 to Day 28"},{"measure":"Cmax","description":"Pharmacokinetics: Maximum Concentration (Cmax) of RP12146","timeFrame":"Day 1 to Day 28"},{"measure":"AUC","description":"Pharmacokinetics: Area Under the Concentration Curve (AUC) of RP12146","timeFrame":"Day 1 to Day 28"},{"measure":"Overall response rate (ORR)","description":"Sum of the percentages of Complete Response and Partial Response","timeFrame":"2 years"},{"measure":"Clinical benefit rate (CBR)","description":"Sum of the percentages of Complete response, partial response and stable disease","timeFrame":"2 years"},{"measure":"Progression free survival (PFS)","description":"It is defined as time from the first dose of study treatment to documented disease progression","timeFrame":"2 years"}]},"eligibilityModule":{"eligibilityCriteria":"Inclusion Criteria.\n\n1. Provision of full informed consent prior to any study-specific procedures.\n2. Patients must be ≥18 years of age, at the time of signing informed consent.\n3. Dose escalation phase, patients with histologically and/or cytologically confirmed malignant solid tumor whose disease has progressed following at least one standard therapy and who have no other acceptable standard treatment options. Tumor types will include breast, ovarian, fallopian tube, or peritoneal cancer, extensive-stage small cell lung cancer (ES-SCLC), prostate, pancreatic, colorectal gastric, biliary tract, and endometrial cancer.\n4. Dose-expansion phase patients with histologically and/or cytologically confirmed malignant solid tumor (breast, ovarian, fallopian tube, or peritoneal cancer, extensive-stage small cell lung cancer (ES-SCLC), with one of the documented deleterious mutations of specified HRR genes and whose disease has progressed following at least one standard therapy.\n5. Patients with at least one measurable lesion per RECIST version 1.1 at baseline that can be accurately assessed by CT-scan or MRI and is suitable for repeated assessment at follow up-visits.\n6. ECOG performance status 0 to 2.\n7. Use of contraception measures\n\nExclusion Criteria:\n\n1. Patients with HER2 positive breast cancer\n2. Patients receiving anticancer therapy\n3. Patient who has not recovered from acute toxicities of previous therapy except treatment-related alopecia.\n4. Prior treatment with a PARP inhibitor\n5. Major surgery within 4 weeks of starting study treatment or any patient who has not recovered from the effects of major surgery.\n6. Patient with symptomatic uncontrolled brain metastasis.\n7. Pregnancy and lactation\n8. Patients with uncontrolled disease","healthyVolunteers":false,"sex":"ALL","minimumAge":"18 Years","stdAges":["ADULT","OLDER_ADULT"]},"contactsLocationsModule":{"locations":[{"facility":"Multiscan s.r.o.","city":"Hořovice","zip":"268 31","country":"Czechia","geoPoint":{"lat":49.83597,"lon":13.90268}},{"facility":"FN Olomouc, Oncology clinic,","city":"Olomouc","zip":"779 00","country":"Czechia","geoPoint":{"lat":49.59552,"lon":17.25175}},{"facility":"Pratia Poznań Medical Center","city":"Poznań","country":"Poland","geoPoint":{"lat":52.40692,"lon":16.92993}},{"facility":"Clinical Trials Site Nasz Lekarz","city":"Toruń","country":"Poland","geoPoint":{"lat":53.01375,"lon":18.59814}},{"facility":"Maria Skłodowska-Curie Memorial National Oncology Institute","city":"Warszawa","country":"Poland","geoPoint":{"lat":52.22977,"lon":21.01178}},{"facility":"Klinika Onkologii ICZMP","city":"Łódź","zip":"93-338","country":"Poland","geoPoint":{"lat":51.75,"lon":19.46667}}],"locations_nested":[{"facility":"Multiscan s.r.o.","city":"Hořovice","zip":"268 31","country":"Czechia","geoPoint":{"lat":49.83597,"lon":13.90268}},{"facility":"FN Olomouc, Oncology clinic,","city":"Olomouc","zip":"779 00","country":"Czechia","geoPoint":{"lat":49.59552,"lon":17.25175}},{"facility":"Pratia Poznań Medical Center","city":"Poznań","country":"Poland","geoPoint":{"lat":52.40692,"lon":16.92993}},{"facility":"Clinical Trials Site Nasz Lekarz","city":"Toruń","country":"Poland","geoPoint":{"lat":53.01375,"lon":18.59814}},{"facility":"Maria Skłodowska-Curie Memorial National Oncology Institute","city":"Warszawa","country":"Poland","geoPoint":{"lat":52.22977,"lon":21.01178}},{"facility":"Klinika Onkologii ICZMP","city":"Łódź","zip":"93-338","country":"Poland","geoPoint":{"lat":51.75,"lon":19.46667}}]},"ipdSharingStatementModule":{"ipdSharing":"NO"}},"derivedSection":{"miscInfoModule":{"versionHolder":"2023-06-29","modelPredictions":{"bmiLimits":{"minBmi":0.00,"maxBmi":101.00}}},"conditionBrowseModule":{"meshes":[{"id":"D000001943","term":"Breast Neoplasms"},{"id":"D000055752","term":"Small Cell Lung Carcinoma"},{"id":"D000006967","term":"Hypersensitivity"}],"ancestors":[{"id":"D000009369","term":"Neoplasms"},{"id":"D000009371","term":"Neoplasms by Site"},{"id":"D000001941","term":"Breast Diseases"},{"id":"D000012871","term":"Skin Diseases"},{"id":"D000002283","term":"Carcinoma, Bronchogenic"},{"id":"D000001984","term":"Bronchial Neoplasms"},{"id":"D000008175","term":"Lung Neoplasms"},{"id":"D000012142","term":"Respiratory Tract Neoplasms"},{"id":"D000013899","term":"Thoracic Neoplasms"},{"id":"D000008171","term":"Lung Diseases"},{"id":"D000012140","term":"Respiratory Tract Diseases"},{"id":"D000007154","term":"Immune System Diseases"}],"browseLeaves":[{"id":"M10862","name":"Lung Neoplasms","relevance":"LOW"},{"id":"M5224","name":"Carcinoma","relevance":"LOW"},{"id":"M4910","name":"Breast Neoplasms","asFound":"Breast Cancer","relevance":"HIGH"},{"id":"M28013","name":"Small Cell Lung Carcinoma","asFound":"Small Cell Lung Cancer","relevance":"HIGH"},{"id":"M12664","name":"Ovarian Neoplasms","relevance":"LOW"},{"id":"M1704","name":"Carcinoma, Ovarian Epithelial","relevance":"LOW"},{"id":"M9708","name":"Hypersensitivity","asFound":"Sensitive","relevance":"HIGH"},{"id":"M4908","name":"Breast Diseases","relevance":"LOW"},{"id":"M15364","name":"Skin Diseases","relevance":"LOW"},{"id":"M5230","name":"Carcinoma, Bronchogenic","relevance":"LOW"},{"id":"M4950","name":"Bronchial Neoplasms","relevance":"LOW"},{"id":"M14669","name":"Respiratory Tract Neoplasms","relevance":"LOW"},{"id":"M16348","name":"Thoracic Neoplasms","relevance":"LOW"},{"id":"M10858","name":"Lung Diseases","relevance":"LOW"},{"id":"M14667","name":"Respiratory Tract Diseases","relevance":"LOW"},{"id":"M9890","name":"Immune System Diseases","relevance":"LOW"},{"id":"T5271","name":"Small Cell Lung Cancer","asFound":"Small Cell Lung Cancer","relevance":"HIGH"},{"id":"T4352","name":"Ovarian Cancer","asFound":"Ovarian Cancer","relevance":"HIGH"},{"id":"T4354","name":"Ovarian Epithelial Cancer","relevance":"LOW"},{"id":"T2189","name":"Fallopian Tube Cancer","asFound":"Fallopian Tube Carcinoma","relevance":"HIGH"}],"browseBranches":[{"abbrev":"BC04","name":"Neoplasms"},{"abbrev":"BC08","name":"Respiratory Tract (Lung and Bronchial) Diseases"},{"abbrev":"All","name":"All Conditions"},{"abbrev":"BC17","name":"Skin and Connective Tissue Diseases"},{"abbrev":"BXS","name":"Urinary Tract, Sexual Organs, and Pregnancy Conditions"},{"abbrev":"BC19","name":"Gland and Hormone Related Diseases"},{"abbrev":"BC20","name":"Immune System Diseases"},{"abbrev":"Rare","name":"Rare Diseases"}]},"interventionBrowseModule":{"browseLeaves":[{"id":"M205","name":"Poly(ADP-ribose) Polymerase Inhibitors","relevance":"LOW"}],"browseBranches":[{"abbrev":"ANeo","name":"Antineoplastic Agents"},{"abbrev":"All","name":"All Drugs and Chemicals"}]}},"hasResults":false}