{"protocolSection":{"identificationModule":{"nctId":"NCT04836520","orgStudyIdInfo":{"id":"BC-NEO-IIT-SHR6390"},"organization":{"fullName":"Tianjin Medical University Cancer Institute and Hospital","class":"OTHER"},"briefTitle":"SHR6390 Combined With Anastrozole for Preoperative Treatment of Breast Cancer.","officialTitle":"Single-arm, Single-center, PhaseⅡ Clinical Study of SHR6390 Combined With Anastrozole for Preoperative Treatment of Hormone Receptor Positive and HER2 Negative Early or Locally Advanced Breast Cancer."},"statusModule":{"statusVerifiedDate":"2022-04","overallStatus":"COMPLETED","expandedAccessInfo":{"hasExpandedAccess":false},"startDateStruct":{"date":"2021-08-02","type":"ACTUAL"},"primaryCompletionDateStruct":{"date":"2023-02-28","type":"ACTUAL"},"completionDateStruct":{"date":"2023-03-31","type":"ACTUAL"},"studyFirstSubmitDate":"2021-04-02","studyFirstSubmitQcDate":"2021-04-07","studyFirstPostDateStruct":{"date":"2021-04-08","type":"ACTUAL"},"lastUpdateSubmitDate":"2023-04-11","lastUpdatePostDateStruct":{"date":"2023-04-12","type":"ACTUAL"}},"sponsorCollaboratorsModule":{"responsibleParty":{"type":"SPONSOR"},"leadSponsor":{"name":"Tianjin Medical University Cancer Institute and Hospital","class":"OTHER"},"collaborators":[{"name":"Jiangsu HengRui Medicine Co., Ltd.","class":"INDUSTRY"}]},"oversightModule":{"oversightHasDmc":false,"isFdaRegulatedDrug":false,"isFdaRegulatedDevice":false},"descriptionModule":{"briefSummary":"The study is being conducted to assess effect of SHR6390 combined with anastrozole on proliferation of HR-positive HER2-negative breast cancer tumor cells before surgery.","detailedDescription":"This is a single-arm, single-center, open-label Phase II clinical study. The purpose of this study was to evaluate the effect of SHR6390 combined with anastrozole on the proliferative activity of HR-positive HER2-negative breast cancer tumor cells before surgery."},"conditionsModule":{"conditions":["Breast Cancer"]},"designModule":{"studyType":"INTERVENTIONAL","phases":["PHASE2"],"designInfo":{"allocation":"NA","interventionModel":"SINGLE_GROUP","primaryPurpose":"TREATMENT","maskingInfo":{"masking":"NONE"}},"enrollmentInfo":{"count":20,"type":"ACTUAL"}},"armsInterventionsModule":{"armGroups":[{"label":"SHR6390+anatrozole","type":"EXPERIMENTAL","description":"Hormone receptor positive, HER2 negative participants will receive SHR6390 in combination with anatrozole before surgery.","interventionNames":["Drug: SHR6390+anatrozole"]}],"interventions":[{"type":"DRUG","name":"SHR6390+anatrozole","description":"SHR6390 is a novel small molecule inhibitor specifically targeting the CDK4/6 pathway.","armGroupLabels":["SHR6390+anatrozole"]}]},"outcomesModule":{"primaryOutcomes":[{"measure":"Changes in Ki67 scores","description":"Serial measures of Ki67 (%)","timeFrame":"up to 5 months"},{"measure":"RCB (0-1) after surgery","description":"Rate of Residual Cancer Burden 0-1","timeFrame":"5 months"}],"secondaryOutcomes":[{"measure":"Objective response rate (ORR) evaluated by the investigator","description":"ORR is defined as the proportion of patients who achieved a complete response (CR) or partial response (PR) according to RECIST 1.1.","timeFrame":"16 weeks"},{"measure":"tpCR","description":"pCR is defined as the absence of noninvasive tumor residuals in breast and axillary lymph nodes (ypT0/is ypN0) after neoadjuvant therapy.","timeFrame":"5 months"},{"measure":"Safety will be assessed using NCI Common Terminology Criteria for Adverse Events v5.0 (CTCAE)","timeFrame":"6 months"}]},"eligibilityModule":{"eligibilityCriteria":"Inclusion Criteria:\n\n1.Female subjects aged 18 to 75 years old, meet any of the following:\n\n1. Both ovaries have been removed, or the age is ≥60 years old;\n2. Age \\<60 years, natural post-menopausal state (defined as spontaneous menstrual cessation for at least 12 consecutive months without other pathological or physiological reasons), E2 and FSH are at postmenopausal levels;\n3. Premenopausal or perimenopausal female subjects must be willing to receive LHRH agonist treatment during the study; 2.T2-T4cN0M0 invasive breast cancer (according to the AJCC 8th edition breast cancer clinical staging guidelines), the tumor must be surgically resectable, the measurable lesion conforms to the RECIST 1.1 standard, and the maximum diameter of the primary tumor has been evaluated by clinical or imaging evaluation ≥ 2cm; 3.Willing to accept biopsy; 4.Luminal A confirmed by immunohistochemistry, ER≥50% and PR≥50%; 5.HER2 negative, defined as immunohistochemical test 0/1+; or FISH test HER2/CEP17 ratio is less than 2.0 or HER2 gene copy number is less than 4; 6.Patients are suitable for neoadjuvant therapy and willing to accept (judged by the investigator); 7.ECOG performance status score 0 or 1; 8.The expected survival period is not less than 12 weeks; 9.Adequate function of major organs； 10.Voluntary participation in the study, signed informed consent, good compliance and willingness to cooperate with follow-up.\n\nExclusion Criteria:\n\n1. Metastases confirmed by imaging or pathology, not including lymph node metastases in the ipsilateral and/or contralateral thoracic region or mediastinum;\n2. Inflammatory breast cancer, bilateral breast cancer or DCIS, invasive breast cancer with multiple focal lesions;\n3. Previous pathological diagnosis of HER2-positive breast cancer;\n4. Suffering from gastrointestinal diseases such as intestinal obstruction, peptic ulcer or active bleeding, which affects the taking and absorption of drugs;\n5. Previously treated with radiotherapy, chemotherapy, surgery (not including percutaneous puncture) or molecular targeted treatment;\n6. Previously received any CDK4/6 inhibitor drug treatment;\n7. Participation in any other clinical trials within 4 weeks of enrollment；\n8. Concurrent use of any other Anti-cancer drugs；\n9. Other malignancies within 5 years, except cured in-situ of uterine cervix carcinoma , skin basal cell carcinoma and squamous-cell carcinoma;\n10. History of heart disease: (1) Arrhythmias requiring medical treatment or clinical significance, (2) Myocardial infarction, (3) Heart failure, (4)Any heart diseases that investigator believes not suitable for this study;\n11. History of allergy or hypersensitivity to any of the study drugs or study drug components; history of immunodeficiency including HIV-positive, active hepatitis B/C, other acquired, congenital immunodeficiency disease or history of organ transplantation；\n12. A clear history of neurological or mental disorders, including epilepsy or dementia；\n13. Pregnant or breastfeeding women. Women of childbearing potential who have a positive pregnancy test or unwilling to use adequate contraception prior to enrollment and for the duration of study participation；\n14. According to the investigator's judgment, there is a concomitant disease that seriously endangers the safety of subjects or affects the completion of the study (including but not limited to severe hypertension, severe diabetes, active infection, thyroid disease that cannot be controlled by drugs)；\n15. Any condition which in the investigator's opinion makes the subjects unsuitable for the study participation.","healthyVolunteers":false,"sex":"FEMALE","minimumAge":"18 Years","maximumAge":"75 Years","stdAges":["ADULT","OLDER_ADULT"]},"contactsLocationsModule":{"locations":[{"facility":"TianJin Medical University Cancer Institute and Hospital","city":"Tianjin","zip":"300060","country":"China","geoPoint":{"lat":39.14222,"lon":117.17667}}],"locations_nested":[{"facility":"TianJin Medical University Cancer Institute and Hospital","city":"Tianjin","zip":"300060","country":"China","geoPoint":{"lat":39.14222,"lon":117.17667}}]},"ipdSharingStatementModule":{"ipdSharing":"NO"}},"derivedSection":{"miscInfoModule":{"versionHolder":"2023-06-29","modelPredictions":{"bmiLimits":{"minBmi":0.00,"maxBmi":101.00}}},"conditionBrowseModule":{"meshes":[{"id":"D000001943","term":"Breast Neoplasms"}],"ancestors":[{"id":"D000009371","term":"Neoplasms by Site"},{"id":"D000009369","term":"Neoplasms"},{"id":"D000001941","term":"Breast Diseases"},{"id":"D000012871","term":"Skin Diseases"}],"browseLeaves":[{"id":"M4910","name":"Breast Neoplasms","asFound":"Breast Cancer","relevance":"HIGH"},{"id":"M4908","name":"Breast Diseases","relevance":"LOW"},{"id":"M15364","name":"Skin Diseases","relevance":"LOW"}],"browseBranches":[{"abbrev":"BC04","name":"Neoplasms"},{"abbrev":"BC17","name":"Skin and Connective Tissue Diseases"},{"abbrev":"All","name":"All Conditions"}]},"interventionBrowseModule":{"browseLeaves":[{"id":"M9479","name":"Hormones","relevance":"LOW"},{"id":"M1781","name":"Anastrozole","relevance":"LOW"}],"browseBranches":[{"abbrev":"All","name":"All Drugs and Chemicals"},{"abbrev":"ANeo","name":"Antineoplastic Agents"}]}},"hasResults":false}