{"protocolSection":{"identificationModule":{"nctId":"NCT04320693","orgStudyIdInfo":{"id":"IMMU-132"},"organization":{"fullName":"Gilead Sciences","class":"INDUSTRY"},"briefTitle":"Expanded Access for IMMU-132","officialTitle":"Expanded Access for IMMU-132"},"statusModule":{"statusVerifiedDate":"2020-04","overallStatus":"APPROVED_FOR_MARKETING","expandedAccessInfo":{"hasExpandedAccess":false},"studyFirstSubmitDate":"2020-03-19","studyFirstSubmitQcDate":"2020-03-19","studyFirstPostDateStruct":{"date":"2020-03-25","type":"ACTUAL"},"lastUpdateSubmitDate":"2021-08-12","lastUpdatePostDateStruct":{"date":"2021-08-19","type":"ACTUAL"}},"sponsorCollaboratorsModule":{"responsibleParty":{"type":"SPONSOR"},"leadSponsor":{"name":"Gilead Sciences","class":"INDUSTRY"}},"oversightModule":{},"descriptionModule":{"briefSummary":"This is an expanded access program (EAP) for eligible participants designed to provide access to IMMU-132."},"conditionsModule":{"conditions":["Metastatic Triple-Negative Breast Carcinoma"]},"designModule":{"studyType":"EXPANDED_ACCESS","expandedAccessTypes":{"individual":true}},"armsInterventionsModule":{"interventions":[{"type":"DRUG","name":"IMMU-132","description":"IMMU-132 will be administered as an intravenous infusion on Days 1 and 8 of 21-day treatment cycles","otherNames":["Sacituzumab Govitecan"]}]},"eligibilityModule":{"eligibilityCriteria":"Inclusion Criteria:\n\n-\n\nExclusion Criteria:\n\n-","sex":"ALL","minimumAge":"18 Years","stdAges":["ADULT","OLDER_ADULT"]}},"derivedSection":{"miscInfoModule":{"versionHolder":"2023-07-03","modelPredictions":{"bmiLimits":{"minBmi":0.00,"maxBmi":101.00}}},"conditionBrowseModule":{"meshes":[{"id":"D000001943","term":"Breast Neoplasms"}],"ancestors":[{"id":"D000009371","term":"Neoplasms by Site"},{"id":"D000009369","term":"Neoplasms"},{"id":"D000001941","term":"Breast Diseases"},{"id":"D000012871","term":"Skin Diseases"}],"browseLeaves":[{"id":"M4910","name":"Breast Neoplasms","asFound":"Breast Carcinoma","relevance":"HIGH"},{"id":"M5224","name":"Carcinoma","relevance":"LOW"},{"id":"M4908","name":"Breast Diseases","relevance":"LOW"},{"id":"M15364","name":"Skin Diseases","relevance":"LOW"}],"browseBranches":[{"abbrev":"BC04","name":"Neoplasms"},{"abbrev":"BC17","name":"Skin and Connective Tissue Diseases"},{"abbrev":"All","name":"All Conditions"}]},"interventionBrowseModule":{"meshes":[{"id":"C000608132","term":"Sacituzumab govitecan"}],"ancestors":[{"id":"D000018796","term":"Immunoconjugates"},{"id":"D000007155","term":"Immunologic Factors"},{"id":"D000045505","term":"Physiological Effects of Drugs"}],"browseLeaves":[{"id":"M287596","name":"Sacituzumab govitecan","asFound":"Saliva samples","relevance":"HIGH"},{"id":"M20545","name":"Immunoconjugates","relevance":"LOW"},{"id":"M9891","name":"Immunologic Factors","relevance":"LOW"}],"browseBranches":[{"abbrev":"All","name":"All Drugs and Chemicals"}]}},"hasResults":false}