{"protocolSection":{"identificationModule":{"nctId":"NCT02858063","orgStudyIdInfo":{"id":"KALICOU2-0909"},"organization":{"fullName":"Centre Oscar Lambret","class":"OTHER"},"briefTitle":"Psychometric Validation (Quality-of-life Scale) in Young Women With a Non Metastatic Breast Cancer and Her Partner","officialTitle":"Psychometric Validation of a Subjective Quality-of-life Scale in Young Women With a Non Metastatic Breast Cancer and Her Partner (KALICOU 2 Protocol)","acronym":"KALICOU2"},"statusModule":{"statusVerifiedDate":"2016-08","overallStatus":"COMPLETED","expandedAccessInfo":{"hasExpandedAccess":false},"startDateStruct":{"date":"2010-01"},"primaryCompletionDateStruct":{"date":"2012-04","type":"ACTUAL"},"completionDateStruct":{"date":"2012-07","type":"ACTUAL"},"studyFirstSubmitDate":"2016-08-03","studyFirstSubmitQcDate":"2016-08-03","studyFirstPostDateStruct":{"date":"2016-08-08","type":"ESTIMATED"},"lastUpdateSubmitDate":"2016-08-03","lastUpdatePostDateStruct":{"date":"2016-08-08","type":"ESTIMATED"}},"sponsorCollaboratorsModule":{"responsibleParty":{"type":"SPONSOR"},"leadSponsor":{"name":"Centre Oscar Lambret","class":"OTHER"},"collaborators":[{"name":"Université Lille 3","class":"UNKNOWN"}]},"oversightModule":{"oversightHasDmc":false},"descriptionModule":{"briefSummary":"* Selection of patient and preparation of questionnaires\n* Presentation of the study by the doctor\n* Verbal consent of participants (patient and Partner)\n* Delivery of booklets\n* Response to documents (questionnaires and written consent) at home, send by mail","detailedDescription":"1. Before consultation :\n\n   Selection of patients according to inclusion criteria by persons in charge and preparation of inclusion file\n2. During the consultation :\n\n   * Presentation of the study by the investigator\n   * The investigator signs the information note and give two file to the patient (1 for her and 1 for her Partner : both contains 1 information note signed by the investigator, 1 questionnaire and 2 stamped envelopes\n   * Finally, the investigator fill-in the medical form and send the original to the university (université de Lille 3)\n3. At home :\n\n   * Signature of the information note and the participation consent form\n   * Patients and Partner responds to their questionnaire (including socio-demographique questionnaire)\n   * They send the documents thanks to stamped envelopes:\n\n     1. They send information note to the medical center\n     2. They send the questionnaires to the university"},"conditionsModule":{"conditions":["Breast Cancer"],"keywords":["Breast cancer","Quality Of Life","Women","Partner"]},"designModule":{"studyType":"OBSERVATIONAL","patientRegistry":false,"designInfo":{"observationalModel":"COHORT","timePerspective":"PROSPECTIVE"},"enrollmentInfo":{"count":1045,"type":"ACTUAL"}},"armsInterventionsModule":{"armGroups":[{"label":"Pending chemotherapy +/- trastuzumab","description":"In the 1st group (chemotherapy), 25 couples will answer to kalicou questionnaire (KALI), 25 couples to KALI plus QLQC-30 and QLQBR-23 questionnaires for patients and SF-36 questionnaire for their partners. 25 couples will answer to KALI plus STAI plus CES-D questionnaires and 25 couples will ansmwer twice to KALI questionnaire, with a delay of 15 days between each other"},{"label":"pending trastazumab +/- hormone therapy","description":"In the 2nd group (trastazumab), 25 couples will answer to kalicou questionnaire (KALI), 25 couples to KALI plus QLQC-30 and QLQBR-23 questionnaires for patients and SF-36 questionnaire for their partners. 25 couples will answer to KALI plus STAI plus CES-D questionnaires and 25 couples will ansmwer twice to KALI questionnaire, with a delay of 15 days between each other"},{"label":"pending hormone therapy alone","description":"In the third group (hormone therapy), 25 couples will answer to kalicou questionnaire (KALI), 25 couples to KALI plus QLQC-30 and QLQBR-23 questionnaires for patients and SF-36 questionnaire for their partners. 25 couples will answer to KALI plus STAI plus CES-D questionnaires and 25 couples will ansmwer twice to KALI questionnaire, with a delay of 15 days between each other"},{"label":"pending afercare period","description":"In the last group (aftercare), 25 couples will answer to kalicou questionnaire (KALI), 25 couples to KALI plus QLQC-30 and QLQBR-23 questionnaires for patients and SF-36 questionnaire for their partners. 25 couples will answer to KALI plus STAI plus CES-D questionnaires and 25 couples will ansmwer twice to KALI questionnaire, with a delay of 15 days between each other"}]},"outcomesModule":{"primaryOutcomes":[{"measure":"psychometric validation of a questionnaire in Young patients and their partners","timeFrame":"1 year"}],"secondaryOutcomes":[{"measure":"compare convergent and or divergent dimensions with patients and theirs partners","timeFrame":"1 year"},{"measure":"compare responses of participants according to traitement/ surveillance period","timeFrame":"1 year"}]},"eligibilityModule":{"eligibilityCriteria":"Inclusion Criteria:\n\n* \\>18 years old (patient and partner)\n* \\<45 years old (patient)\n* Patient with a non metastatic breast cancer\n* Patient treated or previously treated by chemotherapy\n* Patient and her Partner live together for at least 6 months when they complete the questionnaires.\n\nExclusion Criteria:\n\n* Patient or patner with psychiatric trouble\n* Native language other than french","healthyVolunteers":false,"sex":"ALL","minimumAge":"18 Years","maximumAge":"45 Years","stdAges":["ADULT"],"studyPopulation":"Young women (\\<45 years old)treated or previously treated by chemotherapy for a non metastatic breast cancer, in Relationship for at least 6 months","samplingMethod":"NON_PROBABILITY_SAMPLE"},"ipdSharingStatementModule":{"ipdSharing":"NO"}},"derivedSection":{"miscInfoModule":{"versionHolder":"2023-07-03","modelPredictions":{"bmiLimits":{"minBmi":0.00,"maxBmi":101.00}}},"conditionBrowseModule":{"meshes":[{"id":"D000001943","term":"Breast Neoplasms"}],"ancestors":[{"id":"D000009371","term":"Neoplasms by Site"},{"id":"D000009369","term":"Neoplasms"},{"id":"D000001941","term":"Breast Diseases"},{"id":"D000012871","term":"Skin Diseases"}],"browseLeaves":[{"id":"M4910","name":"Breast Neoplasms","asFound":"Breast Cancer","relevance":"HIGH"},{"id":"M4908","name":"Breast Diseases","relevance":"LOW"},{"id":"M15364","name":"Skin Diseases","relevance":"LOW"},{"id":"T6034","name":"Quality of Life","asFound":"Quality of Life","relevance":"HIGH"}],"browseBranches":[{"abbrev":"BC04","name":"Neoplasms"},{"abbrev":"BC17","name":"Skin and Connective Tissue Diseases"},{"abbrev":"All","name":"All Conditions"},{"abbrev":"BXM","name":"Behaviors and Mental Disorders"}]},"interventionBrowseModule":{"browseLeaves":[{"id":"M325","name":"Trastuzumab","relevance":"LOW"},{"id":"M9479","name":"Hormones","relevance":"LOW"}],"browseBranches":[{"abbrev":"ANeo","name":"Antineoplastic Agents"},{"abbrev":"All","name":"All Drugs and Chemicals"}]}},"hasResults":false}