{"protocolSection":{"identificationModule":{"nctId":"NCT04269395","orgStudyIdInfo":{"id":"RD.06.SPR.115230"},"organization":{"fullName":"Galderma R&D","class":"INDUSTRY"},"briefTitle":"A Study to Assess Recurrence of Actinic Keratosis in Participants Treated With Methyl Aminolevulinate Hydrochloride Cream or Vehicle Cream Who Achieved Complete Response to Treated Lesions in Earlier Study","officialTitle":"A Double-blind, Multicenter, Long-term Follow-up Study to Assess Recurrence of Actinic Keratosis in Subjects Treated With Methyl Aminolevulinate Hydrochloride (MAL) 16.8% Cream (CD06809-41) or Vehicle Cream in the Treatment of Thin and Moderately Thick, Non-hyperkeratotic, Non-pigmented Actinic Keratosis of the Face and Scalp When Using Daylight Photodynamic Therapy (DL-PDT), for Subjects Achieving Complete Response of Treated Lesions at Final Visit in Study RD.06.SPR.112199"},"statusModule":{"statusVerifiedDate":"2021-08","overallStatus":"COMPLETED","expandedAccessInfo":{"hasExpandedAccess":false},"startDateStruct":{"date":"2020-04-15","type":"ACTUAL"},"primaryCompletionDateStruct":{"date":"2021-08-31","type":"ACTUAL"},"completionDateStruct":{"date":"2021-08-31","type":"ACTUAL"},"studyFirstSubmitDate":"2020-02-10","studyFirstSubmitQcDate":"2020-02-12","studyFirstPostDateStruct":{"date":"2020-02-13","type":"ACTUAL"},"lastUpdateSubmitDate":"2021-10-04","lastUpdatePostDateStruct":{"date":"2021-10-06","type":"ACTUAL"}},"sponsorCollaboratorsModule":{"responsibleParty":{"type":"SPONSOR"},"leadSponsor":{"name":"Galderma R&D","class":"INDUSTRY"}},"oversightModule":{"oversightHasDmc":true,"isFdaRegulatedDrug":true,"isFdaRegulatedDevice":false},"descriptionModule":{"briefSummary":"The primary purpose for this study is to assess recurrence of Actinic Keratosis in participants achieving complete response treated in earlier study.","detailedDescription":"This is a double-blind, multicenter, long-term follow-up study. The primary purpose of this study is to assess recurrence of Actinic Keratosis in participants treated with Methyl aminolevulinate hydrochloride (MAL) 16.8 percent (%) cream (CD06809-41) or vehicle cream in the treatment of thin and moderately thick, non-hyperkeratotic, non-pigmented actinic keratosis of the face and scalp when using daylight photodynamic therapy (DL-PDT), for participants achieving complete response of treated lesions at Final Visit in Study RD.06.SPR.112199 (NCT04085367)."},"conditionsModule":{"conditions":["Keratosis, Actinic"]},"designModule":{"studyType":"INTERVENTIONAL","phases":["PHASE3"],"designInfo":{"allocation":"RANDOMIZED","interventionModel":"PARALLEL","primaryPurpose":"PREVENTION","maskingInfo":{"masking":"DOUBLE","whoMasked":["PARTICIPANT","INVESTIGATOR"]}},"enrollmentInfo":{"count":130,"type":"ACTUAL"}},"armsInterventionsModule":{"armGroups":[{"label":"MAL Cream Arm","type":"ACTIVE_COMPARATOR","description":"Participants who completed the study RD.06.SPR.112199 (NCT04085367) and achieved complete response of all treated lesions at the final visit of the active cream group, will continue for long-term follow-up to evaluate recurrence of AKs in this study.","interventionNames":["Drug: MAL Cream"]},{"label":"Vehicle Cream Arm","type":"PLACEBO_COMPARATOR","description":"Participants who completed the study RD.06.SPR.112199 (NCT04085367) and achieved complete response of all treated lesions at the final visit in the vehicle cream group, will continue for long-term follow-up to evaluate recurrence of AKs in this study.","interventionNames":["Drug: Vehicle cream"]}],"interventions":[{"type":"DRUG","name":"MAL Cream","description":"No intervention will be administered as a part of this study. Participants who received MAL cream in RD.06.SPR.112199 study will be rolled over in the study.","armGroupLabels":["MAL Cream Arm"],"otherNames":["CD06809-41"]},{"type":"DRUG","name":"Vehicle cream","description":"No intervention will be administered as a part of this study. Participants who received vehicle cream in RD.06.SPR.112199 study and achieved complete response, will be rolled over in the study.","armGroupLabels":["Vehicle Cream Arm"]}]},"outcomesModule":{"primaryOutcomes":[{"measure":"Proportion of Participants with Recurrence of Any (>=1) Cleared Treated Actinic Keratosis (AK) Lesions at Visit 3","description":"Proportion of participants with recurrence of any (greater than or equal to \\[\\>=\\]1) cleared treated AK lesions at Visit 3 that is 52 weeks after the last daylight photodynamic therapy (DL-PDT) treatment will be reported.","timeFrame":"VIsit 3 (52 weeks after last DL-PDT treatment)"}],"secondaryOutcomes":[{"measure":"Lesion Recurrence","description":"Lesion recurrence (percentage of cleared treated lesions) at Visits 2 and 3 after the last DL-PDT treatment will be reported.","timeFrame":"Visits 2 and 3 (26 and 52 weeks after the last DL-PDT treatment )"},{"measure":"Proportion of Participants with Recurrence of Any (>=1) Cleared Treated AK Lesions at Visit 2","description":"Proportion of participants with recurrence of any (\\>=1) cleared treated AK lesions at Visit 2 that is 26 weeks after the last DL-PDT treatment will be reported.","timeFrame":"VIsit 2 (26 weeks after last DL-PDT treatment)"}]},"eligibilityModule":{"eligibilityCriteria":"Inclusion Criteria:\n\n* Participants who have completed earlier study RD.06.SPR.112199 (NCT04085367) and achieved complete response at last visit\n* Participants fully understand and sign an informed consent form (ICF) before any study procedure begins\n* Participants willing and able to perform all study protocol requirements\n\nExclusion Criteria:\n\n* Participants developing or experiencing any condition that may not be safe for them or not compliant will be excluded\n* Pertinent not compliant with study conditions or PI instructions during the earlier study - Lumexia Ph 3","healthyVolunteers":false,"sex":"ALL","minimumAge":"18 Years","stdAges":["ADULT","OLDER_ADULT"]},"contactsLocationsModule":{"locations":[{"facility":"Galderma Investigational Site (Site#8447)","city":"Fort Smith","state":"Arkansas","zip":"72916","country":"United States","geoPoint":{"lat":35.38592,"lon":-94.39855}},{"facility":"Galderma Investigational Site (Site#8577)","city":"Encinitas","state":"California","zip":"92024","country":"United States","geoPoint":{"lat":33.03699,"lon":-117.29198}},{"facility":"Galderma Investigational Site (Site#8636)","city":"Fountain Valley","state":"California","zip":"92708","country":"United States","geoPoint":{"lat":33.70918,"lon":-117.95367}},{"facility":"Galderma Investigational Site (Site#8224)","city":"Fremont","state":"California","zip":"94538","country":"United States","geoPoint":{"lat":37.54827,"lon":-121.98857}},{"facility":"Galderma Investigational Site (Site#8778)","city":"Denver","state":"Colorado","zip":"80210","country":"United States","geoPoint":{"lat":39.73915,"lon":-104.9847}},{"facility":"Galderma Investigational Site (Site#8440)","city":"Greenwood Village","state":"Colorado","zip":"80111","country":"United States","geoPoint":{"lat":39.61721,"lon":-104.95081}},{"facility":"Galderma Investigational Site (Site#8479)","city":"Bradenton","state":"Florida","zip":"34209","country":"United States","geoPoint":{"lat":27.49893,"lon":-82.57482}},{"facility":"Galderma Investigational Site (Site#8769)","city":"Lake Worth","state":"Florida","zip":"33461","country":"United States","geoPoint":{"lat":26.61708,"lon":-80.07231}},{"facility":"Galderma Investigational Site (8770)","city":"Lehigh Acres","state":"Florida","zip":"33936","country":"United States","geoPoint":{"lat":26.62535,"lon":-81.6248}},{"facility":"Galderma Investigational Site (Site#8765)","city":"North Miami Beach","state":"Florida","zip":"33162","country":"United States","geoPoint":{"lat":25.93315,"lon":-80.16255}},{"facility":"Galderma Investigational Site (Site#8734)","city":"Pembroke Pines","state":"Florida","zip":"33028","country":"United States","geoPoint":{"lat":26.00315,"lon":-80.22394}},{"facility":"Galderma Investigational Site (Site#8529)","city":"Sanford","state":"Florida","zip":"32771","country":"United States","geoPoint":{"lat":28.80041,"lon":-81.27319}},{"facility":"Galderma Investigational Site (Site#8126)","city":"West Palm Beach","state":"Florida","zip":"33401","country":"United States","geoPoint":{"lat":26.71534,"lon":-80.05337}},{"facility":"Galderma Investigational Site (Site#8667)","city":"Columbus","state":"Georgia","zip":"31904","country":"United States","geoPoint":{"lat":32.46098,"lon":-84.98771}},{"facility":"Galderma Investigational Site (Site#8755)","city":"Boise","state":"Idaho","zip":"83704","country":"United States","geoPoint":{"lat":43.6135,"lon":-116.20345}},{"facility":"Galderma Investigational Site","city":"Boise","state":"Idaho","zip":"83713","country":"United States","geoPoint":{"lat":43.6135,"lon":-116.20345}},{"facility":"Galderma Investigational Site (Site#8838)","city":"Darien","state":"Illinois","zip":"60561","country":"United States","geoPoint":{"lat":41.75193,"lon":-87.97421}},{"facility":"Galderma Investigational Site (Site#8724)","city":"Louisville","state":"Kentucky","zip":"40241","country":"United States","geoPoint":{"lat":38.25424,"lon":-85.75941}},{"facility":"Galderma Investigational Site (Site#8208)","city":"Beverly","state":"Massachusetts","zip":"01915","country":"United States","geoPoint":{"lat":42.55843,"lon":-70.88005}},{"facility":"Galderma Investigational Site (Site#8574)","city":"Clarkston","state":"Michigan","zip":"48346","country":"United States","geoPoint":{"lat":42.73586,"lon":-83.41883}},{"facility":"Galderma Investigational Site (Site#8757)","city":"Saint Joseph","state":"Michigan","zip":"49085","country":"United States","geoPoint":{"lat":42.10976,"lon":-86.48002}},{"facility":"Galderma Investigational Site","city":"Edina","state":"Minnesota","zip":"55410","country":"United States","geoPoint":{"lat":44.88969,"lon":-93.34995}},{"facility":"Galderma Investigational Site","city":"Saint Louis","state":"Missouri","zip":"63141","country":"United States","geoPoint":{"lat":38.62727,"lon":-90.19789}},{"facility":"Galderma Investigational Site (Site#8048)","city":"Omaha","state":"Nebraska","zip":"68144","country":"United States","geoPoint":{"lat":41.25626,"lon":-95.94043}},{"facility":"Galderma Investigational Site 9Site#8420)","city":"Portsmouth","state":"New Hampshire","zip":"03801","country":"United States","geoPoint":{"lat":43.07176,"lon":-70.76255}},{"facility":"Galderma Investigational Site (Site#8759)","city":"Albuquerque","state":"New Mexico","zip":"87102","country":"United States","geoPoint":{"lat":35.08449,"lon":-106.65114}},{"facility":"Galderma Investigational Site","city":"Brooklyn","state":"New York","zip":"11209","country":"United States","geoPoint":{"lat":40.6501,"lon":-73.94958}},{"facility":"Galderma Investigational Site","city":"New York","state":"New York","zip":"10010","country":"United States","geoPoint":{"lat":40.71427,"lon":-74.00597}},{"facility":"Galderma Investigational Site","city":"New York","state":"New York","zip":"10022","country":"United States","geoPoint":{"lat":40.71427,"lon":-74.00597}},{"facility":"Galderma Investigational Site","city":"New York","state":"New York","zip":"10029-6501","country":"United States","geoPoint":{"lat":40.71427,"lon":-74.00597}},{"facility":"Galderma Investigational Site","city":"New York","state":"New York","zip":"10075","country":"United States","geoPoint":{"lat":40.71427,"lon":-74.00597}},{"facility":"Galderma Investigational Site (Site#8566)","city":"Charlotte","state":"North Carolina","zip":"28277","country":"United States","geoPoint":{"lat":35.22709,"lon":-80.84313}},{"facility":"Galderma Investigational Site (Site#8595)","city":"Dublin","state":"Ohio","zip":"43016","country":"United States","geoPoint":{"lat":40.09923,"lon":-83.11408}},{"facility":"Galderma Investigational Site (Site#8212)","city":"Portland","state":"Oregon","zip":"97210","country":"United States","geoPoint":{"lat":45.52345,"lon":-122.67621}},{"facility":"Galderma Investigational Site","city":"Philadelphia","state":"Pennsylvania","zip":"19103","country":"United States","geoPoint":{"lat":39.95233,"lon":-75.16379}},{"facility":"Galderma Investigational Site","city":"Pittsburgh","state":"Pennsylvania","zip":"15213","country":"United States","geoPoint":{"lat":40.44062,"lon":-79.99589}},{"facility":"Galderma Investigational Site","city":"Sugarloaf","state":"Pennsylvania","zip":"18249","country":"United States","geoPoint":{"lat":40.98615,"lon":-76.08475}},{"facility":"Galderma Investigational Site (Site#8777)","city":"Charleston","state":"South Carolina","zip":"29407","country":"United States","geoPoint":{"lat":32.77657,"lon":-79.93092}},{"facility":"Galderma Investigational Site (Site#8207)","city":"Nashville","state":"Tennessee","zip":"37215","country":"United States","geoPoint":{"lat":36.16589,"lon":-86.78444}},{"facility":"Galderma Investigational Site (Site#8076)","city":"Austin","state":"Texas","zip":"78759","country":"United States","geoPoint":{"lat":30.26715,"lon":-97.74306}},{"facility":"Galderma Investigational Site (Site#8139)","city":"College Station","state":"Texas","zip":"77845","country":"United States","geoPoint":{"lat":30.62798,"lon":-96.33441}},{"facility":"Galderma Investigational Site (Site#8664)","city":"Frisco","state":"Texas","zip":"75034","country":"United States","geoPoint":{"lat":33.15067,"lon":-96.82361}},{"facility":"Galderma Investigational Site (Site#8576)","city":"Houston","state":"Texas","zip":"77056","country":"United States","geoPoint":{"lat":29.76328,"lon":-95.36327}},{"facility":"Galderma Investigational Site (Site#8546)","city":"Pflugerville","state":"Texas","zip":"78660","country":"United States","geoPoint":{"lat":30.43937,"lon":-97.62}},{"facility":"Galderma Investigational Site (Site#8776)","city":"Saint George","state":"Utah","zip":"84790","country":"United States","geoPoint":{"lat":37.10415,"lon":-113.58412}},{"facility":"Galderma Investigational Site (Site#8761)","city":"Salt Lake City","state":"Utah","zip":"84101","country":"United States","geoPoint":{"lat":40.76078,"lon":-111.89105}},{"facility":"Galderma Investigational Site (Site#8672)","city":"Salt Lake City","state":"Utah","zip":"84117","country":"United States","geoPoint":{"lat":40.76078,"lon":-111.89105}},{"facility":"Galderma Investigational Site (Site#8057)","city":"Lynchburg","state":"Virginia","zip":"24501","country":"United States","geoPoint":{"lat":37.41375,"lon":-79.14225}},{"facility":"Galderma Investigational Site (Site#8779)","city":"Seattle","state":"Washington","zip":"98168","country":"United States","geoPoint":{"lat":47.60621,"lon":-122.33207}},{"facility":"Galderma Investigational Site (Site#8760)","city":"Spokane","state":"Washington","zip":"99202","country":"United States","geoPoint":{"lat":47.65966,"lon":-117.42908}},{"facility":"Galderma Investigational Site 2(Site#8039)","city":"Spokane","state":"Washington","zip":"99202","country":"United States","geoPoint":{"lat":47.65966,"lon":-117.42908}},{"facility":"Galderma Investigational Site (Site#8725)","city":"Morgantown","state":"West Virginia","zip":"26505","country":"United States","geoPoint":{"lat":39.62953,"lon":-79.9559}},{"facility":"Galderma Investigational Site (Site#8231)","city":"Aibonito","zip":"00705","country":"Puerto Rico","geoPoint":{"lat":18.13996,"lon":-66.266}}],"locations_nested":[{"facility":"Galderma Investigational Site (Site#8447)","city":"Fort Smith","state":"Arkansas","zip":"72916","country":"United States","geoPoint":{"lat":35.38592,"lon":-94.39855}},{"facility":"Galderma Investigational Site (Site#8577)","city":"Encinitas","state":"California","zip":"92024","country":"United States","geoPoint":{"lat":33.03699,"lon":-117.29198}},{"facility":"Galderma Investigational Site (Site#8636)","city":"Fountain Valley","state":"California","zip":"92708","country":"United States","geoPoint":{"lat":33.70918,"lon":-117.95367}},{"facility":"Galderma Investigational Site (Site#8224)","city":"Fremont","state":"California","zip":"94538","country":"United States","geoPoint":{"lat":37.54827,"lon":-121.98857}},{"facility":"Galderma Investigational Site (Site#8778)","city":"Denver","state":"Colorado","zip":"80210","country":"United States","geoPoint":{"lat":39.73915,"lon":-104.9847}},{"facility":"Galderma Investigational Site (Site#8440)","city":"Greenwood Village","state":"Colorado","zip":"80111","country":"United States","geoPoint":{"lat":39.61721,"lon":-104.95081}},{"facility":"Galderma Investigational Site (Site#8479)","city":"Bradenton","state":"Florida","zip":"34209","country":"United States","geoPoint":{"lat":27.49893,"lon":-82.57482}},{"facility":"Galderma Investigational Site (Site#8769)","city":"Lake Worth","state":"Florida","zip":"33461","country":"United States","geoPoint":{"lat":26.61708,"lon":-80.07231}},{"facility":"Galderma Investigational Site (8770)","city":"Lehigh Acres","state":"Florida","zip":"33936","country":"United States","geoPoint":{"lat":26.62535,"lon":-81.6248}},{"facility":"Galderma Investigational Site (Site#8765)","city":"North Miami Beach","state":"Florida","zip":"33162","country":"United States","geoPoint":{"lat":25.93315,"lon":-80.16255}},{"facility":"Galderma Investigational Site (Site#8734)","city":"Pembroke Pines","state":"Florida","zip":"33028","country":"United States","geoPoint":{"lat":26.00315,"lon":-80.22394}},{"facility":"Galderma Investigational Site (Site#8529)","city":"Sanford","state":"Florida","zip":"32771","country":"United States","geoPoint":{"lat":28.80041,"lon":-81.27319}},{"facility":"Galderma Investigational Site (Site#8126)","city":"West Palm Beach","state":"Florida","zip":"33401","country":"United States","geoPoint":{"lat":26.71534,"lon":-80.05337}},{"facility":"Galderma Investigational Site (Site#8667)","city":"Columbus","state":"Georgia","zip":"31904","country":"United States","geoPoint":{"lat":32.46098,"lon":-84.98771}},{"facility":"Galderma Investigational Site (Site#8755)","city":"Boise","state":"Idaho","zip":"83704","country":"United States","geoPoint":{"lat":43.6135,"lon":-116.20345}},{"facility":"Galderma Investigational Site","city":"Boise","state":"Idaho","zip":"83713","country":"United States","geoPoint":{"lat":43.6135,"lon":-116.20345}},{"facility":"Galderma Investigational Site (Site#8838)","city":"Darien","state":"Illinois","zip":"60561","country":"United States","geoPoint":{"lat":41.75193,"lon":-87.97421}},{"facility":"Galderma Investigational Site (Site#8724)","city":"Louisville","state":"Kentucky","zip":"40241","country":"United States","geoPoint":{"lat":38.25424,"lon":-85.75941}},{"facility":"Galderma Investigational Site (Site#8208)","city":"Beverly","state":"Massachusetts","zip":"01915","country":"United States","geoPoint":{"lat":42.55843,"lon":-70.88005}},{"facility":"Galderma Investigational Site (Site#8574)","city":"Clarkston","state":"Michigan","zip":"48346","country":"United States","geoPoint":{"lat":42.73586,"lon":-83.41883}},{"facility":"Galderma Investigational Site (Site#8757)","city":"Saint Joseph","state":"Michigan","zip":"49085","country":"United States","geoPoint":{"lat":42.10976,"lon":-86.48002}},{"facility":"Galderma Investigational Site","city":"Edina","state":"Minnesota","zip":"55410","country":"United States","geoPoint":{"lat":44.88969,"lon":-93.34995}},{"facility":"Galderma Investigational Site","city":"Saint Louis","state":"Missouri","zip":"63141","country":"United States","geoPoint":{"lat":38.62727,"lon":-90.19789}},{"facility":"Galderma Investigational Site (Site#8048)","city":"Omaha","state":"Nebraska","zip":"68144","country":"United States","geoPoint":{"lat":41.25626,"lon":-95.94043}},{"facility":"Galderma Investigational Site 9Site#8420)","city":"Portsmouth","state":"New Hampshire","zip":"03801","country":"United States","geoPoint":{"lat":43.07176,"lon":-70.76255}},{"facility":"Galderma Investigational Site (Site#8759)","city":"Albuquerque","state":"New Mexico","zip":"87102","country":"United States","geoPoint":{"lat":35.08449,"lon":-106.65114}},{"facility":"Galderma Investigational Site","city":"Brooklyn","state":"New York","zip":"11209","country":"United States","geoPoint":{"lat":40.6501,"lon":-73.94958}},{"facility":"Galderma Investigational Site","city":"New York","state":"New York","zip":"10010","country":"United States","geoPoint":{"lat":40.71427,"lon":-74.00597}},{"facility":"Galderma Investigational Site","city":"New York","state":"New York","zip":"10022","country":"United States","geoPoint":{"lat":40.71427,"lon":-74.00597}},{"facility":"Galderma Investigational Site","city":"New York","state":"New York","zip":"10029-6501","country":"United States","geoPoint":{"lat":40.71427,"lon":-74.00597}},{"facility":"Galderma Investigational Site","city":"New York","state":"New York","zip":"10075","country":"United States","geoPoint":{"lat":40.71427,"lon":-74.00597}},{"facility":"Galderma Investigational Site (Site#8566)","city":"Charlotte","state":"North Carolina","zip":"28277","country":"United States","geoPoint":{"lat":35.22709,"lon":-80.84313}},{"facility":"Galderma Investigational Site (Site#8595)","city":"Dublin","state":"Ohio","zip":"43016","country":"United States","geoPoint":{"lat":40.09923,"lon":-83.11408}},{"facility":"Galderma Investigational Site (Site#8212)","city":"Portland","state":"Oregon","zip":"97210","country":"United States","geoPoint":{"lat":45.52345,"lon":-122.67621}},{"facility":"Galderma Investigational Site","city":"Philadelphia","state":"Pennsylvania","zip":"19103","country":"United States","geoPoint":{"lat":39.95233,"lon":-75.16379}},{"facility":"Galderma Investigational Site","city":"Pittsburgh","state":"Pennsylvania","zip":"15213","country":"United States","geoPoint":{"lat":40.44062,"lon":-79.99589}},{"facility":"Galderma Investigational Site","city":"Sugarloaf","state":"Pennsylvania","zip":"18249","country":"United States","geoPoint":{"lat":40.98615,"lon":-76.08475}},{"facility":"Galderma Investigational Site (Site#8777)","city":"Charleston","state":"South Carolina","zip":"29407","country":"United States","geoPoint":{"lat":32.77657,"lon":-79.93092}},{"facility":"Galderma Investigational Site (Site#8207)","city":"Nashville","state":"Tennessee","zip":"37215","country":"United States","geoPoint":{"lat":36.16589,"lon":-86.78444}},{"facility":"Galderma Investigational Site (Site#8076)","city":"Austin","state":"Texas","zip":"78759","country":"United States","geoPoint":{"lat":30.26715,"lon":-97.74306}},{"facility":"Galderma Investigational Site (Site#8139)","city":"College Station","state":"Texas","zip":"77845","country":"United States","geoPoint":{"lat":30.62798,"lon":-96.33441}},{"facility":"Galderma Investigational Site (Site#8664)","city":"Frisco","state":"Texas","zip":"75034","country":"United States","geoPoint":{"lat":33.15067,"lon":-96.82361}},{"facility":"Galderma Investigational Site (Site#8576)","city":"Houston","state":"Texas","zip":"77056","country":"United States","geoPoint":{"lat":29.76328,"lon":-95.36327}},{"facility":"Galderma Investigational Site (Site#8546)","city":"Pflugerville","state":"Texas","zip":"78660","country":"United States","geoPoint":{"lat":30.43937,"lon":-97.62}},{"facility":"Galderma Investigational Site (Site#8776)","city":"Saint George","state":"Utah","zip":"84790","country":"United States","geoPoint":{"lat":37.10415,"lon":-113.58412}},{"facility":"Galderma Investigational Site (Site#8761)","city":"Salt Lake City","state":"Utah","zip":"84101","country":"United States","geoPoint":{"lat":40.76078,"lon":-111.89105}},{"facility":"Galderma Investigational Site (Site#8672)","city":"Salt Lake City","state":"Utah","zip":"84117","country":"United States","geoPoint":{"lat":40.76078,"lon":-111.89105}},{"facility":"Galderma Investigational Site (Site#8057)","city":"Lynchburg","state":"Virginia","zip":"24501","country":"United States","geoPoint":{"lat":37.41375,"lon":-79.14225}},{"facility":"Galderma Investigational Site (Site#8779)","city":"Seattle","state":"Washington","zip":"98168","country":"United States","geoPoint":{"lat":47.60621,"lon":-122.33207}},{"facility":"Galderma Investigational Site (Site#8760)","city":"Spokane","state":"Washington","zip":"99202","country":"United States","geoPoint":{"lat":47.65966,"lon":-117.42908}},{"facility":"Galderma Investigational Site 2(Site#8039)","city":"Spokane","state":"Washington","zip":"99202","country":"United States","geoPoint":{"lat":47.65966,"lon":-117.42908}},{"facility":"Galderma Investigational Site (Site#8725)","city":"Morgantown","state":"West Virginia","zip":"26505","country":"United States","geoPoint":{"lat":39.62953,"lon":-79.9559}},{"facility":"Galderma Investigational Site (Site#8231)","city":"Aibonito","zip":"00705","country":"Puerto Rico","geoPoint":{"lat":18.13996,"lon":-66.266}}]}},"derivedSection":{"miscInfoModule":{"versionHolder":"2023-06-29","submissionTracking":{"estimatedResultsFirstSubmitDate":"2023-05-27","submissionInfos":[{"releaseDate":"2023-05-27","resetDate":"2023-06-21","mcpReleaseN":6}]},"modelPredictions":{"bmiLimits":{"minBmi":0.00,"maxBmi":101.00}}},"conditionBrowseModule":{"meshes":[{"id":"D000055623","term":"Keratosis, Actinic"},{"id":"D000007642","term":"Keratosis"},{"id":"D000012008","term":"Recurrence"}],"ancestors":[{"id":"D000020969","term":"Disease Attributes"},{"id":"D000010335","term":"Pathologic Processes"},{"id":"D000012871","term":"Skin Diseases"},{"id":"D000011230","term":"Precancerous Conditions"},{"id":"D000009369","term":"Neoplasms"}],"browseLeaves":[{"id":"M14540","name":"Recurrence","asFound":"Recurrence","relevance":"HIGH"},{"id":"M27958","name":"Keratosis, Actinic","asFound":"Keratosis","relevance":"HIGH"},{"id":"M10358","name":"Keratosis","asFound":"Keratosis","relevance":"HIGH"},{"id":"M20779","name":"Facies","relevance":"LOW"},{"id":"M22390","name":"Disease Attributes","relevance":"LOW"},{"id":"M15364","name":"Skin Diseases","relevance":"LOW"},{"id":"M13801","name":"Precancerous Conditions","relevance":"LOW"}],"browseBranches":[{"abbrev":"BC23","name":"Symptoms and General Pathology"},{"abbrev":"All","name":"All Conditions"},{"abbrev":"BC04","name":"Neoplasms"},{"abbrev":"BC17","name":"Skin and Connective Tissue Diseases"}]},"interventionBrowseModule":{"browseLeaves":[{"id":"M3650","name":"Aminolevulinic Acid","relevance":"LOW"},{"id":"M245486","name":"Methyl 5-aminolevulinate","relevance":"LOW"}],"browseBranches":[{"abbrev":"Derm","name":"Dermatologic Agents"},{"abbrev":"All","name":"All Drugs and Chemicals"}]}},"hasResults":false}