{"protocolSection":{"identificationModule":{"nctId":"NCT03474016","orgStudyIdInfo":{"id":"CFDAIIUASABFDOBC"},"organization":{"fullName":"Assiut University","class":"OTHER"},"briefTitle":"Cell Free DNA and Its Integrity Using ALU Sequences as a Biomarker for Diagnosis of Breast Cancer","officialTitle":"The Role of Circulating Cell-free DNA and Its Integrity Using ALU (247/115) bp Sequences as a Biomarker for Diagnosis of Breast Cancer"},"statusModule":{"statusVerifiedDate":"2018-05","overallStatus":"UNKNOWN","lastKnownStatus":"NOT_YET_RECRUITING","expandedAccessInfo":{"hasExpandedAccess":false},"startDateStruct":{"date":"2018-07","type":"ESTIMATED"},"primaryCompletionDateStruct":{"date":"2020-01","type":"ESTIMATED"},"completionDateStruct":{"date":"2020-07","type":"ESTIMATED"},"studyFirstSubmitDate":"2018-03-16","studyFirstSubmitQcDate":"2018-03-21","studyFirstPostDateStruct":{"date":"2018-03-22","type":"ACTUAL"},"lastUpdateSubmitDate":"2018-05-17","lastUpdatePostDateStruct":{"date":"2018-05-21","type":"ACTUAL"}},"sponsorCollaboratorsModule":{"responsibleParty":{"type":"PRINCIPAL_INVESTIGATOR","investigatorFullName":"Fatma Mostafa Mohamed","investigatorTitle":"Principle investigator","investigatorAffiliation":"Assiut University"},"leadSponsor":{"name":"Assiut University","class":"OTHER"}},"oversightModule":{"oversightHasDmc":false,"isFdaRegulatedDrug":false,"isFdaRegulatedDevice":false},"descriptionModule":{"briefSummary":"Breast cancer (BC) is the most common cancer in women worldwide, and is the leading cause of death from cancer among women globally. Mammography is the standard method for early detection of BC in many countries, with over 1.3 million annually new diagnosed cases.In Egypt, breast cancer is the most common cancer in females accounting for 38.8% of all female cancers.","detailedDescription":"Breast cancer (BC) is the most common cancer in women worldwide, and is the leading cause of death from cancer among women globally. Mammography is the standard method for early detection of BC in many countries, with over 1.3 million annually new diagnosed cases.In Egypt, breast cancer is the most common cancer in females accounting for 38.8% of all female cancers. Whereas radiological screening programs have been successfully applied in detecting breast cancer in earlier stages, no valuable blood biomarkers have been yet identified for that purpose. However, false-positive recall rates vary according to age, breast density, and postmenopausal hormonal therapy, among other. For women with dense breasts, the accuracy of mammography is decreased. Circulating serum marker for monitoring of BC have been in development for several decades. Conventional tumor markers, such as cancer antigen 15-3 (CA15-3), carcinoembryonic antigen (CEA)), and circulating tumor cell count (CTC), are clinically available, however, their usefulness is mostly limited to patients with advanced and metastatic BC (MBC). Hence, there is a need for developing new biomarkers which can be used as valuable tools in identifying high risk patients, to predict disease prognosis and thus have an impact in patient management.Cell free DNA (cfDNA) are short fragments of nucleic acids present in the circulation. Multiple studies also have indicated elevated levels of cf DNA in breast cancer. The ALU(Arthrobacter luteus) sequences were chosen, as they are the most abundant and active repeated elements in the human genome, typically 300 nucleotides in length, accounting for more than 10% of the genome. DNA integrity was calculated as the ratio of (ALU247/ALU115). As the annealing sites of ALU115 are within the ALU247 annealing sites, thus the ratio of ALU247 to ALU115 is termed as DNA integrity. It characterizes the fragmentation pattern of circulating cell free DNA. The DNA integrity is \"1\" if template DNA is not truncated and \"0\" if DNA is completely truncated to fragments smaller than 247 bp (base pair). Thus it has been assessed for its diagnostic and prognostic potential role in breast cancer patients"},"conditionsModule":{"conditions":["Breast Cancer"]},"designModule":{"studyType":"OBSERVATIONAL","patientRegistry":false,"designInfo":{"observationalModel":"OTHER","timePerspective":"OTHER"},"enrollmentInfo":{"count":116,"type":"ESTIMATED"}},"armsInterventionsModule":{"armGroups":[{"label":"Patients with early breast cancer(30)","interventionNames":["Diagnostic Test: Mammography-Histopathological examination of breast mass specimens- polymerase chain reaction"]},{"label":"Patients with advanced breast cancer(30)","interventionNames":["Diagnostic Test: Mammography-Histopathological examination of breast mass specimens- polymerase chain reaction"]},{"label":"Patients with benign breast diseases(20)","interventionNames":["Diagnostic Test: Mammography-Histopathological examination of breast mass specimens- polymerase chain reaction"]},{"label":"Apparently healthy females as a control group(36)","interventionNames":["Diagnostic Test: Mammography-Histopathological examination of breast mass specimens- polymerase chain reaction"]}],"interventions":[{"type":"DIAGNOSTIC_TEST","name":"Mammography-Histopathological examination of breast mass specimens- polymerase chain reaction","description":"Mammography-Histopathological examination of breast mass specimens-Detection of long and short DNA fragments in serum using real-time quantitative polymerase chain reaction","armGroupLabels":["Apparently healthy females as a control group(36)","Patients with advanced breast cancer(30)","Patients with benign breast diseases(20)","Patients with early breast cancer(30)"]}]},"outcomesModule":{"primaryOutcomes":[{"measure":"Diagnostic values of cell free DNA using ALU (Arthrobacter luteus) sequence levels (247 bp (base pair), 115bp) and its integrity in peripheral blood of breast cancer patients as non invasive marker.","timeFrame":"3 days"}]},"eligibilityModule":{"eligibilityCriteria":"Inclusion Criteria:\n\n* All patients enrolled before initiation of any treatment.\n\nExclusion Criteria:\n\n* Any other malignant or benign tumors.\n* Active inflammatory or autoimmune diseases.\n* Renal or liver diseases.","healthyVolunteers":true,"sex":"FEMALE","genderBased":true,"minimumAge":"19 Years","maximumAge":"80 Years","stdAges":["ADULT","OLDER_ADULT"],"studyPopulation":"This study will be conducted on one hundred informed and consented female individuals (according to the guidelines of ethical committee of faculty of Medicine, Assuit University and South Egypt Cancer Institute.","samplingMethod":"NON_PROBABILITY_SAMPLE"}},"derivedSection":{"miscInfoModule":{"versionHolder":"2023-06-29","modelPredictions":{"bmiLimits":{"minBmi":0.00,"maxBmi":101.00}}},"conditionBrowseModule":{"meshes":[{"id":"D000001943","term":"Breast Neoplasms"}],"ancestors":[{"id":"D000009371","term":"Neoplasms by Site"},{"id":"D000009369","term":"Neoplasms"},{"id":"D000001941","term":"Breast Diseases"},{"id":"D000012871","term":"Skin Diseases"}],"browseLeaves":[{"id":"M4910","name":"Breast Neoplasms","asFound":"Breast Cancer","relevance":"HIGH"},{"id":"M4908","name":"Breast Diseases","relevance":"LOW"},{"id":"M15364","name":"Skin Diseases","relevance":"LOW"}],"browseBranches":[{"abbrev":"BC04","name":"Neoplasms"},{"abbrev":"BC17","name":"Skin and Connective Tissue Diseases"},{"abbrev":"All","name":"All Conditions"}]},"interventionBrowseModule":{}},"hasResults":false}