{"protocolSection":{"identificationModule":{"nctId":"NCT02669745","orgStudyIdInfo":{"id":"P-0125"},"organization":{"fullName":"Agendia","class":"INDUSTRY"},"briefTitle":"The Study of Molecular Risk Panels (70-gene Assay) in Chinese Breast Cancer Patients","officialTitle":"The Study of Molecular Risk Panels in Chinese Breast Cancer Patient Using Mammaprint, TargetPrint, BluePrint and Research Gene Panel Assays."},"statusModule":{"statusVerifiedDate":"2019-07","overallStatus":"COMPLETED","expandedAccessInfo":{"hasExpandedAccess":false},"startDateStruct":{"date":"2012-01","type":"ACTUAL"},"primaryCompletionDateStruct":{"date":"2019-05","type":"ACTUAL"},"completionDateStruct":{"date":"2019-05","type":"ACTUAL"},"studyFirstSubmitDate":"2016-01-28","studyFirstSubmitQcDate":"2016-01-28","studyFirstPostDateStruct":{"date":"2016-02-01","type":"ESTIMATED"},"lastUpdateSubmitDate":"2019-07-01","lastUpdatePostDateStruct":{"date":"2019-07-02","type":"ACTUAL"}},"sponsorCollaboratorsModule":{"responsibleParty":{"type":"SPONSOR"},"leadSponsor":{"name":"Agendia","class":"INDUSTRY"}},"oversightModule":{"oversightHasDmc":false},"descriptionModule":{"briefSummary":"This study is experimental and will prospectively assess the proportion of patients in the two (2) MammaPrint Risk categories in patients of Chinese descent.","detailedDescription":"The incidence of breast cancer in Chinese women is lower than that of a Western population. Breast cancer is the most common cancer in Chinese women and the incidence is rising. Moreover there are more premenopausal women with breast cancer where the breast cancer incidence peaks in the forties and the postmenopausal rise in incidence is less commonly seen. As the genetic predisposition to breast cancer is increasingly understood, it has been suggested that the differences in breast cancer incidence in different ethnic populations is potentially due to interactions between lifestyle and genetic characteristics. To date, the use of Agendia's gene expression assays in Chinese women has not been studied. In this study, the feasibility of the gene-expression prognostic assays for risk assessment in this specific group will be assessed. Moreover, the specific molecular characteristics and potential biomarkers will be studied, focusing especially on the large group of premenopausal breast cancer patients."},"conditionsModule":{"conditions":["Chinese"],"keywords":["Chinese women","Breast cancer"]},"designModule":{"studyType":"OBSERVATIONAL","patientRegistry":false,"designInfo":{"observationalModel":"OTHER","timePerspective":"PROSPECTIVE"},"enrollmentInfo":{"count":64,"type":"ACTUAL"}},"armsInterventionsModule":{"armGroups":[{"label":"Women of Chinese Descent","description":"Females of Chinese descent, aged 18 year to 70 year, diagnosed with Stage 1 or Stage 2 (excluding those involving more than 3 lymph nodes) breast cancer."}]},"outcomesModule":{"primaryOutcomes":[{"measure":"Comparing MammaPrint with Clinical Risk Assessment","description":"The MammaPrint risk assessment outcomes will be compared with conventionally used risk assessments determined by clinical parameters, standard staging and IHC analysis (Adjuvant! Online) in a population of Chinese patients with breast cancer.","timeFrame":"6 weeks"}]},"eligibilityModule":{"eligibilityCriteria":"Inclusion Criteria:\n\n* Females aged 18 year to 70 year,\n* diagnosis of Stage I or Stage II (excluding those involving more than 3 lymph nodes) Breast Cancer\n* Chinese descent\n\nExclusion Criteria:\n\n* Stage II Breast Cancer with more than 3 positive lymph nodes","healthyVolunteers":false,"sex":"FEMALE","minimumAge":"18 Years","maximumAge":"70 Years","stdAges":["ADULT","OLDER_ADULT"],"studyPopulation":"Women of Chinese Descent with Stage I or Stage II Breast Cancer","samplingMethod":"NON_PROBABILITY_SAMPLE"},"contactsLocationsModule":{"locations":[{"facility":"Columbia University Medical Center","city":"New York","state":"New York","zip":"10032","country":"United States","geoPoint":{"lat":40.71427,"lon":-74.00597}}],"locations_nested":[{"facility":"Columbia University Medical Center","city":"New York","state":"New York","zip":"10032","country":"United States","geoPoint":{"lat":40.71427,"lon":-74.00597}}]},"ipdSharingStatementModule":{"ipdSharing":"UNDECIDED"}},"derivedSection":{"miscInfoModule":{"versionHolder":"2023-06-29","modelPredictions":{"bmiLimits":{"minBmi":0.00,"maxBmi":101.00}}},"conditionBrowseModule":{"meshes":[{"id":"D000001943","term":"Breast Neoplasms"}],"ancestors":[{"id":"D000009371","term":"Neoplasms by Site"},{"id":"D000009369","term":"Neoplasms"},{"id":"D000001941","term":"Breast Diseases"},{"id":"D000012871","term":"Skin Diseases"}],"browseLeaves":[{"id":"M4910","name":"Breast Neoplasms","asFound":"Breast Cancer","relevance":"HIGH"},{"id":"M4908","name":"Breast Diseases","relevance":"LOW"},{"id":"M15364","name":"Skin Diseases","relevance":"LOW"}],"browseBranches":[{"abbrev":"BC04","name":"Neoplasms"},{"abbrev":"BC17","name":"Skin and Connective Tissue Diseases"},{"abbrev":"All","name":"All Conditions"}]},"interventionBrowseModule":{}},"hasResults":false}