{"protocolSection":{"identificationModule":{"nctId":"NCT04362852","orgStudyIdInfo":{"id":"PFACTR02"},"organization":{"fullName":"Boston Children's Hospital","class":"OTHER"},"briefTitle":"Patient Forward Access to Clinical and Technological Research: Genetic Influences on Cancer and Atopic Dermatitis","officialTitle":"The Manton Center for Orphan Disease Research Gene Discovery Core (GDC)","acronym":"PFACTR02"},"statusModule":{"statusVerifiedDate":"2022-05","overallStatus":"COMPLETED","expandedAccessInfo":{"hasExpandedAccess":false},"startDateStruct":{"date":"2020-02-01","type":"ACTUAL"},"primaryCompletionDateStruct":{"date":"2021-12-31","type":"ACTUAL"},"completionDateStruct":{"date":"2021-12-31","type":"ACTUAL"},"studyFirstSubmitDate":"2020-04-23","studyFirstSubmitQcDate":"2020-04-23","studyFirstPostDateStruct":{"date":"2020-04-27","type":"ACTUAL"},"lastUpdateSubmitDate":"2022-05-06","lastUpdatePostDateStruct":{"date":"2022-05-09","type":"ACTUAL"}},"sponsorCollaboratorsModule":{"responsibleParty":{"type":"PRINCIPAL_INVESTIGATOR","investigatorFullName":"Pankaj Agrawal","investigatorTitle":"Associate Professor of Pediatrics","investigatorAffiliation":"Boston Children's Hospital"},"leadSponsor":{"name":"Boston Children's Hospital","class":"OTHER"},"collaborators":[{"name":"Pfizer","class":"INDUSTRY"}]},"oversightModule":{"oversightHasDmc":false,"isFdaRegulatedDrug":false,"isFdaRegulatedDevice":false},"descriptionModule":{"briefSummary":"This Patient Forward study intends to conduct research to investigate potential genetic factors causing cancer and eczema/atopic dermatitis. The study utilizes a patient-centered design and is led by a collaborative team including The Manton Center for Orphan Disease Research, Inspire, Citizen Genetics and Pfizer. The Manton Center for Orphan Disease Research, a research program at Boston Children's Hospital that focuses on determining the genetic causes of rare and undiagnosed disorders, will work collaboratively with Inspire (inspire.com), a patient-focused research platform and social network with millions of users, to identify and recruit patients and family members for this genetic research study. Participants for this study will be asked to provide health information through surveys, questionnaires and/or interviews, and to provide a genetic sample through a blood draw or saliva sample. The study intends to combine this information to learn more about the genetic drivers in cancer and eczema/atopic dermatitis.","detailedDescription":"Inspire will survey its members who have eczema/atopic dermatitis or have had cancer to identify patients that match the health criteria for the study including 1) a diagnosis of one of the two diseases under investigation, and 2) evidence of a family history of the disease. Participants will be referred to the Manton Center by Inspire for outreach and consent. After consenting to participation, participants will be asked to participate in the study by providing 1) relevant medical information/records and family history and 2) a blood/saliva/DNA sample for genetic analysis.\n\nThe health and family history information allows the investigators to gain a better understanding of the specific disease symptoms seen in an individual or family. The blood/saliva sample is used to obtain DNA which can then be analyzed to identify if there may be a genetic basis of disease pathophysiology using various tools including exome genomic sequencing, genetic variant analysis, familial genotyping and cross-mapping with disease phenotype and severity.\n\nThis study will be ongoing for an indefinite period of time, and participation is continuous unless an individual requests to be removed from the study. Participants can request to withdraw at any time. Active participation primarily takes place at the time of enrollment and on a case-by-case basis thereafter for providing clinical updates and/or additional samples. Risks include those associated with routine blood draws/saliva sample collections and emotional distress associated with genetic and/or medical research. Risks are minimized as much as possible by an open consent process and privacy/confidentiality safeguards, including a certificate of confidentiality from the NIH and the use of de-identified, numerical codes to refer to participants with collaborators.\n\nAlthough there may not be immediate, direct benefits to participants, the possible benefits of this study include: 1) the development of new diagnostic tests and more detailed prognostic information for participants and their families and their disease-linked patient communities and 2) a better understanding of the pathophysiology of these conditions, leading to the development of new potential treatments. Furthermore, this study offers to return genetic test results that are unrelated to cancer and eczema/atopic dermatitis, but are results that may impact health, like an inherited risk for cancer. The American College of Medical Genetics (ACMG) has recommended that findings identified in a subset of medically actionable genes associated with various inherited disorders be reported for those undergoing genomic sequencing. Pathogenic findings in this subset of genes will be returned to the participant."},"conditionsModule":{"conditions":["Eczema/Atopic Dermatitis","Cancer"],"keywords":["lung cancer","atopic dermatitis","eczema","genetic testing","genomics","genomic profiling","whole exome","social media","patient centered"]},"designModule":{"studyType":"OBSERVATIONAL","patientRegistry":false,"designInfo":{"observationalModel":"FAMILY_BASED","timePerspective":"PROSPECTIVE"},"bioSpec":{"retention":"SAMPLES_WITH_DNA","description":"Blood or saliva"},"enrollmentInfo":{"count":100,"type":"ACTUAL"}},"armsInterventionsModule":{"armGroups":[{"label":"Cancer","description":"No intervention"},{"label":"Atopic Dermatitis/Eczema","description":"No intervention"}]},"outcomesModule":{"primaryOutcomes":[{"measure":"Identification of novel genetic factors causing cancer or eczema/atopic dermatitis","description":"Analysis of genetic data from families impacted by lung cancer or eczema/atopic dermatitis. This may include functional analysis such as animal modeling and cell line assays, which will be performed to gain further insight into novel candidate genes. When a molecular diagnosis is identified for a family, this is reported back through a designated health care provider.","timeFrame":"1-10 years"}]},"eligibilityModule":{"eligibilityCriteria":"Inclusion Criteria:\n\n* Having a diagnosis of eczema or atopic dermatitis and/or being related to a person with such a diagnosis\n* Having a past diagnosis of cancer and/or being related to a person with such a diagnosis\n\nExclusion Criteria:\n\n* Not having such a diagnosis and/or not be related to such an individual","healthyVolunteers":true,"sex":"ALL","stdAges":["CHILD","ADULT","OLDER_ADULT"],"studyPopulation":"Individuals with eczema/atopic dermatitis or a past cancer diagnosis and their family members","samplingMethod":"NON_PROBABILITY_SAMPLE"},"contactsLocationsModule":{"locations":[{"facility":"Boston Children's Hopsital","city":"Boston","state":"Massachusetts","zip":"02115","country":"United States","geoPoint":{"lat":42.35843,"lon":-71.05977}}],"locations_nested":[{"facility":"Boston Children's Hopsital","city":"Boston","state":"Massachusetts","zip":"02115","country":"United States","geoPoint":{"lat":42.35843,"lon":-71.05977}}]},"referencesModule":{"seeAlsoLinks":[{"label":"Patient-focused research platform and social network","url":"http://inspire.com"}]}},"derivedSection":{"miscInfoModule":{"versionHolder":"2023-07-03","modelPredictions":{"bmiLimits":{"minBmi":0.00,"maxBmi":101.00}}},"conditionBrowseModule":{"meshes":[{"id":"D000003876","term":"Dermatitis, Atopic"},{"id":"D000003872","term":"Dermatitis"},{"id":"D000004485","term":"Eczema"}],"ancestors":[{"id":"D000012871","term":"Skin Diseases"},{"id":"D000012873","term":"Skin Diseases, Genetic"},{"id":"D000030342","term":"Genetic Diseases, Inborn"},{"id":"D000017443","term":"Skin Diseases, Eczematous"},{"id":"D000006969","term":"Hypersensitivity, Immediate"},{"id":"D000006967","term":"Hypersensitivity"},{"id":"D000007154","term":"Immune System Diseases"}],"browseLeaves":[{"id":"M10862","name":"Lung Neoplasms","relevance":"LOW"},{"id":"M6757","name":"Dermatitis","asFound":"Dermatitis","relevance":"HIGH"},{"id":"M6761","name":"Dermatitis, Atopic","asFound":"Atopic Dermatitis","relevance":"HIGH"},{"id":"M7345","name":"Eczema","asFound":"Atopic Dermatitis","relevance":"HIGH"},{"id":"M15364","name":"Skin Diseases","relevance":"LOW"},{"id":"M15366","name":"Skin Diseases, Genetic","relevance":"LOW"},{"id":"M23376","name":"Genetic Diseases, Inborn","relevance":"LOW"},{"id":"M19402","name":"Skin Diseases, Eczematous","relevance":"LOW"},{"id":"M9708","name":"Hypersensitivity","relevance":"LOW"},{"id":"M9710","name":"Hypersensitivity, Immediate","relevance":"LOW"},{"id":"M9890","name":"Immune System Diseases","relevance":"LOW"}],"browseBranches":[{"abbrev":"BC04","name":"Neoplasms"},{"abbrev":"BC08","name":"Respiratory Tract (Lung and Bronchial) Diseases"},{"abbrev":"All","name":"All Conditions"},{"abbrev":"BC17","name":"Skin and Connective Tissue Diseases"},{"abbrev":"BC16","name":"Diseases and Abnormalities at or Before Birth"},{"abbrev":"BC20","name":"Immune System Diseases"}]},"interventionBrowseModule":{}},"hasResults":false}