{"protocolSection":{"identificationModule":{"nctId":"NCT02495363","orgStudyIdInfo":{"id":"201-15"},"organization":{"fullName":"Rabin Medical Center","class":"OTHER"},"briefTitle":"Analgesic Effects of Ultrasound Guided PEC Blocks on Analgesic Opioid Consumption of Cancer Surgery Patients"},"statusModule":{"statusVerifiedDate":"2016-10","overallStatus":"COMPLETED","expandedAccessInfo":{"hasExpandedAccess":false},"startDateStruct":{"date":"2015-03","type":"ACTUAL"},"primaryCompletionDateStruct":{"date":"2017-05","type":"ACTUAL"},"completionDateStruct":{"date":"2017-05","type":"ACTUAL"},"studyFirstSubmitDate":"2015-06-18","studyFirstSubmitQcDate":"2015-07-08","studyFirstPostDateStruct":{"date":"2015-07-13","type":"ESTIMATED"},"lastUpdateSubmitDate":"2018-08-30","lastUpdatePostDateStruct":{"date":"2018-08-31","type":"ACTUAL"}},"sponsorCollaboratorsModule":{"responsibleParty":{"type":"SPONSOR"},"leadSponsor":{"name":"Rabin Medical Center","class":"OTHER"}},"oversightModule":{"oversightHasDmc":false},"descriptionModule":{"briefSummary":"Examining the analgesic effect of ultrasound guided Pectoral Blocks on analgesic opioid consumption after surgical removal of breast tissue.\n\nThis study's uniqueness is in the quantification of the analgesic effect of regional anesthesia on its influence to reduce the use of opioid substances, and the variety of side effects associated with them, which has yet to been described in literature.","detailedDescription":"This is a prospective, observational,single center study which will be conducted at the Rabin Medical Center (Beilinson Campus), Petach Tikva, Israel, a tertiary university hospital. Sixty women undergoing breast tissue resection under general anesthesia will be enrolled after filling out an informed consent form.\n\nAs standard protocol in our hospital all participants will include women undergoing the surgery under general anesthesia, and the an addition of regional PEC block anesthesia.\n\nThe use of opioid substances during surgery will be done under the discretion of the anesthesiologist, according to accepted professional criteria.\n\nAll participants will undergo the the PEC block before surgery under general anesthesia under aseptic conditions, which is the standard analgesia protocol in our department.\n\nUltrasound guided PECS Block will be performed by identifying the thoracic muscles. Following the identification, the investigator will inject the anesthetic solution which will contain the conventional 25 cc of Bupivacaine 0.25-0.5% .\n\nThe concentration is determined by the upper dose limit to 2 mg / kg 11.\n\nAt the end of the operation all participants will be transferred to the post anesthesia recovery supervision unit, as standard protocol. The women will receive analgesic treatment according to accepted recovery unit protocols of Beilinson Hospital, and according to the professional discretion of the anesthesiologist in charge of the recovery unit.\n\nOn postoperative day one all participants will be asked to fill out a questionnaire that measures the degree of their pain after surgery, and the extent of the expected side effects from exposure to opioids This questionnaire is based on a questionnaire measuring quality QoR recovery from general anesthesia."},"conditionsModule":{"conditions":["Malignant Neoplasm of Breast"]},"designModule":{"studyType":"OBSERVATIONAL","patientRegistry":false,"designInfo":{"observationalModel":"CASE_ONLY","timePerspective":"PROSPECTIVE"},"enrollmentInfo":{"count":50,"type":"ACTUAL"}},"armsInterventionsModule":{"armGroups":[{"label":"PECS block in additions to general anesthesia","description":"As standard analgesic protocol participants undergoing mastectomy surgeries under general anesthesia will have an addition of Pectoral Block regional anesthesia.\n\nFollowing obtaining written informed consent, ultrasound guided PECS Block will be performed by identifying the thoracic muscles, in addition to general anesthesia Following the identification, the investigator will inject the anesthetic solution which will contain the conventional 25 cc of Bupivacaine 0.25-0.5% .","interventionNames":["Procedure: PECS Block","Drug: Bupivacaine 0.25-0.5%"]}],"interventions":[{"type":"PROCEDURE","name":"PECS Block","description":"As standard departmental protocol ultrasound guided PECS Block will be performed by identifying the thoracic muscles. Following the identification, the investigator will inject the anesthetic solution which will contain the conventional 25 cc of Bupivacaine 0.25-0.5% .\n\nThe concentration is determined by the upper dose limit to 2 mg / kg 11","armGroupLabels":["PECS block in additions to general anesthesia"]},{"type":"DRUG","name":"Bupivacaine 0.25-0.5%","interventionMappedName":[],"description":"Ultrasound guided PECS Block will be performed by identifying the thoracic muscles. Following the identification, the investigator will inject the anesthetic solution which will contain the conventional 25 cc of Bupivacaine 0.25-0.5% .\n\nThe concentration is determined by the upper dose limit to 2 mg / kg 11","armGroupLabels":["PECS block in additions to general anesthesia"]}]},"outcomesModule":{"primaryOutcomes":[{"measure":"Visual Analog Scales quantification of the analgesic effect of PECS Block regional anesthesia on its influence to reduce the use of opioid substances, and the variety of side effects associated with them","timeFrame":"24 hours"}]},"eligibilityModule":{"eligibilityCriteria":"Inclusion Criteria:\n\nWomen over 18 who undergo breast tissue resection under general anesthesia at Beilinson Hospital, and are able to comply with the study's protocol\n\nExclusion Criteria:\n\n1. Lack of patient's consent or lack of patient's ability to provide consent.\n2. Known hypersensitivity to local anesthetic or to opioid, which will affect the nature of the pain management therapy in these patients.\n3. Existing evidence of infection or gangrene on the thorax which prevents implementation of regional anesthesia - .\n4. Known coagulation disorder.","healthyVolunteers":false,"sex":"FEMALE","minimumAge":"18 Years","stdAges":["ADULT","OLDER_ADULT"],"studyPopulation":"Women above 18 undergoing breast tissue resection under general anesthesia at Beilinson Hospital","samplingMethod":"NON_PROBABILITY_SAMPLE"},"contactsLocationsModule":{"locations":[{"facility":"Rabin Medical Center","city":"Petach Tikvah","country":"Israel","geoPoint":{"lat":32.08707,"lon":34.88747}}],"locations_nested":[{"facility":"Rabin Medical Center","city":"Petach Tikvah","country":"Israel","geoPoint":{"lat":32.08707,"lon":34.88747}}]},"referencesModule":{"references":[{"pmid":"16942948","type":"BACKGROUND","citation":"Poleshuck EL, Katz J, Andrus CH, Hogan LA, Jung BF, Kulick DI, Dworkin RH. Risk factors for chronic pain following breast cancer surgery: a prospective study. J Pain. 2006 Sep;7(9):626-34. doi: 10.1016/j.jpain.2006.02.007."},{"pmid":"19903919","type":"BACKGROUND","citation":"Gartner R, Jensen MB, Nielsen J, Ewertz M, Kroman N, Kehlet H. Prevalence of and factors associated with persistent pain following breast cancer surgery. JAMA. 2009 Nov 11;302(18):1985-92. doi: 10.1001/jama.2009.1568. Erratum In: JAMA. 2012 Nov 21;308(19):1973."},{"pmid":"15655557","type":"BACKGROUND","citation":"Macdonald L, Bruce J, Scott NW, Smith WC, Chambers WA. Long-term follow-up of breast cancer survivors with post-mastectomy pain syndrome. Br J Cancer. 2005 Jan 31;92(2):225-30. doi: 10.1038/sj.bjc.6602304."},{"pmid":"21624966","type":"BACKGROUND","citation":"Power I. An update on analgesics. Br J Anaesth. 2011 Jul;107(1):19-24. doi: 10.1093/bja/aer126. Epub 2011 May 30."},{"pmid":"21964679","type":"BACKGROUND","citation":"Fujii Y. Management of postoperative nausea and vomiting in women scheduled for breast cancer surgery. J Anesth. 2011 Dec;25(6):917-22. doi: 10.1007/s00540-011-1241-1. Epub 2011 Oct 1."},{"pmid":"20876698","type":"BACKGROUND","citation":"Shin SW, Cho AR, Lee HJ, Kim HJ, Byeon GJ, Yoon JW, Kim KH, Kwon JY. Maintenance anaesthetics during remifentanil-based anaesthesia might affect postoperative pain control after breast cancer surgery. Br J Anaesth. 2010 Nov;105(5):661-7. doi: 10.1093/bja/aeq257. Epub 2010 Sep 28."},{"pmid":"24829420","type":"BACKGROUND","citation":"Fletcher D, Martinez V. Opioid-induced hyperalgesia in patients after surgery: a systematic review and a meta-analysis. Br J Anaesth. 2014 Jun;112(6):991-1004. doi: 10.1093/bja/aeu137."},{"pmid":"20947592","type":"BACKGROUND","citation":"Schnabel A, Reichl SU, Kranke P, Pogatzki-Zahn EM, Zahn PK. Efficacy and safety of paravertebral blocks in breast surgery: a meta-analysis of randomized controlled trials. Br J Anaesth. 2010 Dec;105(6):842-52. doi: 10.1093/bja/aeq265. Epub 2010 Oct 14. Erratum In: Br J Anaesth. 2013 Sep;111(3):522."},{"pmid":"24071616","type":"BACKGROUND","citation":"Abdallah FW, Morgan PJ, Cil T, McNaught A, Escallon JM, Semple JL, Wu W, Chan VW. Ultrasound-guided multilevel paravertebral blocks and total intravenous anesthesia improve the quality of recovery after ambulatory breast tumor resection. Anesthesiology. 2014 Mar;120(3):703-13. doi: 10.1097/ALN.0000436117.52143.bc."},{"pmid":"23923989","type":"BACKGROUND","citation":"Blanco R, Parras T, McDonnell JG, Prats-Galino A. Serratus plane block: a novel ultrasound-guided thoracic wall nerve block. Anaesthesia. 2013 Nov;68(11):1107-13. doi: 10.1111/anae.12344. Epub 2013 Aug 7."},{"pmid":"25376971","type":"BACKGROUND","citation":"Bashandy GM, Abbas DN. Pectoral nerves I and II blocks in multimodal analgesia for breast cancer surgery: a randomized clinical trial. Reg Anesth Pain Med. 2015 Jan-Feb;40(1):68-74. doi: 10.1097/AAP.0000000000000163."},{"pmid":"9895071","type":"BACKGROUND","citation":"Myles PS, Hunt JO, Nightingale CE, Fletcher H, Beh T, Tanil D, Nagy A, Rubinstein A, Ponsford JL. Development and psychometric testing of a quality of recovery score after general anesthesia and surgery in adults. Anesth Analg. 1999 Jan;88(1):83-90. doi: 10.1097/00000539-199901000-00016."},{"pmid":"10740540","type":"BACKGROUND","citation":"Myles PS, Weitkamp B, Jones K, Melick J, Hensen S. Validity and reliability of a postoperative quality of recovery score: the QoR-40. Br J Anaesth. 2000 Jan;84(1):11-5. doi: 10.1093/oxfordjournals.bja.a013366."}]}},"derivedSection":{"miscInfoModule":{"versionHolder":"2023-07-03","modelPredictions":{"bmiLimits":{"minBmi":0.00,"maxBmi":101.00}}},"conditionBrowseModule":{"meshes":[{"id":"D000009369","term":"Neoplasms"},{"id":"D000001943","term":"Breast Neoplasms"}],"ancestors":[{"id":"D000009371","term":"Neoplasms by Site"},{"id":"D000001941","term":"Breast Diseases"},{"id":"D000012871","term":"Skin Diseases"}],"browseLeaves":[{"id":"M4910","name":"Breast Neoplasms","asFound":"Malignant Neoplasm of Breast","relevance":"HIGH"},{"id":"M4908","name":"Breast Diseases","relevance":"LOW"},{"id":"M15364","name":"Skin Diseases","relevance":"LOW"}],"browseBranches":[{"abbrev":"BC04","name":"Neoplasms"},{"abbrev":"BC17","name":"Skin and Connective Tissue Diseases"},{"abbrev":"All","name":"All Conditions"}]},"interventionBrowseModule":{"meshes":[{"id":"D000002045","term":"Bupivacaine"}],"ancestors":[{"id":"D000000779","term":"Anesthetics, Local"},{"id":"D000000777","term":"Anesthetics"},{"id":"D000002492","term":"Central Nervous System Depressants"},{"id":"D000045505","term":"Physiological Effects of Drugs"},{"id":"D000018689","term":"Sensory System Agents"},{"id":"D000018373","term":"Peripheral Nervous System Agents"}],"browseLeaves":[{"id":"M3723","name":"Analgesics, Opioid","relevance":"LOW"},{"id":"M3797","name":"Anesthetics","relevance":"LOW"},{"id":"M21550","name":"Pharmaceutical Solutions","relevance":"LOW"},{"id":"M3722","name":"Analgesics","relevance":"LOW"},{"id":"M5005","name":"Bupivacaine","asFound":"Biological","relevance":"HIGH"},{"id":"M3799","name":"Anesthetics, Local","relevance":"LOW"}],"browseBranches":[{"abbrev":"Analg","name":"Analgesics"},{"abbrev":"CNSDep","name":"Central Nervous System Depressants"},{"abbrev":"All","name":"All Drugs and Chemicals"},{"abbrev":"PhSol","name":"Pharmaceutical Solutions"}]}},"hasResults":false}