{"protocolSection":{"identificationModule":{"nctId":"NCT03029182","orgStudyIdInfo":{"id":"F160215001"},"organization":{"fullName":"University of Alabama at Birmingham","class":"OTHER"},"briefTitle":"Simulated-altitude to Optimize Aerobic Exercise Among Breast Cancer Survivors With Limited Mobility","officialTitle":"Simulated-Altitude as an Adjunct to Optimize Aerobic Exercise in Obese Breast Cancer Survivors With Limited Ambulatory Function: Pilot Randomized Trial"},"statusModule":{"statusVerifiedDate":"2018-05","overallStatus":"COMPLETED","expandedAccessInfo":{"hasExpandedAccess":false},"startDateStruct":{"date":"2016-10"},"primaryCompletionDateStruct":{"date":"2018-03","type":"ACTUAL"},"completionDateStruct":{"date":"2018-04","type":"ACTUAL"},"studyFirstSubmitDate":"2017-01-12","studyFirstSubmitQcDate":"2017-01-19","studyFirstPostDateStruct":{"date":"2017-01-24","type":"ESTIMATED"},"lastUpdateSubmitDate":"2018-05-07","lastUpdatePostDateStruct":{"date":"2018-05-14","type":"ACTUAL"}},"sponsorCollaboratorsModule":{"responsibleParty":{"type":"PRINCIPAL_INVESTIGATOR","investigatorFullName":"Laura Q. Rogers, MD, MPH","investigatorTitle":"Principal Investigator","investigatorAffiliation":"University of Alabama at Birmingham"},"leadSponsor":{"name":"University of Alabama at Birmingham","class":"OTHER"}},"oversightModule":{"oversightHasDmc":false},"descriptionModule":{"briefSummary":"The study will evaluate the utility of hypoxic exercise training to improve cardiovascular and metabolic health among obese breast cancer survivors. While participants exercise, a lower fraction of inspired oxygen will be used to simulate a higher altitude. This approach removes the mechanical strain needed to sustain moderate-to-vigorous exercise intensity which is believed to support exercise tolerance. Participants are randomized to either the treatment (walking+simulated-altitude) or control (walking under normoxic conditions).","detailedDescription":"Cancer survivors have a two-fold greater risk of having one or more functional limitations compared to those without a history of cancer. Though exercise interventions in breast cancer survivors exist, a large portion of women (61%) exhibit some form of lower-body dysfunction that severely restricts participation in physical activity and exercise. Both physical and emotional well-being are negatively affected by the combination of increased adiposity, orthopedic problems and muscle weakness, thus reinforcing a cycle of physical inactivity.\n\nFor these reasons, obese breast cancer survivors with walking limitations are faced with a barrier that greatly increases the difficulty of meeting prescribed exercise guidelines (≥150 weekly minutes of moderate-to-vigorous intensity exercise). Though previous investigations have demonstrated the safety and benefits of exercise+simulated altitude to improve body fat, physical endurance and insulin sensitivity, results have been limited to non-cancer participants only. Given the comorbidities common to breast cancer survivors, specifically, heart disease risk, lower body joint problems, low aerobic capacity, and fatigue, further research is needed."},"conditionsModule":{"conditions":["Obesity","Breast Cancer"],"keywords":["Exercise","Cancer","Obesity"]},"designModule":{"studyType":"INTERVENTIONAL","phases":["NA"],"designInfo":{"allocation":"RANDOMIZED","interventionModel":"PARALLEL","primaryPurpose":"TREATMENT","maskingInfo":{"masking":"NONE"}},"enrollmentInfo":{"count":15,"type":"ACTUAL"}},"armsInterventionsModule":{"armGroups":[{"label":"Walking+simulated-altitude","type":"EXPERIMENTAL","description":"8-week exercise training program that involves 3 supervised, treadmill walking sessions each week with 16% oxygen, which will be administered through an exercise mask.","interventionNames":["Other: Walking+simulated-altitude"]},{"label":"Walking (control)","type":"ACTIVE_COMPARATOR","description":"8-week exercise training program that involves 3 supervised, treadmill walking session each week.","interventionNames":["Behavioral: Walking (control)"]}],"interventions":[{"type":"OTHER","name":"Walking+simulated-altitude","description":"Participants will walk on a treadmill for up to 50 minutes at a 16% oxygen level (administered via exercise mask), which is similar in altitude to Flagstaff, AZ. The progression of exercise training will be based on a varying percents of heart rate reserve.","armGroupLabels":["Walking+simulated-altitude"]},{"type":"BEHAVIORAL","name":"Walking (control)","interventionMappedName":[],"description":"Participants will walk on a treadmill for up to 50 minutes.The progression of exercise training will be based on a varying percents of heart rate reserve.","armGroupLabels":["Walking (control)"]}]},"outcomesModule":{"primaryOutcomes":[{"measure":"Determine the feasibility of an 8 week exercise intervention comparing walking+simulated-altitude to walking (control) based on retention.","description":"number of participants completing the 8 week session","timeFrame":"baseline to 8 weeks"},{"measure":"Determine the feasibility of an 8 week exercise intervention comparing walking+simulated-altitude to walking (control) based on adherence to exercise compliance.","description":"mean compliance among all participantswith exercise prescription","timeFrame":"baseline to 8 weeks"},{"measure":"Determine the feasibility of an 8 week exercise intervention comparing walking+simulated-altitude to walking (control) based on number of adverse events.","description":"Number of adverse events in each group","timeFrame":"baseline to 8 weeks"}],"secondaryOutcomes":[{"measure":"The effect sizes for walking+simulated-altitude and walking (control) as measured by a 6 minute walk.","description":"6 minute walk test, a valid and reliable tool in cancer survivors will be used to evaluate cardiovascular health and mobility. Total distance (in meters) covered over the duration of 6 minutes will be recorded.","timeFrame":"baseline to 8 weeks"},{"measure":"The effect sizes for walking+simulated-altitude and walking (control) as measured by the cardiorespiratory fitness.","description":"Cardiorespiratory fitness, will be measured by indirect calorimetry during a graded walking test on a treadmill to estimate peak aerobic capacity.","timeFrame":"baseline to 8 weeks"},{"measure":"The effect sizes for walking+simulated-altitude and walking (control) as measured by arterial elasticity.","description":"Arterial elasticity, will be measured by local pulse contour analyses (HDI/Pulse Wave), A non-invasive procedure based on a modified Windkessel model which permits the evaluation of vascular health.","timeFrame":"baseline to 8 weeks"},{"measure":"The effect sizes for walking+simulated-altitude and walking (control) as measured by resting heart rate variability.","description":"Heart rate variability, will be determined by R-to-R interval variations in heart rate, used to index sympatho-vagal balance.","timeFrame":"baseline to 8 weeks"},{"measure":"The effect sizes for walking+simulated-altitude and walking (control) as measured by the fasting glucose.","description":"Typically, a \"normal\" blood sugar level is identified by experts as anything less than 100 mg/dL after a period of fasting.","timeFrame":"baseline to 8 weeks"},{"measure":"The effect sizes for walking+simulated-altitude and walking (control) as measured by C-reactive protein (mg/L) serum assays.","description":"Serum assays, will be measured following an overnight to evaluate metabolic and cardiovascular health. Standards practices will be implemented.","timeFrame":"baseline to 8 weeks"},{"measure":"The effect sizes for walking+simulated-altitude and walking (control) as measured by tumor-necrosis factor-alpha (pg/mL) assays.","description":"Serum assays, will be measured following an overnight to evaluate metabolic and cardiovascular health. Standards practices will be implemented.","timeFrame":"baseline to 8 weeks"},{"measure":"The effect sizes for walking+simulated-altitude and walking (control) as measured by interleukin-6 (pg/mL) serum assays.","description":"Serum assays, will be measured following an overnight to evaluate metabolic and cardiovascular health. Standards practices will be implemented.","timeFrame":"baseline to 8 weeks"},{"measure":"The effect sizes for walking+simulated-altitude and walking (control) as measured by interleukin-10 (pg/mL) serum assays.","description":"Serum assays, will be measured following an overnight to evaluate metabolic and cardiovascular health. Standards practices will be implemented.","timeFrame":"baseline to 8 weeks"},{"measure":"The effect sizes for walking+simulated-altitude and walking (control) as measured by body composition (% body fat).","description":"Body composition, will be measured by dual-energy X-ray absorptiometry during which participants will be scanned while lying supine in light clothing with their arms at their sides.","timeFrame":"baseline to 8 weeks"},{"measure":"The effect sizes for walking+simulated-altitude and walking (control) as measured by free-living physical activity.","description":"Free-living physical activity, will be measured by a triaxial accelerometer (e.g., Actigraph GT3X). Participants will wear the accelerometer on the hip of their non-dominant side during waking periods and around the wrist when sleeping according to a previously published protocol.","timeFrame":"baseline to 8 weeks"}]},"eligibilityModule":{"eligibilityCriteria":"Inclusion Criteria:\n\n1. Physician's medical clearance for participation\n2. English-speaking women\n3. 18-70 years of age with a history of Stage 0-III breast cancer\n4. Preferred walking speed of less than 2.9 mph as measured by a timed 10 meter walk test (to be performed on-site after consent during preliminary screening) \"OR\" the inability to complete a 6-minute walk without stopping (to be performed on-site after consent during preliminary screening)\n5. Body mass index between 30-45 kg/m2\n6. ≥1 year post-treatment and not currently receiving or planning to receive chemo/radiation therapies\n7. Not participating in a structured exercise routine\n8. In the previous 6 months, not engaging in (on average) ≥60 minutes of moderate or ≥30 minutes of vigorous physical activity per week.\n\nExclusion Criteria:\n\n1. Males\n2. Dementia\n3. Medical, psychological, and/or social characteristics that may interfere with the ability to fully participate in the proposed study activities/assessments (e.g., psychosis, schizophrenia)\n4. Contraindication to participate in regular exercise training\n5. Unwilling to complete prescribed exercise\n6. Inability to walk\n7. Pregnant\n8. Resting oxygen saturation via pulse oximetry below 90%\n9. Using home oxygen therapy","healthyVolunteers":false,"sex":"FEMALE","minimumAge":"18 Years","maximumAge":"70 Years","stdAges":["ADULT","OLDER_ADULT"]},"contactsLocationsModule":{"locations":[{"facility":"University of Alabama at Birmingham","city":"Birmingham","state":"Alabama","zip":"35233","country":"United States","geoPoint":{"lat":33.52066,"lon":-86.80249}}],"locations_nested":[{"facility":"University of Alabama at Birmingham","city":"Birmingham","state":"Alabama","zip":"35233","country":"United States","geoPoint":{"lat":33.52066,"lon":-86.80249}}]}},"derivedSection":{"miscInfoModule":{"versionHolder":"2023-06-29","modelPredictions":{"bmiLimits":{"minBmi":30.00,"maxBmi":45.00}}},"conditionBrowseModule":{"meshes":[{"id":"D000001943","term":"Breast Neoplasms"}],"ancestors":[{"id":"D000009371","term":"Neoplasms by Site"},{"id":"D000009369","term":"Neoplasms"},{"id":"D000001941","term":"Breast Diseases"},{"id":"D000012871","term":"Skin Diseases"}],"browseLeaves":[{"id":"M12391","name":"Obesity","relevance":"LOW"},{"id":"M4910","name":"Breast Neoplasms","asFound":"Breast Cancer","relevance":"HIGH"},{"id":"M4908","name":"Breast Diseases","relevance":"LOW"},{"id":"M15364","name":"Skin Diseases","relevance":"LOW"}],"browseBranches":[{"abbrev":"BC18","name":"Nutritional and Metabolic Diseases"},{"abbrev":"BC23","name":"Symptoms and General Pathology"},{"abbrev":"All","name":"All Conditions"},{"abbrev":"BC04","name":"Neoplasms"},{"abbrev":"BC17","name":"Skin and Connective Tissue Diseases"}]},"interventionBrowseModule":{}},"hasResults":false}