{"protocolSection":{"identificationModule":{"nctId":"NCT04858516","orgStudyIdInfo":{"id":"20201101.2"},"organization":{"fullName":"Guangdong Provincial People's Hospital","class":"OTHER"},"briefTitle":"Neoadjuvant Treatment With Palbociclib and Exemestane Plus Trastuzumab and Pyrotinib in Estrogen Receptor (ER)-Positive, HER2-positive Breast Cancer","officialTitle":"Neoadjuvant Treatment With Palbociclib and Exemestane Plus Trastuzumab and Pyrotinib in ER-positive, HER2-positive Breast Cancer (neoPEHP): an Exploratory, Open-label, Multi-center Phase 2 Study"},"statusModule":{"statusVerifiedDate":"2021-04","overallStatus":"NOT_YET_RECRUITING","expandedAccessInfo":{"hasExpandedAccess":false},"startDateStruct":{"date":"2021-04-30","type":"ESTIMATED"},"primaryCompletionDateStruct":{"date":"2024-04-30","type":"ESTIMATED"},"completionDateStruct":{"date":"2025-04-30","type":"ESTIMATED"},"studyFirstSubmitDate":"2021-04-18","studyFirstSubmitQcDate":"2021-04-23","studyFirstPostDateStruct":{"date":"2021-04-26","type":"ACTUAL"},"lastUpdateSubmitDate":"2021-04-23","lastUpdatePostDateStruct":{"date":"2021-04-26","type":"ACTUAL"}},"sponsorCollaboratorsModule":{"responsibleParty":{"type":"SPONSOR"},"leadSponsor":{"name":"Guangdong Provincial People's Hospital","class":"OTHER"}},"oversightModule":{"isFdaRegulatedDrug":false,"isFdaRegulatedDevice":false},"descriptionModule":{"briefSummary":"neoPEHP is a multicohort, open-label, exploratory, phase 2 study. Patients were eligible if they had previously untreated, histologically confirmed, unilateral, invasive, HER2-positive, ER-positive breast cancer and were suitable for neoadjuvant therapy. Patients were treated every 3 weeks with intravenous trastuzumab (8 mg/kg loading dose followed by 6 mg/kg) and oral pyrotinib (400 mg po QD) for six cycles plus oral palbociclib (125 mg once a day for 21 days in a 4-week cycle) and oral exemestane (25 mg po QD) every 4 weeks for 24 weeks. The primary endpoints was pathological complete response."},"conditionsModule":{"conditions":["Neoadjuvant Treatment for HER2-positive, ER-positive Breast Cancer"]},"designModule":{"studyType":"INTERVENTIONAL","phases":["PHASE2"],"designInfo":{"allocation":"NA","interventionModel":"SINGLE_GROUP","primaryPurpose":"TREATMENT","maskingInfo":{"masking":"NONE"}},"enrollmentInfo":{"count":57,"type":"ESTIMATED"}},"armsInterventionsModule":{"armGroups":[{"label":"Neoadjuvant treatment with palbociclib and exemestane plus trastuzumab and pyrotinib","type":"EXPERIMENTAL","interventionNames":["Drug: palbociclib and exemestane plus trastuzumab and pyrotinib"]}],"interventions":[{"type":"DRUG","name":"palbociclib and exemestane plus trastuzumab and pyrotinib","interventionMappedName":[],"description":"Neoadjuvant treatment with palbociclib and exemestane plus trastuzumab and pyrotinib in ER-positive, HER2-positive breast cancer","armGroupLabels":["Neoadjuvant treatment with palbociclib and exemestane plus trastuzumab and pyrotinib"]}]},"outcomesModule":{"primaryOutcomes":[{"measure":"pathological complete response(ypT0/is,ypN0, pCR)","description":"defined as the absence of invasive tumor cells in breast and axilla, ypT0/is ypN0","timeFrame":"24 weeks"}]},"eligibilityModule":{"eligibilityCriteria":"Inclusion Criteria:\n\n* We judged patients eligible for the first study cohort if they had previously untreated, histologically confirmed, unilateral, invasive, HER2-positive (3+ on immunohistochemistry or neu-amplified) and ER-positive (\\>10% of cells in the tumour expressing ER) breast cancer. Other inclusion criteria were age 18 years or older, Eastern Cooperative Oncology Group (ECOG) performance status of 1 or less, and tumour classified between cT1c and cT4a-d.\n\nExclusion Criteria:\n\n* metastatic disease, bilateral breast cancer, other malignant disease, inadequate bone marrow or renal function, impaired liver function, impaired cardiac function, uncontrolled hypertension, pregnancy, and refusal to use contraception.","healthyVolunteers":false,"sex":"FEMALE","minimumAge":"18 Years","stdAges":["ADULT","OLDER_ADULT"]}},"derivedSection":{"miscInfoModule":{"versionHolder":"2023-06-29","modelPredictions":{"bmiLimits":{"minBmi":0.00,"maxBmi":101.00}}},"conditionBrowseModule":{"meshes":[{"id":"D000001943","term":"Breast Neoplasms"}],"ancestors":[{"id":"D000009371","term":"Neoplasms by Site"},{"id":"D000009369","term":"Neoplasms"},{"id":"D000001941","term":"Breast Diseases"},{"id":"D000012871","term":"Skin Diseases"}],"browseLeaves":[{"id":"M4910","name":"Breast Neoplasms","asFound":"Breast Cancer","relevance":"HIGH"},{"id":"M4908","name":"Breast Diseases","relevance":"LOW"},{"id":"M15364","name":"Skin Diseases","relevance":"LOW"}],"browseBranches":[{"abbrev":"BC04","name":"Neoplasms"},{"abbrev":"BC17","name":"Skin and Connective Tissue Diseases"},{"abbrev":"All","name":"All Conditions"}]},"interventionBrowseModule":{"meshes":[{"id":"D000068878","term":"Trastuzumab"},{"id":"C000500026","term":"Palbociclib"},{"id":"C000056516","term":"Exemestane"}],"ancestors":[{"id":"D000074322","term":"Antineoplastic Agents, Immunological"},{"id":"D000000970","term":"Antineoplastic Agents"},{"id":"D000047428","term":"Protein Kinase Inhibitors"},{"id":"D000004791","term":"Enzyme Inhibitors"},{"id":"D000045504","term":"Molecular Mechanisms of Pharmacological Action"},{"id":"D000047072","term":"Aromatase Inhibitors"},{"id":"D000065088","term":"Steroid Synthesis Inhibitors"},{"id":"D000004965","term":"Estrogen Antagonists"},{"id":"D000006727","term":"Hormone Antagonists"},{"id":"D000006730","term":"Hormones, Hormone Substitutes, and Hormone Antagonists"},{"id":"D000045505","term":"Physiological Effects of Drugs"}],"browseLeaves":[{"id":"M325","name":"Trastuzumab","asFound":"Same","relevance":"HIGH"},{"id":"M223827","name":"Palbociclib","asFound":"Repetitions","relevance":"HIGH"},{"id":"M247189","name":"Exemestane","asFound":"Together","relevance":"HIGH"},{"id":"M7806","name":"Estrogens","relevance":"LOW"},{"id":"M1346","name":"Antineoplastic Agents, Immunological","relevance":"LOW"},{"id":"M25510","name":"Protein Kinase Inhibitors","relevance":"LOW"},{"id":"M7641","name":"Enzyme Inhibitors","relevance":"LOW"},{"id":"M25459","name":"Aromatase Inhibitors","relevance":"LOW"},{"id":"M7804","name":"Estrogen Antagonists","relevance":"LOW"},{"id":"M30173","name":"Estrogen Receptor Antagonists","relevance":"LOW"},{"id":"M9479","name":"Hormones","relevance":"LOW"},{"id":"M9478","name":"Hormone Antagonists","relevance":"LOW"}],"browseBranches":[{"abbrev":"ANeo","name":"Antineoplastic Agents"},{"abbrev":"All","name":"All Drugs and Chemicals"}]}},"hasResults":false}