{"protocolSection":{"identificationModule":{"nctId":"NCT04123678","orgStudyIdInfo":{"id":"DERM-005"},"organization":{"fullName":"Skin Analytics Limited","class":"INDUSTRY"},"briefTitle":"DERM Health Economics Study","officialTitle":"Impact of an Artificial Intelligence Platform (DERM) on the Healthcare Resource Utilisation (HRU) Needed to Diagnose Skin Cancer When Used as Part of a United Kingdom-based Teledermatology Service"},"statusModule":{"statusVerifiedDate":"2021-08","overallStatus":"COMPLETED","expandedAccessInfo":{"hasExpandedAccess":false},"startDateStruct":{"date":"2020-02-26","type":"ACTUAL"},"primaryCompletionDateStruct":{"date":"2021-08-05","type":"ACTUAL"},"completionDateStruct":{"date":"2021-08-06","type":"ACTUAL"},"studyFirstSubmitDate":"2019-10-09","studyFirstSubmitQcDate":"2019-10-09","studyFirstPostDateStruct":{"date":"2019-10-11","type":"ACTUAL"},"lastUpdateSubmitDate":"2021-08-12","lastUpdatePostDateStruct":{"date":"2021-08-13","type":"ACTUAL"}},"sponsorCollaboratorsModule":{"responsibleParty":{"type":"SPONSOR"},"leadSponsor":{"name":"Skin Analytics Limited","class":"INDUSTRY"},"collaborators":[{"name":"Innovate UK","class":"OTHER_GOV"}]},"oversightModule":{"oversightHasDmc":false,"isFdaRegulatedDrug":false,"isFdaRegulatedDevice":false},"descriptionModule":{"briefSummary":"This study aims to provide an initial assessment of the potential impact DERM could have on the number of onward referrals for a face to face dermatologist review and/or biopsy from a teledermatology-based service, and to improve the understanding of the patient pathways that exist.","detailedDescription":"DERM, an Artificial Intelligence (AI)-based diagnosis support tool, has been shown to be able to accurately identify melanoma, non-melanoma skin cancers (NMSC) and other conditions from historical images of suspicious skin lesions (moles).\n\nThis study aims to establish whether the use of DERM in the patient pathway could reduce the number of unnecessary referrals to dermatologist review and/or biopsy.\n\nSuspicious skin lesions that are due to be photographed for a dermatologist to review, will have two additional photographs taken using a commonly available smart phone camera with and without a specific lens attachment. The images will be analysed by DERM, and the results compared to the clinician's diagnosis (all lesions) and histologically-confirmed diagnosis (any lesion that is biopsied)."},"conditionsModule":{"conditions":["Melanoma","Non-melanoma Skin Cancer"]},"designModule":{"studyType":"OBSERVATIONAL","patientRegistry":false,"designInfo":{"observationalModel":"COHORT","timePerspective":"PROSPECTIVE"},"enrollmentInfo":{"count":700,"type":"ACTUAL"}},"armsInterventionsModule":{"armGroups":[{"label":"All","description":"Patients attending a Medical Photography facility with at least 1 suspicious skin lesion will be approached to participate in the study. Participants will have an additional macro and dermoscopic image of each suspicious skin lesions suitable for photography. Photographs will be taken by a healthcare professional using an iPhone XR smart phone camera with a DL1 dermoscopic lens attachment. The images will be encrypted and electronically transmitted to Skin Analytics' cloud servers for analysis by DERM. The suspected diagnosis determined by DERM will be compared with dermatologist review and histologically confirmed diagnosis, where obtained. Healthcare resource utilization information and patient satisfaction data will also be collected","interventionNames":["Device: Deep Ensemble for the Recognition of Malignancy (DERM)"]}],"interventions":[{"type":"DEVICE","name":"Deep Ensemble for the Recognition of Malignancy (DERM)","description":"AI-based decision support tool","armGroupLabels":["All"]}]},"outcomesModule":{"primaryOutcomes":[{"measure":"Referral rate","description":"The rate of unnecessary referrals for a face to face dermatologist review for the same detection rate between standard of care and DERM of lesions reviewed by teledermatology or DERM","timeFrame":"Study completion, on average 5 days"}],"secondaryOutcomes":[{"measure":"Sensitivity of DERM on biopsied lesions","description":"Sensitivity of DERM on biopsied lesions, using histopathological confirmed diagnosis as gold-standard","timeFrame":"Study completion, on average 5 days"},{"measure":"Specificity of DERM on biopsied lesions","description":"Specificity of DERM on biopsied lesions, using histopathological confirmed diagnosis as gold-standard","timeFrame":"Study completion, on average 5 days"},{"measure":"False positive rate of DERM on biopsied lesions","description":"False positive rate of DERM on biopsied lesions, using histopathological confirmed diagnosis as gold-standard","timeFrame":"Study completion, on average 5 days"},{"measure":"False negative rate of DERM on biopsied lesions","description":"False negative rate of DERM on biopsied lesions, using histopathological confirmed diagnosis as gold-standard","timeFrame":"Study completion, on average 5 days"},{"measure":"Positive predictive value of DERM on biopsied lesions","description":"Positive predictive value of DERM on biopsied lesions, using histopathological confirmed diagnosis as gold-standard","timeFrame":"Study completion, on average 5 days"},{"measure":"Number needed to biopsy by DERM on biopsied lesions","description":"Number needed to biopsy by DERM on biopsied lesions, using histopathological confirmed diagnosis as gold-standard","timeFrame":"Study completion, on average 5 days"},{"measure":"Sensitivity of teledermatologists on biopsied lesions","description":"Sensitivity of teledermatologists on biopsied lesions, using histopathological confirmed diagnosis as gold-standard","timeFrame":"Study completion, on average 5 days"},{"measure":"Specificity of teledermatologists on biopsied lesions","description":"Specificity of teledermatologists on biopsied lesions, using histopathological confirmed diagnosis as gold-standard","timeFrame":"Study completion, on average 5 days"},{"measure":"False positive rate of teledermatologists on biopsied lesions","description":"False positive rate of teledermatologists on biopsied lesions, using histopathological confirmed diagnosis as gold-standard","timeFrame":"Study completion, on average 5 days"},{"measure":"False negative rate of teledermatologists on biopsied lesions","description":"False negative rate of teledermatologists on biopsied lesions, using histopathological confirmed diagnosis as gold-standard","timeFrame":"Study completion, on average 5 days"},{"measure":"Positive predictive value of teledermatologists on biopsied lesions","description":"Positive predictive value of teledermatologists on biopsied lesions, using histopathological confirmed diagnosis as gold-standard","timeFrame":"Study completion, on average 5 days"},{"measure":"Negative predictive value of teledermatologists on biopsied lesions","description":"Negative predictive value of teledermatologists on biopsied lesions, using histopathological confirmed diagnosis as gold-standard","timeFrame":"Study completion, on average 5 days"},{"measure":"Number needed to biopsy by teledermatologists on biopsied lesions","description":"Number needed to biopsy by teledermatologists on biopsied lesions, using histopathological confirmed diagnosis as gold-standard","timeFrame":"Study completion, on average 5 days"},{"measure":"Sensitivity of DERM to identify benign conditions","description":"Sensitivity of DERM to identify benign conditions, using clinical diagnosis as gold-standard","timeFrame":"Study completion, on average 5 days"},{"measure":"Specificity of DERM to identify benign conditions","description":"Specificity of DERM to identify benign conditions, using clinical diagnosis as gold-standard","timeFrame":"Study completion, on average 5 days"},{"measure":"False positive rate of DERM to identify benign conditions","description":"False positive of DERM to identify benign conditions, using clinical diagnosis as gold-standard","timeFrame":"Study completion, on average 5 days"},{"measure":"False negative rate of DERM to identify benign conditions","description":"False negative rate of DERM to identify benign conditions, using clinical diagnosis as gold-standard","timeFrame":"Study completion, on average 5 days"},{"measure":"Positive predictive value of DERM to identify benign conditions","description":"Positive predictive of DERM to identify benign conditions, using clinical diagnosis as gold-standard","timeFrame":"Study completion, on average 5 days"},{"measure":"Negative predictive value of DERM to identify benign conditions","description":"Negative predictive value of DERM to identify benign conditions, using clinical diagnosis as gold-standard","timeFrame":"Study completion, on average 5 days"},{"measure":"Number needed to refer by DERM to identify benign conditions","description":"Number needed to refer by DERM to identify benign conditions, using clinical diagnosis as gold-standard","timeFrame":"Study completion, on average 5 days"},{"measure":"Concordance of DERM result with clinical diagnosis","description":"Concordance of DERM result with clinical diagnosis","timeFrame":"Study completion, on average 5 days"},{"measure":"Percent of patients attending teledermatology by referral route","description":"Percentage of patients referred to teledermatology through 2-week wait referral, general referral, direct to teledermatology, routine follow-up (etc) referral routes","timeFrame":"Study completion, on average 5 days"},{"measure":"Time taken from general practitioner (GP) referral to diagnosis","description":"Time taken (days) from GP referral to either histopathology-confirmed or clinical diagnosis","timeFrame":"Study completion, on average 5 days"},{"measure":"Estimated cost impact associated with introducing DERM into the patient pathway","description":"The cost of the number of referrals for face to face dermatologist review and/or biopsy that would have been saved / charged if DERM had been used to decide whether to refer the patient onwards","timeFrame":"Study completion, on average 5 days"},{"measure":"Proportion of images submitted to DERM that cannot be analysed","description":"Proportion of images submitted to DERM that cannot be analysed","timeFrame":"Study completion, on average 5 days"},{"measure":"Patient satisfaction survey","description":"Patient feedback on their experience of the service. Patients will rate whether they agree, or don't agree, with statements that assess their acceptance of having a computer involved in their diagnosis pathway","timeFrame":"Study completion, on average 5 days"}]},"eligibilityModule":{"eligibilityCriteria":"Inclusion Criteria:\n\n* Participant is willing and able to give informed consent for participation in the study,\n* Male or Female, aged 18 years or above,\n* Has at least one suspicious skin lesion which is being photographed as part of Standard of Care (SoC),\n* In the Investigators opinion, able and willing to comply with all study requirements.\n\nExclusion Criteria:\n\n* Any other significant disease or disorder which, in the opinion of the Investigator, may either put the participants at risk because of participation in the study, or may influence the result of the study, or the participant's ability to participate in the study.","sex":"ALL","minimumAge":"18 Years","stdAges":["ADULT","OLDER_ADULT"],"studyPopulation":"Adult patients attending Medical Photography for imaging of at least 1 suspicious skin lesion. Patients may have been referred to the teledermatology service or for imaging for monitoring purposes from the dermatology clinic or for virtual teledermatology review.","samplingMethod":"NON_PROBABILITY_SAMPLE"},"contactsLocationsModule":{"locations":[{"facility":"Chelsea and Westminster Hospital","city":"London","zip":"SW10 9NH","country":"United Kingdom","geoPoint":{"lat":51.50853,"lon":-0.12574}}]},"ipdSharingStatementModule":{"ipdSharing":"UNDECIDED","description":"Research to improve or test the performance of DERM only allowed in consent"}},"derivedSection":{"miscInfoModule":{"versionHolder":"2024-01-12","modelPredictions":{"bmiLimits":{"minBmi":0.00,"maxBmi":101.00}}},"conditionBrowseModule":{"meshes":[{"id":"D000012878","term":"Skin Neoplasms"}],"ancestors":[{"id":"D000009369","term":"Neoplasms"},{"id":"D000009371","term":"Neoplasms by Site"},{"id":"D000012871","term":"Skin Diseases"}],"browseLeaves":[{"id":"M11218","name":"Melanoma","relevance":"LOW"},{"id":"M15371","name":"Skin Neoplasms","asFound":"Skin Cancer","relevance":"HIGH"},{"id":"M15364","name":"Skin Diseases","relevance":"LOW"}],"browseBranches":[{"abbrev":"BC04","name":"Neoplasms"},{"abbrev":"All","name":"All Conditions"},{"abbrev":"BC17","name":"Skin and Connective Tissue Diseases"}]}},"hasResults":false}