{"protocolSection":{"identificationModule":{"nctId":"NCT03397537","orgStudyIdInfo":{"id":"20170811"},"organization":{"fullName":"Guangdong Provincial People's Hospital","class":"OTHER"},"briefTitle":"Neoadjuvant Endocrine Therapy in Breast Cancer","officialTitle":"Letrozole as Neoadjuvant Treatment in Postmenopausal and Premenopausal Patients With Highly Endocrine Responsive Operable Breast Cancer"},"statusModule":{"statusVerifiedDate":"2012-09","overallStatus":"COMPLETED","expandedAccessInfo":{"hasExpandedAccess":false},"startDateStruct":{"date":"2012-09","type":"ACTUAL"},"primaryCompletionDateStruct":{"date":"2017-07","type":"ACTUAL"},"completionDateStruct":{"date":"2017-07","type":"ACTUAL"},"studyFirstSubmitDate":"2017-12-25","studyFirstSubmitQcDate":"2018-01-05","studyFirstPostDateStruct":{"date":"2018-01-12","type":"ACTUAL"},"lastUpdateSubmitDate":"2018-01-14","lastUpdatePostDateStruct":{"date":"2018-01-17","type":"ACTUAL"}},"sponsorCollaboratorsModule":{"responsibleParty":{"type":"SPONSOR"},"leadSponsor":{"name":"Guangdong Provincial People's Hospital","class":"OTHER"}},"oversightModule":{"oversightHasDmc":false,"isFdaRegulatedDrug":false,"isFdaRegulatedDevice":false},"descriptionModule":{"briefSummary":"The study aimed to compare the duration to complete or partial response (CR/PR) and the overall response rates (ORR) after six months of neoadjuvant endocrine therapy between pre-menopausal group and post-menopausal group with highly endocrine responsive operable mammary carcinoma.","detailedDescription":"Estrogen receptor (ER) positive constitutes about 75% of all breast cancer(BC). Neoadjuvant endocrine therapy(NET) plays an important part in primary therapy of the hormone receptor (HR) -positive and HER2 -negative breast cancer. Recent studies revealed that the third-generation aromatase inhibitors (AIs) have superior ORR than tamoxifen in the HR-positive BC post-menopausal patients. The Z1031 trial showed that Letrozole obtained better ORR than the other two AIs anastrozole and exemestane after 16-18 weeks NET, although without any statistically significance.\n\nIn spite of these findings, the optimal duration of NET has not been fully elaborated, Although prolonged treatment might further reduce the tumor size. Further clinical benefits were achieved when the period of treatment of neoadjuvant letrozole prolonged more than three to four months. The 2015 St. Gallen International Consensus Conference recommended continuing neoadjuvant therapy in highly hormone-sensitive breast cancer for a minimum of 4-8 months. However, most studies aim to identify the excellent efficacy of the AIs compared with other drugs but not the duration of NET therapy. Antonio et al. suggest that the time to maximum clinical efficacy may be the optimal period of treatment for the patients; And the median time to maximum efficacy was 4.2 months (95% CI, 4.0-4.5). The present study evaluated the time to CR/PR and the ORR after 6 months of NET.\n\nPrevious clinical studies investigating NET mainly focused on post-menopausal women, data on pre-menopausal women is still relatively lacking due to the widely perception that more benefit may be achieved from neoadjuvant chemotherapy (NCT) among younger patients. The result of Z1031 trial showed superiority of neoadjuvant of AIs and promoted wider application of AIs as NET in the HR-positive post-menopausal women, and the clinical response rate (CRR) of letrozole was 74.8% after 16-18 weeks of treatment. The combination of AIs and GnRH analogue may be alternative for selected pre-menopausal patients. The STAGE trial showed the overall response rates of anastrozole plus goserelin in pre-menopausal patients was 70.4% after 6 months of NET. However, studies comparing the ORR and optimal duration of NET between pre-menopausal and post-menopausal patients were rare.\n\nThe purpose of the our research was to compare the duration to CR/PR and the ORR after 6 months of NET between pre-menopausal and post-menopausal women with highly endocrine responsive operable BC."},"conditionsModule":{"conditions":["Highly Endocrine Responsive Operable Breast Cancer"],"keywords":["Breast Neoplasms Endocrine-responsive Neoadjuvant Duration Letrozole"]},"designModule":{"studyType":"INTERVENTIONAL","phases":["PHASE2"],"designInfo":{"allocation":"NON_RANDOMIZED","interventionModel":"PARALLEL","primaryPurpose":"TREATMENT","maskingInfo":{"masking":"NONE"}},"enrollmentInfo":{"count":46,"type":"ACTUAL"}},"armsInterventionsModule":{"armGroups":[{"label":"the postmenopausal","type":"OTHER","description":"2.5 mg letrozole every day for six months","interventionNames":["Drug: Letrozole 2.5Mg Tablet"]},{"label":"the premenopausal","type":"EXPERIMENTAL","description":"2.5 mg letrozole daily along with a GnRH analogue for ovarian suppression, which was administered as an intramuscular injection of 3.75 mg triptorelin every 28 days for 6 months.","interventionNames":["Drug: Letrozole 2.5Mg Tablet","Drug: GnRH analogue"]}],"interventions":[{"type":"DRUG","name":"Letrozole 2.5Mg Tablet","description":"letrozole 2.5mg p.o.qd","armGroupLabels":["the postmenopausal","the premenopausal"]},{"type":"DRUG","name":"GnRH analogue","description":"3.75 mg triptorelin im. q28d","armGroupLabels":["the premenopausal"]}]},"outcomesModule":{"primaryOutcomes":[{"measure":"ORR","description":"overall response rate","timeFrame":"six months"}]},"eligibilityModule":{"eligibilityCriteria":"Inclusion Criteria:\n\n1. Females ≥18 years\n2. ER-positive (≥50%), PgR-positive (≥50% ), HER2-negative, and previously untreated, non-metastatic primary invasive BC.\n3. The tumour size had to be \\>1 cm.\n\nExclusion Criteria:\n\n1. male patients;\n2. patients with inflammatory breast cancer or distant metastasis;\n3. patients who were previously treatment treated with chemotherapy, radiation therapy or prior treatment with AIs or antiestrogens for breast cancer;\n4. patients with a second concomitant neoplasm;\n5. patients who could not meet the eligibility criteria.","healthyVolunteers":false,"sex":"FEMALE","minimumAge":"18 Years","stdAges":["ADULT","OLDER_ADULT"]},"contactsLocationsModule":{"locations":[{"facility":"Minyi Cheng","city":"Guanzhou","state":"Guangdong","zip":"510080","country":"China"}]}},"derivedSection":{"miscInfoModule":{"versionHolder":"2024-01-12","modelPredictions":{"bmiLimits":{"minBmi":0.00,"maxBmi":101.00}}},"conditionBrowseModule":{"meshes":[{"id":"D000001943","term":"Breast Neoplasms"}],"ancestors":[{"id":"D000009371","term":"Neoplasms by Site"},{"id":"D000009369","term":"Neoplasms"},{"id":"D000001941","term":"Breast Diseases"},{"id":"D000012871","term":"Skin Diseases"}],"browseLeaves":[{"id":"M4910","name":"Breast Neoplasms","asFound":"Breast Cancer","relevance":"HIGH"},{"id":"M4908","name":"Breast Diseases","relevance":"LOW"},{"id":"M15364","name":"Skin Diseases","relevance":"LOW"}],"browseBranches":[{"abbrev":"BC04","name":"Neoplasms"},{"abbrev":"BC17","name":"Skin and Connective Tissue Diseases"},{"abbrev":"All","name":"All Conditions"}]},"interventionBrowseModule":{"meshes":[{"id":"D000077289","term":"Letrozole"}],"ancestors":[{"id":"D000000970","term":"Antineoplastic Agents"},{"id":"D000047072","term":"Aromatase Inhibitors"},{"id":"D000065088","term":"Steroid Synthesis Inhibitors"},{"id":"D000004791","term":"Enzyme Inhibitors"},{"id":"D000045504","term":"Molecular Mechanisms of Pharmacological Action"},{"id":"D000004965","term":"Estrogen Antagonists"},{"id":"D000006727","term":"Hormone Antagonists"},{"id":"D000006730","term":"Hormones, Hormone Substitutes, and Hormone Antagonists"},{"id":"D000045505","term":"Physiological Effects of Drugs"}],"browseLeaves":[{"id":"M1743","name":"Letrozole","asFound":"Visual","relevance":"HIGH"},{"id":"M19308","name":"Triptorelin Pamoate","relevance":"LOW"},{"id":"M25459","name":"Aromatase Inhibitors","relevance":"LOW"},{"id":"M7641","name":"Enzyme Inhibitors","relevance":"LOW"},{"id":"M7806","name":"Estrogens","relevance":"LOW"},{"id":"M7804","name":"Estrogen Antagonists","relevance":"LOW"},{"id":"M30173","name":"Estrogen Receptor Antagonists","relevance":"LOW"},{"id":"M9479","name":"Hormones","relevance":"LOW"},{"id":"M9478","name":"Hormone Antagonists","relevance":"LOW"}],"browseBranches":[{"abbrev":"ANeo","name":"Antineoplastic Agents"},{"abbrev":"All","name":"All Drugs and Chemicals"},{"abbrev":"Repr","name":"Reproductive Control Agents"}]}},"hasResults":false}