{"protocolSection":{"identificationModule":{"nctId":"NCT04248114","orgStudyIdInfo":{"id":"NHR-014417"},"organization":{"fullName":"Western Galilee Hospital-Nahariya","class":"OTHER_GOV"},"briefTitle":"Skin-crease Thyroidectomy","officialTitle":"The Natural Neck Crease as an Anatomic Landmark for Thyroid Surgery Incision"},"statusModule":{"statusVerifiedDate":"2021-10","overallStatus":"COMPLETED","expandedAccessInfo":{"hasExpandedAccess":false},"startDateStruct":{"date":"2016-11-01","type":"ACTUAL"},"primaryCompletionDateStruct":{"date":"2018-08-31","type":"ACTUAL"},"completionDateStruct":{"date":"2018-08-31","type":"ACTUAL"},"studyFirstSubmitDate":"2020-01-28","studyFirstSubmitQcDate":"2020-01-29","studyFirstPostDateStruct":{"date":"2020-01-30","type":"ACTUAL"},"lastUpdateSubmitDate":"2021-10-06","lastUpdatePostDateStruct":{"date":"2021-10-14","type":"ACTUAL"}},"sponsorCollaboratorsModule":{"responsibleParty":{"type":"PRINCIPAL_INVESTIGATOR","investigatorFullName":"Ronen Ohad","investigatorTitle":"Director Head and Neck Unit","investigatorAffiliation":"Western Galilee Hospital-Nahariya"},"leadSponsor":{"name":"Western Galilee Hospital-Nahariya","class":"OTHER_GOV"}},"oversightModule":{"oversightHasDmc":false,"isFdaRegulatedDrug":false,"isFdaRegulatedDevice":false},"descriptionModule":{"briefSummary":"We performed a retrospective observational-analytic study. Anatomical measurements were performed on 118 participants during an ultrasound exam, and demographic data was collected from their medical files. The data was stratified according to age, sex, patient's body mass index (BMI), and height.","detailedDescription":"Approval - Ethical Considerations The study was approved by the Institutional Review Board (NHR-014417). Study Design In this retrospective observational-analytic study we analyzed the anatomical relation between the cricoid cartilage, thyroid gland isthmus, and the superficial second neck crease. We reviewed patient data from between November 2016 and August 2018. The data was collected during ultrasound exams of 118 subjects who underwent assessment of the thyroid gland. Patients who had any neck surgical procedure prior to the test, patients with abnormalities in the anterior neck, and patients without clear second crease were excluded.\n\nDuring the examination, patients were lying supine with their head in mild extension, in the same manner that is practiced during a thyroidectomy. The assessment and collection of data was performed by the senior author (OR) who routinely performs both this preoperative examination and thyroid surgeries in the medical center. The precise location of the cricoid cartilage and the thyroid isthmus was determined using ultrasound. The main parameters were the distances between the thyroid isthmus superior border and the second neck crease, and the distance between the cricoid cartilage superior border and the second neck crease. These were measured with a ruler with ultrasound imaging guidance (Figure 1).\n\nSeveral neck creases can be observed in normal adults. The first upper crease runs horizontally roughly along the thyroid notch and hyoid bone. A second lower neck crease runs parallel to it approximately at the height of the cricoid and this is the crease the measurements in our study relate to. Occasionally there is a third prominent skin crease around 2-3 finger breadths above the clavicle. Other less prominent horizontal neck creases can be present.\n\nDemographic variables, such as age, sex, BMI, and height, were collected from medical records and used for result stratification either as continuous variables or divided into sub-groups according to accepted divisions.\n\nSample size calculation The hypothesis was that the second neck crease is superficial to the thyroid gland isthmus superior border (0 cm horizontal distance). A vertical distance of 0.5 cm and more was considered significant difference in the location.\n\nStatistical analysis Distance between the thyroid isthmus or the cricoid cartilage and the second neck crease were described by means, standard deviation, and range. Age, sex, BMI, and height were analyzed as quantitative variables with the measures mentioned above. The continuous variants were also grouped for a clearer presentation of the results. The BMI variant was categorized into accepted ranges: underweight (below 18.5 kg/m2), normal weight (18.5 to 25 kg/m2), overweight (25 to 30 kg/m2), and obese (over 30 kg/m2). BMI sub-groups and sex variables were described by frequencies and percentages.\n\nThe distances were compared among sub-groups using ANOVA, Kruskal-Wallis test, Independent sample t-test, and Wilcoxon rank sum test. The choice between those tests was according to the number of sub-groups, the group's sample size, and the distribution of the data in each sub-group.\n\nA correlation between age, BMI, height, and the distance was tested by Pearson's correlation coefficient test or Spearman's correlation coefficient test. The choice between those tests was according to the sample size and the score's distribution. If the variable was defined as ordinal sub-groups, Spearman's correlation coefficient test was used."},"conditionsModule":{"conditions":["Thyroid Nodule"]},"designModule":{"studyType":"OBSERVATIONAL","patientRegistry":false,"designInfo":{"observationalModel":"CASE_ONLY","timePerspective":"RETROSPECTIVE"},"enrollmentInfo":{"count":118,"type":"ACTUAL"}},"armsInterventionsModule":{"interventions":[{"type":"DIAGNOSTIC_TEST","name":"Ultrasound of the Neck","description":"Anatomical measurements were performed on participants during an ultrasound exam"}]},"outcomesModule":{"primaryOutcomes":[{"measure":"anatomical relations between the second neck skin crease and the thyroid gland isthmus and cricoid cartilage","description":"Several neck creases can be observed in normal adults. The first upper crease runs horizontally roughly along the thyroid notch and hyoid bone. A second lower neck crease runs parallel to it approximately at the height of the cricoid; the measurements, in centimeters, in our study relate to this crease.","timeFrame":"June 1st 2016 until August 31 2018"}]},"eligibilityModule":{"eligibilityCriteria":"Inclusion Criteria:\n\nSubjects who underwent assessment of the thyroid gland\n\nExclusion Criteria:\n\nPatients who had any neck surgical procedure prior to the test, patients with abnormalities in the anterior neck, and patients without clear second crease were excluded.","healthyVolunteers":false,"sex":"ALL","minimumAge":"18 Years","maximumAge":"120 Years","stdAges":["ADULT","OLDER_ADULT"],"studyPopulation":"The data was collected during ultrasound exams of subjects who underwent assessment of the thyroid gland.","samplingMethod":"NON_PROBABILITY_SAMPLE"},"referencesModule":{"references":[{"pmid":"20510710","type":"RESULT","citation":"Fancy T, Gallagher D 3rd, Hornig JD. Surgical anatomy of the thyroid and parathyroid glands. Otolaryngol Clin North Am. 2010 Apr;43(2):221-7, vii. doi: 10.1016/j.otc.2010.01.001."},{"pmid":"14557134","type":"RESULT","citation":"Brunaud L, Zarnegar R, Wada N, Ituarte P, Clark OH, Duh QY. Incision length for standard thyroidectomy and parathyroidectomy: when is it minimally invasive? Arch Surg. 2003 Oct;138(10):1140-3. doi: 10.1001/archsurg.138.10.1140."},{"pmid":"25473220","type":"RESULT","citation":"Choi Y, Lee JH, Kim YH, Lee YS, Chang HS, Park CS, Roh MR. Impact of postthyroidectomy scar on the quality of life of thyroid cancer patients. Ann Dermatol. 2014 Dec;26(6):693-9. doi: 10.5021/ad.2014.26.6.693. Epub 2014 Nov 26."}]},"ipdSharingStatementModule":{"ipdSharing":"NO"}},"derivedSection":{"miscInfoModule":{"versionHolder":"2024-01-12","modelPredictions":{"bmiLimits":{"minBmi":0.00,"maxBmi":101.00}}},"conditionBrowseModule":{"meshes":[{"id":"D000016606","term":"Thyroid Nodule"}],"ancestors":[{"id":"D000013959","term":"Thyroid Diseases"},{"id":"D000004700","term":"Endocrine System Diseases"},{"id":"D000013964","term":"Thyroid Neoplasms"},{"id":"D000004701","term":"Endocrine Gland Neoplasms"},{"id":"D000009371","term":"Neoplasms by Site"},{"id":"D000009369","term":"Neoplasms"},{"id":"D000006258","term":"Head and Neck Neoplasms"}],"browseLeaves":[{"id":"M1112","name":"Surgical Wound","relevance":"LOW"},{"id":"M16408","name":"Thyroid Diseases","relevance":"LOW"},{"id":"M18676","name":"Thyroid Nodule","asFound":"Thyroid Nodules","relevance":"HIGH"},{"id":"M7552","name":"Endocrine System Diseases","relevance":"LOW"},{"id":"M16413","name":"Thyroid Neoplasms","relevance":"LOW"},{"id":"M7553","name":"Endocrine Gland Neoplasms","relevance":"LOW"},{"id":"M9038","name":"Head and Neck Neoplasms","relevance":"LOW"}],"browseBranches":[{"abbrev":"BC26","name":"Wounds and Injuries"},{"abbrev":"All","name":"All Conditions"},{"abbrev":"BC19","name":"Gland and Hormone Related Diseases"},{"abbrev":"BC04","name":"Neoplasms"}]}},"hasResults":false}