{"protocolSection":{"identificationModule":{"nctId":"NCT05666583","orgStudyIdInfo":{"id":"2020-11/15"},"organization":{"fullName":"Cumhuriyet University","class":"OTHER"},"briefTitle":"The Effect of Art Therapy on Pain, Emesis, Anxiety and Quality of Life, Breast Cancer","officialTitle":"The Effect of Art Therapy on Pain, Emesis, Anxiety and Quality of Life in Operated Breast Cancer Patients"},"statusModule":{"statusVerifiedDate":"2022-12","overallStatus":"COMPLETED","expandedAccessInfo":{"hasExpandedAccess":false},"startDateStruct":{"date":"2021-09-01","type":"ACTUAL"},"primaryCompletionDateStruct":{"date":"2022-07-01","type":"ACTUAL"},"completionDateStruct":{"date":"2022-10-07","type":"ACTUAL"},"studyFirstSubmitDate":"2022-12-09","studyFirstSubmitQcDate":"2022-12-18","studyFirstPostDateStruct":{"date":"2022-12-28","type":"ACTUAL"},"lastUpdateSubmitDate":"2022-12-28","lastUpdatePostDateStruct":{"date":"2022-12-30","type":"ACTUAL"}},"sponsorCollaboratorsModule":{"responsibleParty":{"type":"PRINCIPAL_INVESTIGATOR","investigatorFullName":"Esra Baser Akin","investigatorTitle":"Research Asisstant (Researcher in the clinic)","investigatorAffiliation":"Cumhuriyet University"},"leadSponsor":{"name":"Cumhuriyet University","class":"OTHER"}},"oversightModule":{"oversightHasDmc":false,"isFdaRegulatedDrug":false,"isFdaRegulatedDevice":false},"descriptionModule":{"briefSummary":"The research sample consisted of 60 individuals, including the intervention group (n=30) and the control group (n=30), who received treatment at the Oncology Center of Sivas Cumhuriyet University Practice and Research Hospital. Personal Information Form, Pain Intensity Measurement-Visual Analog Scale, Rhodes nausea, vomiting and retching index, Beck Anxiety Inventory, FACT-G Quality of Life Scale were applied to the research data. Toxicity Rating Scale total score was recorded from the patient file. Within the scope of the research, a chemotherapy session for 10 weeks (5 sessions) with an interval of two weeks was made by the art expert of the art of marbling, accompanied by a ney concert. No intervention was made in the control group. Within the scope of the research, scale forms will be applied to both groups in the first interview, in the 3rd and 5th chemotherapy sessions of the patients. The data obtained from the study were uploaded to the SPSS (22.0) program and statistical evaluation was made."},"conditionsModule":{"conditions":["Breast Cancer"],"keywords":["Breast cancer,","art therapy","marbling art","music therapy","pain,","emesis,","anxiety","quality of life"]},"designModule":{"studyType":"INTERVENTIONAL","phases":["NA"],"designInfo":{"allocation":"RANDOMIZED","interventionModel":"PARALLEL","primaryPurpose":"SUPPORTIVE_CARE","maskingInfo":{"masking":"SINGLE","whoMasked":["PARTICIPANT"]}},"enrollmentInfo":{"count":60,"type":"ACTUAL"}},"armsInterventionsModule":{"armGroups":[{"label":"Intervention Group","type":"EXPERIMENTAL","description":"Within the scope of the research, the art of marbling was made by the art expert, accompanied by a total of 5 sessions ney concerts for 10 weeks, with two-week intervals. The art application was made to last 20-30 minutes before the patients received chemotherapy. The scales were administered to the individuals in the intervention groups three times in total.","interventionNames":["Other: Art therapy"]},{"label":"Control Group","type":"EXPERIMENTAL","description":"No treatment was applied to the control group. The scales were administered to the individuals in the control groups three times in total.","interventionNames":["Other: Art therapy"]}],"interventions":[{"type":"OTHER","name":"Art therapy","description":"The intervention group is the group in which art therapy is applied. They receive chemotherapy.","armGroupLabels":["Control Group","Intervention Group"]}]},"outcomesModule":{"primaryOutcomes":[{"measure":"Visual Analog Scale:","description":"It is a scale used to evaluate the pain experienced by patients. Scale; It contains the numbers \"start 0 (no pain)\" and \"10 (severe pain)\" at the other end. The patient marks the level of pain he experiences based on these two values.","timeFrame":"It will take 10 weeks to collect data three times after randomization is done. The first measurement of pain will be done in the first week, the second measurement in the fifth week and the third measurement in the tenth week."},{"measure":"The Rhodes index of nausea, vomiting and retching (RINVR)","description":"They found that the alpha internal consistency coefficient of the Nausea, Vomiting and Regurgitation Index, developed by Rhodes and McDaniel and validity and reliability by Rhodes and McDaniel, ranged from 0.98, and the alpha internal consistency coefficients of the subgroups ranged between 0.83 and 0.99. Each response is scored as 0 = least distress, 4 = most distress. The patient's experience of nausea and vomiting in each of the 8 items is summed up. The highest possible value is 32 and represents the most severe symptom occurrence score.It was adapted to Turkish society by Tan and Genç (2010).","timeFrame":"It will take 10 weeks to collect data three times after randomization is done. The first measurement of nausea, vomiting will be done in the first week, the second measurement in the fifth week and the third measurement in the tenth week."},{"measure":"Beck Anxiety Scale (BAI)","description":"Beck et al. (1988) in order to determine the frequency of anxiety symptoms experienced by the individual. The scale is a Likert-type self-assessment scale consisting of 21 items and scored between 0-3. The high total score indicates the high level of anxiety experienced by the person. The score range ranges from 0 to 63. Evaluation of the scale is 0-7 points for no anxiety symptoms, 8-15 for mild anxiety, 16-25 for moderate anxiety, and 26-63 for severe anxiety symptoms.","timeFrame":"It will take 10 weeks to collect data three times after randomization is done. The first measurement of anxiety will be done in the first week, the second measurement in the fifth week and the third measurement in the tenth week."},{"measure":"FACT-G Quality of Life Scale","description":"FACT-G is a quality of life scale. In the Turkish naming of this scale, the abbreviation of the original scale \\[Functional Assessment of Cancer Therapy- General\\] (FACT-G) is used. It was developed by Cella et al. in 1993. The Turkish validity and reliability of the scale were performed by Çetiner et al. in 2004. This scale has 4 subgroups consisting of 28 items: physical condition, social life and family status, activity status and emotional state. Total scale score is obtained by summing the scores of all items and subgroup scores are obtained by summing the scores of the items in the subgroup. High scores on the total scale and subgroups suggest that patients' quality of life is also high.","timeFrame":"It will take 10 weeks to collect data three times after randomization is done. The first measurement of quality of life will be done in the first week, the second measurement in the fifth week and the third measurement in the tenth week."}]},"eligibilityModule":{"eligibilityCriteria":"Inclusion Criteria:\n\n* Patients who have received at least one course of chemotherapy, who have undergone breast surgery, who have not been given art therapy, who have no communication difficulties and no mental problems, who are 18 years of age or older, and who agreed to participate in the study.\n\nExclusion Criteria:\n\n* Those with cancer stage IV, visual, hearing and communication difficulties, those under the age of 18 and those who wanted to leave the study were not included in the study.","healthyVolunteers":true,"sex":"ALL","minimumAge":"18 Years","maximumAge":"85 Years","stdAges":["ADULT","OLDER_ADULT"]},"contactsLocationsModule":{"locations":[{"facility":"Esra BAŞER AKIN","city":"Sivas","zip":"58000","country":"Turkey","geoPoint":{"lat":39.74833,"lon":37.01611}}]},"ipdSharingStatementModule":{"ipdSharing":"UNDECIDED"}},"derivedSection":{"miscInfoModule":{"versionHolder":"2024-01-12","modelPredictions":{"bmiLimits":{"minBmi":0.00,"maxBmi":101.00}}},"conditionBrowseModule":{"meshes":[{"id":"D000001943","term":"Breast Neoplasms"}],"ancestors":[{"id":"D000009371","term":"Neoplasms by Site"},{"id":"D000009369","term":"Neoplasms"},{"id":"D000001941","term":"Breast Diseases"},{"id":"D000012871","term":"Skin Diseases"}],"browseLeaves":[{"id":"M4910","name":"Breast Neoplasms","asFound":"Breast Cancer","relevance":"HIGH"},{"id":"M17272","name":"Vomiting","relevance":"LOW"},{"id":"M4014","name":"Anxiety Disorders","relevance":"LOW"},{"id":"M12756","name":"Pain","relevance":"LOW"},{"id":"M4908","name":"Breast Diseases","relevance":"LOW"},{"id":"M15364","name":"Skin Diseases","relevance":"LOW"},{"id":"T6034","name":"Quality of Life","asFound":"Quality of Life","relevance":"HIGH"}],"browseBranches":[{"abbrev":"BC04","name":"Neoplasms"},{"abbrev":"BC17","name":"Skin and Connective Tissue Diseases"},{"abbrev":"All","name":"All Conditions"},{"abbrev":"BC23","name":"Symptoms and General Pathology"},{"abbrev":"BXM","name":"Behaviors and Mental Disorders"}]},"interventionBrowseModule":{"browseLeaves":[{"id":"M5072","name":"Calcium Carbonate","relevance":"LOW"}],"browseBranches":[{"abbrev":"Gast","name":"Gastrointestinal Agents"},{"abbrev":"All","name":"All Drugs and Chemicals"}]}},"hasResults":false}