{"protocolSection":{"identificationModule":{"nctId":"NCT03881085","orgStudyIdInfo":{"id":"AABCSR"},"organization":{"fullName":"Medical University of South Carolina","class":"OTHER"},"briefTitle":"Stress Reactivity Among African American Breast Cancer Survivors","officialTitle":"The Science of Behavior Change in African American Breast Cancer Survivors"},"statusModule":{"statusVerifiedDate":"2022-05","overallStatus":"COMPLETED","expandedAccessInfo":{"hasExpandedAccess":false},"startDateStruct":{"date":"2018-10-19","type":"ACTUAL"},"primaryCompletionDateStruct":{"date":"2021-07-20","type":"ACTUAL"},"completionDateStruct":{"date":"2021-07-20","type":"ACTUAL"},"studyFirstSubmitDate":"2019-03-04","studyFirstSubmitQcDate":"2019-03-15","studyFirstPostDateStruct":{"date":"2019-03-19","type":"ACTUAL"},"lastUpdateSubmitDate":"2022-05-04","lastUpdatePostDateStruct":{"date":"2022-05-05","type":"ACTUAL"}},"sponsorCollaboratorsModule":{"responsibleParty":{"type":"PRINCIPAL_INVESTIGATOR","investigatorFullName":"Chanita Hughes Halbert","investigatorTitle":"Principal Investigator","investigatorAffiliation":"Medical University of South Carolina"},"leadSponsor":{"name":"Medical University of South Carolina","class":"OTHER"}},"oversightModule":{"oversightHasDmc":false,"isFdaRegulatedDrug":false,"isFdaRegulatedDevice":false},"descriptionModule":{"briefSummary":"Despite increased access to early detection and the availability of more effective therapeutic strategies, African American women continue to experience excess rates of morbidity and mortality from breast cancer. An emerging hypothesis about breast cancer disparities is that social conditions and physiological responses to social stressors influence biological processes that are important to the initiation and progression of disease. This hypothesis is based on data from animal studies which have shown that rats that are exposed to social stressors such as isolation are likely to develop mammary tumors that are histologically and etiologically similar to those that develop among African American women. The HPA axis plays a central role in regulating the physiological stress response; dysregulation of the HPA has been suggested as a mechanism through which social and biological factors contribute to racial disparities in breast cancer outcomes. Many African Americans experience stressful life events and circumstances, including economic, discriminatory, and other stressors. These social factors may contribute to an increased risk of advanced stage disease, but not all African American women who are exposed to adverse social factors develop advanced stage disease and those who have a limited number of psychosocial stressors can develop advanced stage breast cancer, regardless of early detection. This may be because stress reactivity, or one's physiological and psychological responses to a stressor, is highly individualized and dependent on psychological and social determinants as well as genetic factors. But, these biological and psychosocial pathways have not been examined among women at increased risk for disparities. Therefore, this study will characterize stress reactivity and emotional regulation among African American breast cancer survivors and measure the association between these responses and decisions about cancer control and treatment compliance. As part of providing empirical data on biological and psychological pathways that contribute to breast cancer disparities, the investigator's study will identify novel intervention targets that can be used to improve self-management in a population that is at risk for limited cancer control.","detailedDescription":"Dysregulation of the HPA has been suggested as a mechanism through which social and biological factors contribute to racial disparities in breast cancer outcomes.The HPA axis plays a central role in regulating the physiological stress response;a prolonged and elevated glucocorticoid (GC) response following a social stressor predicts tumor growth rates and the development of mammary cancer in rats that histologically and etiologically resembles human disease.Many African Americans experience stressful life events and circumstances, including economic, discriminatory, and other stressors. These psychosocial factors may contribute to an increased risk of advanced stage breast cancer among African American women, but not all African American women who are exposed to adverse psychosocial and social stressors develop advanced stage breast cancer and African American women who have a limited number of stressors also develop advanced stage breast cancer, regardless of early detection. This may be because stress reactivity, or one's physiological and psychological responses to a stressor, is highly individualized and dependent on psychological and social determinants. However, empirical data are not available on stress reactivity among African American breast cancer survivors and how these reactions vary among women based on their exposure to chronic stressors and psychological characteristics. Empirical data are also lacking on the association between stress reactivity and cancer control behaviors among African American breast cancer survivors even though prior studies have shown that these women are less likely than whites to engage in health behaviors that are important to cancer control and research is now being conducted to understand how stress affects these behaviors.This research is testing the hypothesis that stress: (1) promotes temporal discounting; (2) has an adverse effect on self-efficacy, and (3) reduces executive functioning (e.g., goal setting, planning). However, stress reactivity, and the association between these responses and cancer control behaviors (e.g., diet, physical activity, and treatment compliance), have not been examined among African American breast cancer survivors. Prior studies have shown that African Americans have a dysregulated stress response as a result of persistent exposure to chronic and acute and stressors; this may alter stress responses and lead to high levels of allostatic load. In order to develop effective behavioral interventions for African American breast cancer survivors, an important first step is to verify that the mechanisms (e.g., temporal discounting, self-efficacy) involved in health behaviors for cancer control (e.g., diet, physical activity, treatment compliance) are associated with stress reactivity among these women. Therefore this study will characterize stress reactivity among African American breast cancer survivors and validate the association between these responses and targeted mechanisms of behavior change."},"conditionsModule":{"conditions":["Breast Cancer Female","Stress Reaction"],"keywords":["minorities","stress reactivity","allostatic load","disparities"]},"designModule":{"studyType":"OBSERVATIONAL","patientRegistry":false,"designInfo":{"observationalModel":"COHORT","timePerspective":"PROSPECTIVE"},"bioSpec":{"retention":"SAMPLES_WITH_DNA","description":"Blood samples, urine samples, and saliva samples"},"enrollmentInfo":{"count":110,"type":"ACTUAL"}},"outcomesModule":{"primaryOutcomes":[{"measure":"Examine stress reactivity among African American Breast Cancer Survivors utilizing cortisol.","description":"Conduct an A Tier Social Stress Test (TSST)with patients to induce a stress response. Cortisol is being examined as a stress biomarker and will be measured at baseline, at multiple timepoints (n=3) during the TSST, and immediately after the TSST to assess changes in cortisol levels.","timeFrame":"21 months"},{"measure":"Examine stress reactivity among African American Breast Cancer Survivors utilizing vital signs.","description":"Collect vital assessments that include heart rate and systolic and diastolic blood pressure at baseline, during the course of the Trier Social Stress Test (TSST), and immediately after the TSST in order to examine changes in vitals as it relates to stress responses during the TSST.","timeFrame":"21 months"},{"measure":"Examine the association between levels of stress reactivity and stressors as it relates to socioeconomic status, clinical factors, and social stress","description":"Characterize the nature and distribution of stress reactivity among African American breast cancer survivors based on socioeconomic, clinical, and social stressors. Socioeconomic status will be collected via self-report utilizing household income and education items from the Behavioral Risk Factor Surveillance System (BRFSS) tool. Financial strain will be evaluated using the Comprehensive Score for financial Toxicity (COST) tool. Social stress will be assessed by levels of social isolation using the loneliness scale. Clinical variables relating to disease stage will be extracted from the patient's electronic medical record.","timeFrame":"21 months"},{"measure":"Examine glucocorticoid sensitivity as a potential predictor of stress reactivity","description":"A blood sample will determine circulating levels of neutrophils, lymphocytes, and monocytes to determine glucocorticoid sensitivity.","timeFrame":"21 months"},{"measure":"Examine stress reactivity on temporal discounting","description":"The Kirby Delay Discounting Task conducted immediately (10 minutes) or longer (20 minutes) following exposure to the Trier Social Stress Test to examine temporal discounting.","timeFrame":"21 months"},{"measure":"Determine the extent to which active engagement with a stressor is associated with adherence to dietary recommendations for cancer control","description":"Self-reported diet behaviors will be associated with levels of stress reactivity 1-month following stress induction.","timeFrame":"1 month"},{"measure":"Determine the extent to which active engagement with a stressor is associated with adherence to physical activity recommendations for cancer control","description":"Self-reported physical activity behaviors will be associated with levels of stress reactivity 1-month following stress induction.","timeFrame":"1 month"}]},"eligibilityModule":{"eligibilityCriteria":"Inclusion Criteria:\n\n* Self-identify as African American or Black women\n* Histologically confirmed stage of I, II, or IIIa breast cancer.\n* Between the ages of 21-75 at diagnosis\n* Have been diagnosed within the last 5 years\n\nExclusion Criteria:\n\n* Women who are not African American or Black\n* Diagnosed with a later stage of breast cancer\n* Not within the defined treatment parameters","sex":"FEMALE","genderBased":true,"genderDescription":"Due to the nature of this study, only women who were born biologically as female will be eligible to participate in this study. Men who develop breast cancer have a different pathophysiology than women, and therefore, will not be included in this sample.","minimumAge":"21 Years","maximumAge":"75 Years","stdAges":["ADULT","OLDER_ADULT"],"studyPopulation":"Subjects eligible to participate in this study include African American breast cancer survivors who were diagnosed with Stage I, II, or Illa disease and have completed all breast cancer treatment. Women who are both acute and long-term survivors are eligible to participate in this study. For all women, patients must have been between the ages of 21-75 at diagnosis and diagnosed within the last 5 years. For those who are acute survivors, patients are eligible to participate in the study if they completed surgical treatment within the past three months, regardless of if they have initiated adjuvant therapy.","samplingMethod":"NON_PROBABILITY_SAMPLE"},"contactsLocationsModule":{"locations":[{"facility":"Medical University of South Carolina","city":"Charleston","state":"South Carolina","zip":"29425","country":"United States","geoPoint":{"lat":32.77657,"lon":-79.93092}}]},"referencesModule":{"references":[{"pmid":"32833476","type":"DERIVED","citation":"Halbert CH, Jefferson MS, Danielson C, Froeliger B, Giordano A, Thaxton JE. An observational study and randomized trial of stress reactivity in cancer disparities. Health Psychol. 2020 Sep;39(9):745-757. doi: 10.1037/hea0000882."}]},"ipdSharingStatementModule":{"ipdSharing":"NO"}},"derivedSection":{"miscInfoModule":{"versionHolder":"2024-01-12","modelPredictions":{"bmiLimits":{"minBmi":0.00,"maxBmi":101.00}}},"conditionBrowseModule":{"meshes":[{"id":"D000001943","term":"Breast Neoplasms"},{"id":"D000015775","term":"Fractures, Stress"}],"ancestors":[{"id":"D000009371","term":"Neoplasms by Site"},{"id":"D000009369","term":"Neoplasms"},{"id":"D000001941","term":"Breast Diseases"},{"id":"D000012871","term":"Skin Diseases"},{"id":"D000050723","term":"Fractures, Bone"},{"id":"D000014947","term":"Wounds and Injuries"}],"browseLeaves":[{"id":"M4910","name":"Breast Neoplasms","asFound":"Breast Cancer","relevance":"HIGH"},{"id":"M18022","name":"Fractures, Stress","asFound":"Stress Reaction","relevance":"HIGH"},{"id":"M26060","name":"Fractures, Bone","relevance":"LOW"},{"id":"M4908","name":"Breast Diseases","relevance":"LOW"},{"id":"M15364","name":"Skin Diseases","relevance":"LOW"},{"id":"M17375","name":"Wounds and Injuries","relevance":"LOW"}],"browseBranches":[{"abbrev":"BC04","name":"Neoplasms"},{"abbrev":"BC17","name":"Skin and Connective Tissue Diseases"},{"abbrev":"All","name":"All Conditions"},{"abbrev":"BC26","name":"Wounds and Injuries"}]}},"hasResults":false}