{"protocolSection":{"identificationModule":{"nctId":"NCT01300533","orgStudyIdInfo":{"id":"BIND-014-001"},"organization":{"fullName":"BIND Therapeutics","class":"INDUSTRY"},"briefTitle":"A Study of BIND-014 Given to Patients With Advanced or Metastatic Cancer","officialTitle":"A Phase 1 Open Label, Safety, Pharmacokinetic and Pharmacodynamic Dose Escalation Study of BIND-014 (Docetaxel Nanoparticles for Injectable Suspension), Given by Intravenous Infusion to Patients With Advanced or Metastatic Cancer"},"statusModule":{"statusVerifiedDate":"2016-02","overallStatus":"COMPLETED","expandedAccessInfo":{"hasExpandedAccess":false},"startDateStruct":{"date":"2011-01"},"primaryCompletionDateStruct":{"date":"2013-09","type":"ACTUAL"},"completionDateStruct":{"date":"2016-02","type":"ACTUAL"},"studyFirstSubmitDate":"2011-02-17","studyFirstSubmitQcDate":"2011-02-18","studyFirstPostDateStruct":{"date":"2011-02-21","type":"ESTIMATED"},"lastUpdateSubmitDate":"2016-02-08","lastUpdatePostDateStruct":{"date":"2016-02-09","type":"ESTIMATED"}},"sponsorCollaboratorsModule":{"responsibleParty":{"type":"SPONSOR"},"leadSponsor":{"name":"BIND Therapeutics","class":"INDUSTRY"}},"oversightModule":{"oversightHasDmc":true},"descriptionModule":{"briefSummary":"The goal of this Phase 1 clinical research study is to find the highest safe dose of BIND-014 that can be given in the treatment of patients with advanced or metastatic cancer.","detailedDescription":"The study is designed to explore the safety, tolerability, pharmacokinetics and pharmacodynamics of BIND-014 and define a recommended Phase 2 dose of BIND-014.\n\nAll cycles of therapy will consist of the patient taking BIND-014 intravenously once every three weeks or weekly for three out of four weeks."},"conditionsModule":{"conditions":["Metastatic Cancer","Cancer","Solid Tumors"],"keywords":["Cancer","Neoplasms","Solid Tumor","Ovarian Cancer","Lung Cancer","Non-Small Cell Lung Cancer","Pancreatic Cancer","Breast Cancer","Endometrial Cancer","Melanoma","Prostate Cancer","Skin Cancer","Head and Neck Cancer","Solid Malignancies"]},"designModule":{"studyType":"INTERVENTIONAL","phases":["PHASE1"],"designInfo":{"allocation":"NON_RANDOMIZED","interventionModel":"SINGLE_GROUP","primaryPurpose":"TREATMENT","maskingInfo":{"masking":"NONE"}},"enrollmentInfo":{"count":58,"type":"ACTUAL"}},"armsInterventionsModule":{"interventions":[{"type":"DRUG","name":"BIND-014"}]},"outcomesModule":{"primaryOutcomes":[{"measure":"To assess the dose limiting toxicities (DLTs) of BIND-014 when on day 1 of a 21-day cycle or when given on day 1, 8 and 15 of a 28-day cycle.","description":"This information will be used to determine the maximum tolerated dose (MTD) of BIND-014 when given weekly or three weeks."}],"secondaryOutcomes":[{"measure":"To characterize the pharmacokinetics of BIND-014 following an IV infusion.","description":"Pharmacokinetic parameters such as time to peak concentration (Tmax), peak concentration (Cmax), minimum concentration (Cmin), volume of distribution (Vd), half life (t1/2), total body clearance (CL) and area under the concentration-time curve (AUC) will be determined for each patient using plasma concentration data.","timeFrame":"First two cycles of BIND-014"},{"measure":"To assess any preliminary evidence of anti-tumor activity observed with BIND-014.","timeFrame":"18 months"},{"measure":"To assess changes in serum tumor markers when appropriate.","timeFrame":"18 months"}]},"eligibilityModule":{"eligibilityCriteria":"Inclusion Criteria:\n\n1. Signed informed consent form. (ICF)\n2. At least 18 years old.\n3. Patients with histologically or cytologically confirmed advanced or metastatic cancer for which no standard or curative therapy exists.\n4. Measurable or evaluable disease per RECIST version 1.1.\n5. Eastern Cooperative Oncology Group Performance Status (ECOG) of 0 or 1.\n6. Life expectancy of greater than 12 weeks.\n7. Female subjects are eligible to enter and participate in the study if they are of:\n\n   1. Non-childbearing potential (i.e., physiologically incapable of becoming pregnant) including any woman who:\n\n      * Has had a hysterectomy, or\n      * Has had a bilateral oophorectomy (ovariectomy), or\n      * Has had a bilateral tubal ligation, or\n      * Is post-menopausal (demonstrated total cessation of menses for at least 1 year).\n   2. Childbearing (CB) potential, as long as they have a negative serum pregnancy test at screening and at follow-up, and agrees to one of the following:\n\n      * Use an intrauterine device (IUD) with a documented failure rate of less than 1% per year.\n      * Use double barrier contraception method defined as condom with spermicidal jelly, foam, suppository, or film; OR diaphragm with spermicide; OR male condom and diaphragm.\n      * The woman's sole male sexual partner is a vasectomized male who is sterile prior to the subject's entry into this study.\n\nExclusion Criteria:\n\n1. Brain metastases or spinal cord compression, unless treatment was completed at least 4 weeks before entry, and stable without steroid treatment for at least 4 weeks.\n2. Inadequate bone marrow reserve as demonstrated by an absolute neutrophil count (ANC) \\< 1.5 x 10\\^9/L or platelet count \\< 100 x 10\\^9/L (cannot be post-transfusion) or hemoglobin \\< 9 g/dL (can be post-transfusion).\n3. Serum bilirubin \\> 1.2 times the upper limit of normal (ULN).\n4. An alanine aminotransferase (ALT) or aspartate aminotransferase (AST) level \\> 1.5 x ULN with alkaline phosphatase \\> 2.5 x ULN.\n5. Serum creatinine \\> 1.5 x ULN or a creatinine clearance of \\< 50 mL/min calculated by Cockcroft-Gault.\n6. Evidence of severe or uncontrolled systemic diseases (e.g., unstable or uncompensated respiratory, cardiac \\[including life-threatening arrhythmias\\], hepatic, or renal disease).\n7. Unresolved toxicity ≥ Common Toxicity Criteria (CTC) grade 2 from previous anti-cancer therapy except alopecia (if applicable) unless agreed that the patient can be entered after discussion with the Medical Monitor.\n8. QTc prolongation defined as a QTc with Framingham correction greater than or equal to 470 ms or a prior history of arrhythmias or significant electrocardiogram (ECG) abnormalities. Certain conditions are acceptable (e.g., controlled atrial fibrillation) if agreed to by Medical Monitor.\n9. Participation in a study of an investigational agent within 30 days prior to screening.\n10. Having received treatment for their cancer (including chemotherapy, surgery and/or radiation) within the 30 days prior to screening.\n11. Pregnant or breast-feeding females.\n12. Men of fathering potential must be using an adequate method of contraception to avoid conception throughout the study (and for up to 26 weeks after the last dose of investigational product) in such a manner that the risk of pregnancy is minimized\n13. Peritoneal or pleural effusions requiring a tap more frequently than every 14 days.\n14. Any concurrent condition which, in the Investigator's opinion, makes it undesirable for the subject to participate in this study or which would jeopardize compliance with the protocol.","healthyVolunteers":false,"sex":"ALL","minimumAge":"18 Years","stdAges":["ADULT","OLDER_ADULT"]},"contactsLocationsModule":{"locations":[{"facility":"Investigational Site #01","city":"Scottsdale","state":"Arizona","zip":"85258","country":"United States","geoPoint":{"lat":33.50921,"lon":-111.89903}},{"facility":"Investigational Site #02","city":"Greenbrae","state":"California","zip":"94904","country":"United States","geoPoint":{"lat":37.94854,"lon":-122.5247}},{"facility":"Investigational Site #04","city":"Los Angeles","state":"California","zip":"90048","country":"United States","geoPoint":{"lat":34.05223,"lon":-118.24368}},{"facility":"Investigational Site #06","city":"Fort Meyers","state":"Florida","zip":"33905","country":"United States","geoPoint":{"lat":26.62168,"lon":-81.84059}},{"facility":"Investigational Site #03","city":"Detriot","state":"Michigan","zip":"48201","country":"United States","geoPoint":{"lat":42.33143,"lon":-83.04575}},{"facility":"Investigational Site #05","city":"Nashville","state":"Tennessee","zip":"37203","country":"United States","geoPoint":{"lat":36.16589,"lon":-86.78444}}]},"ipdSharingStatementModule":{"ipdSharing":"YES","description":"http://clincancerres.aacrjournals.org/content/early/2016/02/04/1078-0432.CCR-15-2548.full.pdf+html"}},"derivedSection":{"miscInfoModule":{"versionHolder":"2024-01-12","modelPredictions":{"bmiLimits":{"minBmi":0.00,"maxBmi":101.00}}},"conditionBrowseModule":{"meshes":[{"id":"D000009362","term":"Neoplasm Metastasis"},{"id":"D000009369","term":"Neoplasms"},{"id":"D000016609","term":"Neoplasms, Second Primary"}],"ancestors":[{"id":"D000009385","term":"Neoplastic Processes"},{"id":"D000010335","term":"Pathologic Processes"}],"browseLeaves":[{"id":"M11218","name":"Melanoma","relevance":"LOW"},{"id":"M14025","name":"Prostatic Neoplasms","relevance":"LOW"},{"id":"M12800","name":"Pancreatic Neoplasms","relevance":"LOW"},{"id":"M9038","name":"Head and Neck Neoplasms","relevance":"LOW"},{"id":"M10862","name":"Lung Neoplasms","relevance":"LOW"},{"id":"M12664","name":"Ovarian Neoplasms","relevance":"LOW"},{"id":"M11997","name":"Neoplasm Metastasis","asFound":"Metastatic Cancer","relevance":"HIGH"},{"id":"M4910","name":"Breast Neoplasms","relevance":"LOW"},{"id":"M5236","name":"Carcinoma, Non-Small-Cell Lung","relevance":"LOW"},{"id":"M1704","name":"Carcinoma, Ovarian Epithelial","relevance":"LOW"},{"id":"M15371","name":"Skin Neoplasms","relevance":"LOW"},{"id":"M18679","name":"Neoplasms, Second Primary","asFound":"Metastatic Cancer","relevance":"HIGH"},{"id":"M12020","name":"Neoplastic Processes","relevance":"LOW"},{"id":"T4387","name":"Pancreatic Cancer","relevance":"LOW"},{"id":"T4352","name":"Ovarian Cancer","relevance":"LOW"},{"id":"T4354","name":"Ovarian Epithelial Cancer","relevance":"LOW"}],"browseBranches":[{"abbrev":"BC04","name":"Neoplasms"},{"abbrev":"All","name":"All Conditions"},{"abbrev":"BXS","name":"Urinary Tract, Sexual Organs, and Pregnancy Conditions"},{"abbrev":"BC06","name":"Digestive System Diseases"},{"abbrev":"BC19","name":"Gland and Hormone Related Diseases"},{"abbrev":"BC08","name":"Respiratory Tract (Lung and Bronchial) Diseases"},{"abbrev":"BC23","name":"Symptoms and General Pathology"},{"abbrev":"BC17","name":"Skin and Connective Tissue Diseases"},{"abbrev":"Rare","name":"Rare Diseases"}]},"interventionBrowseModule":{"browseLeaves":[{"id":"M1668","name":"Docetaxel","relevance":"LOW"}],"browseBranches":[{"abbrev":"ANeo","name":"Antineoplastic Agents"},{"abbrev":"All","name":"All Drugs and Chemicals"}]}},"hasResults":false}