{"protocolSection":{"identificationModule":{"nctId":"NCT02199418","orgStudyIdInfo":{"id":"RenJiH-BC-001"},"organization":{"fullName":"RenJi Hospital","class":"OTHER"},"briefTitle":"Addition of Cisplatin to Neoadjuvant Therapy for T Locally Advanced Breast Cancer","officialTitle":"Phase 2 Study of Weekly Paclitaxel in Combination With Cisplatin as Neoadjuvant Therapy for Locally Advanced Breast Cancer Patients","acronym":"SHPD001"},"statusModule":{"statusVerifiedDate":"2017-01","overallStatus":"COMPLETED","expandedAccessInfo":{"hasExpandedAccess":false},"startDateStruct":{"date":"2013-01"},"primaryCompletionDateStruct":{"date":"2015-11","type":"ACTUAL"},"completionDateStruct":{"date":"2016-10","type":"ACTUAL"},"studyFirstSubmitDate":"2014-07-14","studyFirstSubmitQcDate":"2014-07-23","studyFirstPostDateStruct":{"date":"2014-07-24","type":"ESTIMATED"},"lastUpdateSubmitDate":"2017-01-23","lastUpdatePostDateStruct":{"date":"2017-01-25","type":"ESTIMATED"}},"sponsorCollaboratorsModule":{"responsibleParty":{"type":"PRINCIPAL_INVESTIGATOR","investigatorFullName":"Jinsong Lu","investigatorTitle":"Director of Breast Surgery","investigatorAffiliation":"RenJi Hospital"},"leadSponsor":{"name":"RenJi Hospital","class":"OTHER"}},"oversightModule":{"oversightHasDmc":true},"descriptionModule":{"briefSummary":"The investigators hypotheses that paclitaxel combined with cisplatin in a weekly-based regimen as neoadjuvant chemotherapy is effective and tolerable for locally advanced breast cancer.","detailedDescription":"In this trial, all the patients will have weekly paclitaxel and cisplatin as neoadjuvant chemotherapy for 4 cycles. Patients with Her2 positive tumor will also receive the trastuzumab."},"conditionsModule":{"conditions":["Tubular Breast Cancer","Mucinous Breast Cancer","Invasive Ductal Breast Cancer","Inflammatory Breast Cancer"]},"designModule":{"studyType":"INTERVENTIONAL","phases":["PHASE2"],"designInfo":{"allocation":"NA","interventionModel":"SINGLE_GROUP","primaryPurpose":"TREATMENT","maskingInfo":{"masking":"NONE"}},"enrollmentInfo":{"count":132,"type":"ACTUAL"}},"armsInterventionsModule":{"armGroups":[{"label":"Paclitaxel and Cisplatin","type":"EXPERIMENTAL","description":"Paclitaxel: 80 mg/m² i.v. given weekly on day 1 q day 8 for 16 weeks. Cisplatin: 25 mg/m² weekly on day 1 ,8,and 15 q day 28 for 4 cycles.\n\nTrastuzumab (only for human epidermal growth factor receptor-2(HER2)-positive patients): Loading dose: 4 mg/kg, Maintenance dose: 2 mg/kg, day 1 q day 8 for 16 weeks. Post-surgery: up to a total duration of 1 year","interventionNames":["Drug: Paclitaxel","Drug: Cisplatin"]}],"interventions":[{"type":"DRUG","name":"Paclitaxel","armGroupLabels":["Paclitaxel and Cisplatin"],"otherNames":["Taxol"]},{"type":"DRUG","name":"Cisplatin","armGroupLabels":["Paclitaxel and Cisplatin"]}]},"outcomesModule":{"primaryOutcomes":[{"measure":"Pathological complete response of breast and lymph nodes","timeFrame":"after 4 months preoperative treatment"}],"secondaryOutcomes":[{"measure":"Tolerability and Safety","description":"Descriptive statistics for the treatment will be given on the number of patients whose treatment had to be reduced, delayed or permanently stopped","timeFrame":"4 months during neoadjuvant therapy"},{"measure":"Clinical and imaging response","description":"To determine the response rates of the breast tumor and axillary nodes based on physical examination and imaging tests. (sonography, mammography, or MRI) after treatment","timeFrame":"4 months during treatment"},{"measure":"regional recurrence free survival (RRFS)","description":"RRFS is defined as the time period between registration and first event","timeFrame":"5 years"},{"measure":"local recurrence free survival (LRFS)","description":"LRFS is defined as the time period between registration and first event","timeFrame":"5 years"},{"measure":"distant-disease- free survival (DDFS)","description":"DFS is defined as the time period between registration and first event","timeFrame":"5 years"},{"measure":"overall survival (OS)","description":"OS is defined as the time period between registration and first event","timeFrame":"5 years"}]},"eligibilityModule":{"eligibilityCriteria":"Inclusion Criteria:\n\n1. Women aged ≥18years and ≤70 years\n2. At least on measurable disease according to the Response Evaluation Criteria in Solid Tumors (RECIST). Histologically confirmed invasive breast cancer, tumor size ≥2 cm, T2-4 N0-2M0\n3. ER/PR/HER-2 and Ki-67 status detected on core biopsy. ER/PR positive is defined as \\>1% stained cells and HER2-positive is defined as immuno-histochemistry (IHC) 3+ or FISH ratio ≥ 2.0\n4. No prior systemic or loco-regional treatment of breast cancer\n5. ECOG 0-2\n6. Adequate bone marrow function:WBC≥4.0×109/L, Absolute neutrophil count（ANC）≥1.5×109/L, Platelets（PLT）≥100×109/L, Hemoglobin（Hb）≥90g/L;aspartate aminotransferase(AST),Alanine aminotransferase (ALT)≤1.5 upper normal limit （UNL）, creatinine≤1.5 UNL, bilirubin≤1.5UNL\n7. No obvious main organs dysfunction\n\nExclusion Criteria:\n\n1. Unwilling or unable to use an acceptable method of contraception in 8 weeks (including 8 weeks) after final dose of test drug\n2. Patient is pregnant or breast feeding\n3. Inflammatory breast cancer and metastatic breast cancer\n4. Any evidence of sense or motor nerve disorders\n5. Patients with medical conditions taht indicate intolerant to neoadjuvant therapy, including uncontrolled cardiovascular disease, severe infection\n6. Any concurrent malignancy other than breast cancer\n7. Know severe hypersensitivity to any drugs in this study","healthyVolunteers":false,"sex":"FEMALE","minimumAge":"18 Years","maximumAge":"70 Years","stdAges":["ADULT","OLDER_ADULT"]},"contactsLocationsModule":{"locations":[{"facility":"Fudan University Shanghai Cancer Center","city":"Shanghai","state":"Shanghai","zip":"200032","country":"China","geoPoint":{"lat":31.22222,"lon":121.45806}},{"facility":"Shanghai Jiaotong University School of Medicine, Renji Hospital","city":"Shanghai","state":"Shanghai","zip":"200127","country":"China","geoPoint":{"lat":31.22222,"lon":121.45806}}]},"referencesModule":{"references":[{"pmid":"33154826","type":"DERIVED","citation":"Sun L, Yin W, Wu Z, Wang Y, Lu J. The Predictive Value of Pre-therapeutic Serum Gamma-glutamyl transferase in Efficacy and Adverse Reactions to Neoadjuvant Chemotherapy among Breast Cancer Patients. J Breast Cancer. 2020 Oct;23(5):509-520. doi: 10.4048/jbc.2020.23.e59."},{"pmid":"30976202","type":"DERIVED","citation":"Wu Z, Zhang L, Xu S, Lin Y, Yin W, Lu J, Sha R, Sheng X, Zhou L, Lu J. Predictive and prognostic value of ZEB1 protein expression in breast cancer patients with neoadjuvant chemotherapy. Cancer Cell Int. 2019 Mar 29;19:78. doi: 10.1186/s12935-019-0793-2. eCollection 2019."}]}},"derivedSection":{"miscInfoModule":{"versionHolder":"2024-01-12","modelPredictions":{"bmiLimits":{"minBmi":0.00,"maxBmi":101.00}}},"conditionBrowseModule":{"meshes":[{"id":"D000001943","term":"Breast Neoplasms"},{"id":"D000058922","term":"Inflammatory Breast Neoplasms"},{"id":"D000018270","term":"Carcinoma, Ductal, Breast"}],"ancestors":[{"id":"D000009371","term":"Neoplasms by Site"},{"id":"D000009369","term":"Neoplasms"},{"id":"D000001941","term":"Breast Diseases"},{"id":"D000012871","term":"Skin Diseases"},{"id":"D000044584","term":"Carcinoma, Ductal"},{"id":"D000000230","term":"Adenocarcinoma"},{"id":"D000002277","term":"Carcinoma"},{"id":"D000009375","term":"Neoplasms, Glandular and Epithelial"},{"id":"D000009370","term":"Neoplasms by Histologic Type"},{"id":"D000018299","term":"Neoplasms, Ductal, Lobular, and Medullary"}],"browseLeaves":[{"id":"M4910","name":"Breast Neoplasms","asFound":"Breast Cancer","relevance":"HIGH"},{"id":"M20105","name":"Carcinoma, Ductal, Breast","asFound":"Invasive Ductal Breast Cancer","relevance":"HIGH"},{"id":"M28985","name":"Inflammatory Breast Neoplasms","asFound":"Inflammatory Breast Cancer","relevance":"HIGH"},{"id":"M5224","name":"Carcinoma","relevance":"LOW"},{"id":"M25046","name":"Carcinoma, Ductal","relevance":"LOW"},{"id":"M4908","name":"Breast Diseases","relevance":"LOW"},{"id":"M15364","name":"Skin Diseases","relevance":"LOW"},{"id":"M3275","name":"Adenocarcinoma","relevance":"LOW"},{"id":"M12010","name":"Neoplasms, Glandular and Epithelial","relevance":"LOW"},{"id":"M12005","name":"Neoplasms by Histologic Type","relevance":"LOW"},{"id":"T3067","name":"Inflammatory Breast Cancer","asFound":"Inflammatory Breast Cancer","relevance":"HIGH"}],"browseBranches":[{"abbrev":"BC04","name":"Neoplasms"},{"abbrev":"BC17","name":"Skin and Connective Tissue Diseases"},{"abbrev":"All","name":"All Conditions"},{"abbrev":"Rare","name":"Rare Diseases"}]},"interventionBrowseModule":{"meshes":[{"id":"D000017239","term":"Paclitaxel"},{"id":"D000002945","term":"Cisplatin"}],"ancestors":[{"id":"D000000972","term":"Antineoplastic Agents, Phytogenic"},{"id":"D000000970","term":"Antineoplastic Agents"},{"id":"D000050257","term":"Tubulin Modulators"},{"id":"D000050256","term":"Antimitotic Agents"},{"id":"D000050258","term":"Mitosis Modulators"},{"id":"D000045504","term":"Molecular Mechanisms of Pharmacological Action"}],"browseLeaves":[{"id":"M19227","name":"Paclitaxel","asFound":"In Patients","relevance":"HIGH"},{"id":"M231","name":"Albumin-Bound Paclitaxel","relevance":"LOW"},{"id":"M5872","name":"Cisplatin","asFound":"Adults","relevance":"HIGH"},{"id":"M325","name":"Trastuzumab","relevance":"LOW"},{"id":"M11590","name":"Mitogens","relevance":"LOW"},{"id":"M25887","name":"Tubulin Modulators","relevance":"LOW"},{"id":"M25886","name":"Antimitotic Agents","relevance":"LOW"}],"browseBranches":[{"abbrev":"ANeo","name":"Antineoplastic Agents"},{"abbrev":"All","name":"All Drugs and Chemicals"}]}},"hasResults":false}