{"protocolSection":{"identificationModule":{"nctId":"NCT02947685","orgStudyIdInfo":{"id":"AFT-38"},"organization":{"fullName":"Alliance Foundation Trials, LLC.","class":"OTHER"},"briefTitle":"Randomized, Open Label, Clinical Study of the Targeted Therapy, Palbociclib, to Treat Metastatic Breast Cancer","officialTitle":"A Randomized, Open Label, Phase III Trial to Evaluate the Efficacy and Safety of Palbociclib + Anti-HER2 Therapy + Endocrine Therapy vs. Anti-HER2 Therapy + Endocrine Therapy After Induction Treatment for Hormone Receptor Positive (HR+)/HER2-Positive Metastatic Breast Cancer","acronym":"PATINA"},"statusModule":{"statusVerifiedDate":"2023-04","overallStatus":"ACTIVE_NOT_RECRUITING","expandedAccessInfo":{"hasExpandedAccess":false},"startDateStruct":{"date":"2017-06-21","type":"ACTUAL"},"primaryCompletionDateStruct":{"date":"2023-12-30","type":"ESTIMATED"},"completionDateStruct":{"date":"2026-07-31","type":"ESTIMATED"},"studyFirstSubmitDate":"2016-10-26","studyFirstSubmitQcDate":"2016-10-26","studyFirstPostDateStruct":{"date":"2016-10-28","type":"ESTIMATED"},"lastUpdateSubmitDate":"2023-05-26","lastUpdatePostDateStruct":{"date":"2023-05-30","type":"ACTUAL"}},"sponsorCollaboratorsModule":{"responsibleParty":{"type":"SPONSOR"},"leadSponsor":{"name":"Alliance Foundation Trials, LLC.","class":"OTHER"},"collaborators":[{"name":"Pfizer","class":"INDUSTRY"},{"name":"German Breast Group","class":"OTHER"},{"name":"Fondazione Michelangelo","class":"OTHER"},{"name":"PrECOG, LLC.","class":"OTHER"},{"name":"Breast Cancer Trials, Australia and New Zealand","class":"OTHER"},{"name":"Syneos Health","class":"OTHER"},{"name":"SOLTI Breast Cancer Research Group","class":"OTHER"},{"name":"UNICANCER","class":"OTHER"}]},"oversightModule":{"oversightHasDmc":true,"isFdaRegulatedDrug":true,"isFdaRegulatedDevice":false},"descriptionModule":{"briefSummary":"The primary objective of this study is to demonstrate that the combination of palbociclib with anti-HER2 therapy plus endocrine therapy is superior to anti-HER2-based therapy plus endocrine therapy alone in improving the outcomes of subjects with hormone receptor-positive, HER2+ metastatic breast cancer.","detailedDescription":"Subjects will be randomized into one of two treatment arms following minimum of 4 and maximum of 8 cycles of induction treatment with anti-HER2 therapy. Arm A subjects will receive the experimental therapy, palbociclib, in addition to their current anti-HER2 therapy and endocrine therapy. Arm B subjects will continue to receive the anti-HER2 therapy. It is expected that the addition of palbociclib to the first-line treatment of HER2 disease will delay the onset of therapeutic resistance and ultimately prolong the survival of patients with metastatic breast cancer. The study is designed to treat the subset of patients with HER2+ disease who are also hormone receptor positive (HR+). It is also expected that palbociclib will modulate the endocrine resistance in HER2+/HR+ disease and potentiate the benefits of anti-HER2 therapy. Lastly, the current study includes a comprehensive molecular characterization of the disease at study entrance which will allow us to investigate the benefits of palbociclib in subsets of HER2+/HR+ disease such as PIK3CA mutant."},"conditionsModule":{"conditions":["HER-2 Positive Breast Cancer","Estrogen Receptor Positive Breast Cancer"],"keywords":["breast cancer","malignant tumor of the breast","HER2+","HR+","metastatic breast cancer"]},"designModule":{"studyType":"INTERVENTIONAL","phases":["PHASE3"],"designInfo":{"allocation":"RANDOMIZED","interventionModel":"PARALLEL","primaryPurpose":"TREATMENT","maskingInfo":{"masking":"NONE"}},"enrollmentInfo":{"count":496,"type":"ESTIMATED"}},"armsInterventionsModule":{"armGroups":[{"label":"Arm A","type":"EXPERIMENTAL","description":"Palbociclib 125 mg daily + AntiHER2 Therapy (trastuzumab/pertuzumab) q3wks + Endocrine Therapy (letrozole, anastrozole, exemstane OR fulvestratnt) until confirmed disease progression","interventionNames":["Drug: palbociclib","Drug: trastuzumab","Drug: pertuzumab","Drug: letrozole","Drug: Anastrozole","Drug: Exemestane","Drug: Fulvestrant"]},{"label":"Arm B","type":"ACTIVE_COMPARATOR","description":"AntiHER2 Therapy (trastuzumab/pertuzumab) q3wks + Endocrine Therapy (letrozole, anastrozole, exemstane OR fulvestrant) until confirmed disease progression","interventionNames":["Drug: pertuzumab","Drug: letrozole","Drug: Anastrozole","Drug: Exemestane","Drug: Fulvestrant"]}],"interventions":[{"type":"DRUG","name":"palbociclib","description":"o Starting dose: 125 mg capsule taken orally once per day for 21 days followed by 7 days off to complete 28 day cycle. Dose reductions: 100 mg, 75 mg. allowed. Number of Cycles: until progression or unacceptable toxicity develops","armGroupLabels":["Arm A"],"otherNames":["Ibrance"]},{"type":"DRUG","name":"trastuzumab","description":"Patients must have received a minimum of 4 and maximum of 8 cycles of induction therapy prior to randomization to Arm A or B, at which point they will continue on antiHER2 therapy and endocrine therapy, with or without palbociclib. Trastuzumab dosing will be determined based on a loading dose of 8mg trastuzumab/kg body weight for Q3WK dosing schedules or a maintenance dose of 6mg/kg trastuzumab/kg dosing weight for Q3WK dosing schedules. Loading dose will be administered on Cycle 1, Day 1.","armGroupLabels":["Arm A"],"otherNames":["Herceptin"]},{"type":"DRUG","name":"pertuzumab","description":"Patients must have received a minimum of 4 and maximum of 8 cycles of induction therapy prior to randomization to Arm A or B, at which point they will continue on antiHER2 therapy and endocrine therapy, with or without palbociclib.Pertuzumab will be administered at a loading dose of 840 mg infusion and then at a maintenance dose of 420 mg q3wks. If patient is within 5 weeks of receiving loading dose at Cycle 1, Day 1, patient may start with maintenance dose of 420 mg.","armGroupLabels":["Arm A","Arm B"],"otherNames":["Perjeta"]},{"type":"DRUG","name":"letrozole","description":"There are several allowed endocrine treatment agents for Arm A and Arm B of this study. Administration is performed on an outpatient, self-administration basis according to local requirements and local standard practice. Endocrine treatment may have started before the patient enters the study. Agents will be administered at the discretion of principal investigator as well as according to standard institutional or regional practice. Recommended dosing regimen for letrozole oral therapy is 2.5 mg orally, once a day.","armGroupLabels":["Arm A","Arm B"],"otherNames":["Femara"]},{"type":"DRUG","name":"Anastrozole","description":"There are several allowed endocrine treatment agents for Arm A and Arm B of this study. Administration is performed on an outpatient, self-administration basis according to local requirements and local standard practice. Endocrine treatment may have started before the patient enters the study. Agents will be administered at the discretion of principal investigator as well as according to standard institutional or regional practice. Recommended dosing regimen for anastrozole is 1 mg orally, once a day.","armGroupLabels":["Arm A","Arm B"],"otherNames":["Arimidex"]},{"type":"DRUG","name":"Exemestane","description":"There are several allowed endocrine treatment agents for Arm A and Arm B of this study. Administration is performed on an outpatient, self-administration basis according to local requirements and local standard practice. Endocrine treatment may have started before the patient enters the study. Agents will be administered at the discretion of principal investigator as well as according to standard institutional or regional practice. Recommended dosing regimen for exemestane is 25 mg orally, once a day.","armGroupLabels":["Arm A","Arm B"],"otherNames":["Aromasin"]},{"type":"DRUG","name":"Fulvestrant","description":"There are several allowed endocrine treatment agents for Arm A and Arm B of this study. Administration is performed on an outpatient, self-administration basis according to local requirements and local standard practice. Endocrine treatment may have started before the patient enters the study. Agents will be administered at the discretion of principal investigator as well as according to standard institutional or regional practice. Recommended dosing regimen for Fulvestrant is 250 mg injections on Day 1 and Day 15 of Cycle 1, and q4weeks thereafter.","armGroupLabels":["Arm A","Arm B"],"otherNames":["Faslodex"]}]},"outcomesModule":{"primaryOutcomes":[{"measure":"Progression-free survival (PFS) as assessed by Investigator","timeFrame":"24 months"}],"secondaryOutcomes":[{"measure":"Overall Survival (OS)","description":"Defined as time from date of randomization to date of death due to any cause","timeFrame":"24 months"},{"measure":"3 and 5 year survival probabilities","description":"Survival probabilities will be estimated using the Kaplan-Meier method","timeFrame":"24 months"},{"measure":"Objective Response Rate (OR: CR or PR)","description":"Defined as complete response (CR) or partial response (PR) according to RECIST v1.1","timeFrame":"24 months"},{"measure":"Duration of Response (DOR)","description":"Defined as the time from the first documentation of objective tumor response (CR or PR) to the first documentation of objective tumor progression or to death from any cause, whichever occurs first","timeFrame":"24 months"},{"measure":"Clinical Benefit Rate (CBR: CR or PR or SD ≥ 24 weeks","description":"The Clinical Benefit Rate (CBR) on each treatment arm will be estimated by dividing the number of patients with CR, PR, or SD/Non-CR and Non-PD (for patients with measurable disease) ≥ 24 weeks by the number of patients randomized to the treatment arm.","timeFrame":"24 months"},{"measure":"Safety: Type incidence and severity (as graded by NCI CTCAE v 4.0)","description":"Seriousness and attribution to the study medications of AEs and any laboratory abnormalities","timeFrame":"24 months"},{"measure":"Patient Reported Outcomes","description":"Time to symptom progression (FACT-B PFB-TOI), breast cancer specific health treatment related quality of life and general health status","timeFrame":"24 months"},{"measure":"Incidence of CNS Metastasis","description":"Compare the incidence of CNS metastasis between treatment arms","timeFrame":"24 months"}],"otherOutcomes":[{"measure":"Trough Plasma concentration of palbociclib, trastuzumab and pertuzumab","description":"only for patients enrolled in the US","timeFrame":"Palbociclib PK assessment: Day 22, Cycle 1, No; Pertuzumab, Trastuzumab PK assessment: Day 1, Cycle 4"},{"measure":"PIK3CA genotype assessed in circulating cfDNA","description":"Progression Free Survival (PFS) based upon investigator assessment of progression between patients in the two treatment arms in the subset of patients with tumors bearing a PIK3CA mutation.","timeFrame":"Day 1, Cycle 1, Day 1, Cycle 4, End of Treatment, approx 24 months"},{"measure":"Tumor tissue biomarkers including genes, proteins, and RNA expression","description":"Will evaluate baseline tumor and blood-based markers as predictors of benefit from the addition of palbociclib to anti-HER2 therapy plus endocrine therapy","timeFrame":"Baseline"}]},"eligibilityModule":{"eligibilityCriteria":"Inclusion Criteria (Preliminary Screening)\n\n1. Signed Preliminary Screening Informed Consent Form obtained prior to any study specific assessments and procedures\n2. Age ≥18 years (or per national guidelines)\n3. Patients must have histologically confirmed invasive breast cancer that is metastatic or not amenable for resection or radiation therapy with curative intent. Histological documentation of metastatic/recurrent breast cancer is not required if there is unequivocal evidence for recurrence of the breast cancer.\n4. Patients must have histologically confirmed HER2+ and hormone receptor positive (ER+ and/or PR+), metastatic breast cancer. ER, PR and HER2 measurements should be performed according to institutional guidelines, in a CLIA-approved setting in the US or certified laboratories for Non-US regions. Cut-off values for positive/negative staining should be in accordance with current ASCO/CAP (American Society of Clinical Oncology/College of American Pathologists) guidelines.\n5. Patients must agree to provide a representative formalin-fixed paraffin-embedded (FFPE) tumor tissue block (preferred) from primary breast or metastatic site (archival) OR at least 15 freshly cut unstained slides from such a block, along with a pathology report documenting HER2 positivity and hormone receptor positivity.\n6. Patients should be willing to provide a representative tumor specimen obtained from recently biopsied metastatic disease if clinically feasible. This is recommended but optional tissue.\n\n   Inclusion Criteria (Randomization Screening)\n7. Signed Main Informed Consent Form obtained prior to any study specific assessments and procedures\n8. Age ≥ 18 years (or per national guidelines)\n9. ECOG performance status 0-1\n10. Patients must be able and willing to swallow and retain oral medication without a condition that would interfere with enteric absorption.\n11. Serum or urine pregnancy test must be negative within 7 days of randomization in women of childbearing potential. Pregnancy testing does not need to be pursued in patients who are judged as postmenopausal before randomization, as determined by local practice, or who have undergone bilateral oophorectomy, total hysterectomy, or bilateral tubal ligation. Women of childbearing potential and male patients randomized into the study must use adequate contraception for the duration of protocol treatment which is 6 months after the last treatment with palbociclib if they are in Arm A and for 7 months after last treatment with trastuzumab if in either Arm A or Arm B Adequate contraception is defined as one highly effective form (i.e. abstinence, (fe)male sterilization OR two effective forms (e.g. non-hormonal IUD and condom / occlusive cap with spermicidal foam / gel / film / cream / suppository).\n12. Resolution of all acute toxic effects of prior induction anti-HER2-based chemotherapy regimen to NCI CTCAE version 4.0 Grade ≤1 (except alopecia or other toxicities not considered a safety risk for the patient at investigator's discretion) 12 weeks between last dose of chemotherapy-anti-HER2therapy and randomization are allowed. Endocrine therapy could start before study randomization.\n13. Willingness and ability to comply with scheduled visits, treatment plan, laboratory tests, and other study procedures\n\n    Prior Treatment Specifics\n14. Patients may or may not have received neo/adjuvant therapy, but must have a disease-free interval from completion of anti-HER2 therapy to metastatic diagnosis ≥6 months.\n15. Patients must have received an acceptable, standard, chemotherapy containing anti-HER2 based induction therapy for the treatment of metastatic breast cancer prior to study enrollment. For this study, chemotherapy is limited to a taxane or vinorelbine (only for trastuzumab-based regimen). Eligible patients are expected to have completed 6 cycles of chemotherapy containing anti-HER2-therapy treatment. A minimum of 4 cycles of treatment is acceptable for patients experiencing significant toxicity associated with treatment as long as they are without evidence of disease progression (i.e. CR, PR or SD). The maximum number of cycles is 8. Patients can randomize immediately following completion of their induction therapy, or for those who have already completed induction, a gap of 12 weeks between their last infusion/dose of induction therapy and the C1D1 visit is permitted. Patients are eligible provided they are without evidence of disease progression by local assessment (i.e. CR, PR or SD).\n16. Patients with a history or presence of asymptomatic CNS metastases are eligible, provided they meet all of the following criteria:\n\n    * Disease outside the CNS is present.\n    * No evidence of interim progression between the completion of induction therapy and the screening radiographic study\n    * No history of intracranial hemorrhage or spinal cord hemorrhage\n    * Not requiring anti-convulsants for symptomatic control\n    * Minimum of 3 weeks between completion of CNS radiotherapy and Cycle 1 Day 1 and recovery from significant (Grade ≥ 3) acute toxicity with no ongoing requirement for corticosteroid\n\n    Baseline Body Function Specifics\n17. Absolute neutrophil count ≥ 1,000/mm3\n18. Platelets ≥ 100,000/mm3\n19. Hemoglobin ≥ 10g/dL\n20. Total serum bilirubin ≤ ULN; or total bilirubin ≤ 3.0 × ULN with direct bilirubin within normal range in patients with documented Gilbert's Syndrome.\n21. Aspartate aminotransferase (AST or SGOT) and alanine aminotransferase (ALT or SGPT) ≤ 3 × institutional ULN (≤5 x ULN if liver metastases are present).\n22. Serum creatinine below the upper limit of normal (ULN) of the institutional normal range or creatinine clearance ≥ 60 mL/min/1.73 m2 for patients with serum creatinine levels above institutional ULN.\n23. Left ventricular ejection fraction (LVEF) ≥ 50% at baseline as determined by either ECHO or MUGA\n\nExclusion Criteria (Randomization)\n\n1. Concurrent therapy with other Investigational Products.\n2. Prior therapy with any CDK 4/6 inhibitor.\n3. History of allergic reactions attributed to compounds of chemical or biologic composition similar to palbociclib.\n4. Patients receiving any medications or substances that are strong inhibitors or inducers of CYP3A isoenzymes within 7 days of randomization (see Section 8.6.3 for list of strong inhibitors or inducers of CYP3A isoenzymes).\n5. Uncontrolled current illness including, but not limited to, ongoing or active infection, symptomatic congestive heart failure, unstable angina pectoris, cardiac arrhythmia, diabetes, or psychiatric illness/social situations that would limit compliance with study requirements. Ability to comply with study requirements is to be assessed by each investigator at the time of screening for study participation.\n6. Pregnant women, or women of childbearing potential without a negative pregnancy test (serum or urine) within 7 days prior to randomization, irrespective of the method of contraception used, are excluded from this study because the effect of palbociclib on a developing fetus is unknown. Breastfeeding must be discontinued prior to study entry.\n7. Patients on combination antiretroviral therapy, i.e. those who are HIV-positive, are ineligible because of the potential for pharmacokinetic interactions or increased immunosuppression with palbociclib.\n8. QTc interval \\>480 msec, Brugada syndrome or known history of QTc prolongation or Torsade de Pointes.\n9. Patients with clinically significant history of liver disease, including viral or other known hepatitis, current alcohol abuse, or cirrhosis","healthyVolunteers":false,"sex":"ALL","minimumAge":"18 Years","stdAges":["ADULT","OLDER_ADULT"]},"contactsLocationsModule":{"locations":[{"facility":"UCSF","city":"San Francisco","state":"California","zip":"94115","country":"United States","geoPoint":{"lat":37.77493,"lon":-122.41942}},{"facility":"Georgetown University Medical Center","city":"Washington","state":"District of Columbia","zip":"20007","country":"United States","geoPoint":{"lat":38.89511,"lon":-77.03637}},{"facility":"Baycare Healthcare (Morton Plant Mease)","city":"Clearwater","state":"Florida","zip":"33756","country":"United States","geoPoint":{"lat":27.96585,"lon":-82.8001}},{"facility":"Memorial Healthcare System","city":"Hollywood","state":"Florida","zip":"33021","country":"United States","geoPoint":{"lat":26.0112,"lon":-80.14949}},{"facility":"University of Miami","city":"Miami","state":"Florida","zip":"33136","country":"United States","geoPoint":{"lat":25.77427,"lon":-80.19366}},{"facility":"Florida Hospital","city":"Orlando","state":"Florida","zip":"32804","country":"United States","geoPoint":{"lat":28.53834,"lon":-81.37924}},{"facility":"Emory University","city":"Atlanta","state":"Georgia","zip":"30322","country":"United States","geoPoint":{"lat":33.749,"lon":-84.38798}},{"facility":"University of Illinois at Chicago","city":"Chicago","state":"Illinois","zip":"60612","country":"United States","geoPoint":{"lat":41.85003,"lon":-87.65005}},{"facility":"The University of Chicago Medical Center","city":"Chicago","state":"Illinois","zip":"60637","country":"United States","geoPoint":{"lat":41.85003,"lon":-87.65005}},{"facility":"Ingalls Memorial Hospital","city":"Harvey","state":"Illinois","zip":"60426","country":"United States","geoPoint":{"lat":41.61003,"lon":-87.64671}},{"facility":"Cancer Center of Kansas","city":"Wichita","state":"Kansas","zip":"67214","country":"United States","geoPoint":{"lat":37.69224,"lon":-97.33754}},{"facility":"Ochsner Medical Center Jefferson","city":"New Orleans","state":"Louisiana","zip":"70121","country":"United States","geoPoint":{"lat":29.95465,"lon":-90.07507}},{"facility":"New England Cancer Specialists","city":"Scarborough","state":"Maine","zip":"04074","country":"United States","geoPoint":{"lat":43.57814,"lon":-70.32172}},{"facility":"Anne Arundel Medical Center","city":"Annapolis","state":"Maryland","zip":"21401","country":"United States","geoPoint":{"lat":38.97845,"lon":-76.49218}},{"facility":"University of Maryland - Greenebaum Comprehensive Cancer Center","city":"Baltimore","state":"Maryland","zip":"21201","country":"United States","geoPoint":{"lat":39.29038,"lon":-76.61219}},{"facility":"Johns Hopkins University/Sidney Kimmel Cancer Center","city":"Baltimore","state":"Maryland","zip":"21287","country":"United States","geoPoint":{"lat":39.29038,"lon":-76.61219}},{"facility":"Dana-Farber Cancer Institute","city":"Boston","state":"Massachusetts","zip":"02215","country":"United States","geoPoint":{"lat":42.35843,"lon":-71.05977}},{"facility":"Lowell General Hospital","city":"Lowell","state":"Massachusetts","zip":"01854","country":"United States","geoPoint":{"lat":42.63342,"lon":-71.31617}},{"facility":"Michigan Cancer Research Consortium (St. Joseph Mercy Hospital","city":"Ann Arbor","state":"Michigan","zip":"48106","country":"United States","geoPoint":{"lat":42.27756,"lon":-83.74088}},{"facility":"West Michigan Cancer Center","city":"Grand Rapids","state":"Michigan","zip":"49503","country":"United States","geoPoint":{"lat":42.96336,"lon":-85.66809}},{"facility":"Metro-Minnesota NCI Community Oncology Research Program","city":"Minneapolis","state":"Minnesota","zip":"55416","country":"United States","geoPoint":{"lat":44.97997,"lon":-93.26384}},{"facility":"Mayo Clinic, Rochester, MN","city":"Rochester","state":"Minnesota","zip":"55905","country":"United States","geoPoint":{"lat":44.02163,"lon":-92.4699}},{"facility":"Washington University School of Medicine","city":"Saint Louis","state":"Missouri","zip":"63110","country":"United States","geoPoint":{"lat":38.62727,"lon":-90.19789}},{"facility":"Nebraska Methodist Hospital","city":"Omaha","state":"Nebraska","zip":"68114","country":"United States","geoPoint":{"lat":41.25626,"lon":-95.94043}},{"facility":"University of Nebraska Medical Center","city":"Omaha","state":"Nebraska","zip":"68198","country":"United States","geoPoint":{"lat":41.25626,"lon":-95.94043}},{"facility":"Dartmouth Hitchcock Medical Center","city":"Lebanon","state":"New Hampshire","zip":"03756","country":"United States","geoPoint":{"lat":43.64229,"lon":-72.25176}},{"facility":"Hackensack Medical Center","city":"Hackensack","state":"New Jersey","zip":"07601","country":"United States","geoPoint":{"lat":40.88593,"lon":-74.04347}},{"facility":"The Valley Hospital, Okonite Research Center","city":"Paramus","state":"New Jersey","zip":"07652","country":"United States","geoPoint":{"lat":40.94454,"lon":-74.07542}},{"facility":"New Mexico Cancer Care Alliance","city":"Albuquerque","state":"New Mexico","zip":"87131","country":"United States","geoPoint":{"lat":35.08449,"lon":-106.65114}},{"facility":"Duke Cancer Institute","city":"Durham","state":"North Carolina","zip":"27710","country":"United States","geoPoint":{"lat":35.99403,"lon":-78.89862}},{"facility":"First Health of the Carolinas Cancer Center","city":"Pinehurst","state":"North Carolina","zip":"28374","country":"United States","geoPoint":{"lat":35.19543,"lon":-79.46948}},{"facility":"Ohio State University","city":"Columbus","state":"Ohio","zip":"43210","country":"United States","geoPoint":{"lat":39.96118,"lon":-82.99879}},{"facility":"Legacy Good Samaritan Hospital","city":"Portland","state":"Oregon","zip":"97210","country":"United States","geoPoint":{"lat":45.52345,"lon":-122.67621}},{"facility":"University of Pennsylvania","city":"Philadelphia","state":"Pennsylvania","zip":"19106","country":"United States","geoPoint":{"lat":39.95233,"lon":-75.16379}},{"facility":"Lexington Medical Center","city":"West Columbia","state":"South Carolina","zip":"29169","country":"United States","geoPoint":{"lat":33.99349,"lon":-81.07398}},{"facility":"Vanderbilt University Medical Center","city":"Nashville","state":"Tennessee","zip":"37204","country":"United States","geoPoint":{"lat":36.16589,"lon":-86.78444}},{"facility":"MD Anderson","city":"Houston","state":"Texas","zip":"77030","country":"United States","geoPoint":{"lat":29.76328,"lon":-95.36327}},{"facility":"Huntsman Cancer Institute, University of Utah","city":"Salt Lake City","state":"Utah","zip":"84112","country":"United States","geoPoint":{"lat":40.76078,"lon":-111.89105}},{"facility":"Monash Health","city":"Clayton","country":"Australia","geoPoint":{"lat":-37.91667,"lon":145.11667}},{"facility":"St. Vincent's Hospital, Sydney Kinghorn Cancer Centre","city":"Darlinghurst","country":"Australia","geoPoint":{"lat":-33.87939,"lon":151.21925}},{"facility":"The Canberra Hospital","city":"Garran","country":"Australia","geoPoint":{"lat":-35.34206,"lon":149.10846}},{"facility":"Peter MacCallum Cancer Centre, Royal Melbourne Hospital","city":"Melbourne","country":"Australia","geoPoint":{"lat":-37.814,"lon":144.96332}},{"facility":"Breast Cancer Research Centre-WA","city":"Nedlands","country":"Australia","geoPoint":{"lat":-31.98184,"lon":115.8073}},{"facility":"Icon Cancer Care","city":"South Brisbane","country":"Australia","geoPoint":{"lat":-27.48034,"lon":153.02049}},{"facility":"Mater Cancer Care Centre","city":"South Brisbane","country":"Australia","geoPoint":{"lat":-27.48034,"lon":153.02049}},{"facility":"Calvary Mater Newcastle Hospital","city":"Waratah","country":"Australia","geoPoint":{"lat":-32.90667,"lon":151.72647}},{"facility":"Westmead Hospital","city":"Westmead","country":"Australia","geoPoint":{"lat":-33.80383,"lon":150.98768}},{"facility":"Institut de Cancérologie de l'Ouest, site Paul Papin","city":"Angers","country":"France","geoPoint":{"lat":47.46667,"lon":-0.55}},{"facility":"Institut Sainte Catherine","city":"Avignon","country":"France","geoPoint":{"lat":43.94834,"lon":4.80892}},{"facility":"Institut Bergonié","city":"Bordeaux","country":"France","geoPoint":{"lat":44.84044,"lon":-0.5805}},{"facility":"Centre Francois Baclesse","city":"Caen","country":"France","geoPoint":{"lat":49.18585,"lon":-0.35912}},{"facility":"Centre Hospitalier Cholet","city":"Cholet","country":"France","geoPoint":{"lat":47.06667,"lon":-0.88333}},{"facility":"Centre Jean Perrin","city":"Clermont-Ferrand","country":"France","geoPoint":{"lat":45.77966,"lon":3.08628}},{"facility":"Centre Georges François Leclerc","city":"Dijon","country":"France","geoPoint":{"lat":47.31667,"lon":5.01667}},{"facility":"CHU de Limoges","city":"Limoges","country":"France","geoPoint":{"lat":45.83153,"lon":1.25781}},{"facility":"Centre Léon Bérard","city":"Lyon","country":"France","geoPoint":{"lat":45.74848,"lon":4.84669}},{"facility":"Institut Paoli Calmettes","city":"Marseille","country":"France","geoPoint":{"lat":43.29551,"lon":5.38958}},{"facility":"Centre Antoine Lacassagne","city":"Nice","country":"France","geoPoint":{"lat":43.70313,"lon":7.26608}},{"facility":"Hôpital Saint Louis","city":"Paris","country":"France","geoPoint":{"lat":48.85341,"lon":2.3488}},{"facility":"Institut Curie Site Paris","city":"Paris","country":"France","geoPoint":{"lat":48.85341,"lon":2.3488}},{"facility":"Tenon Oncologie Médicale - APHP","city":"Paris","country":"France","geoPoint":{"lat":48.85341,"lon":2.3488}},{"facility":"Centre CARIO-HPCA","city":"Plerin Cedex","country":"France","geoPoint":{"lat":48.54249,"lon":-2.77983}},{"facility":"Institut Jean Godinot","city":"Reims","country":"France","geoPoint":{"lat":49.25,"lon":4.03333}},{"facility":"Centre Henri Becquerel","city":"Rouen","country":"France","geoPoint":{"lat":49.44313,"lon":1.09932}},{"facility":"Institut Curie Site Saint Cloud","city":"Saint-Cloud","country":"France","geoPoint":{"lat":48.84598,"lon":2.20289}},{"facility":"Institut de Cancérologie Lucien Neuwirth","city":"Saint-Priest-en-Jarez","country":"France","geoPoint":{"lat":45.47501,"lon":4.37614}},{"facility":"Centre Paul Strauss","city":"Strasbourg","country":"France","geoPoint":{"lat":48.58392,"lon":7.74553}},{"facility":"Intitut Claudius Regaud","city":"Toulouse","country":"France","geoPoint":{"lat":43.60426,"lon":1.44367}},{"facility":"Gustave Roussy","city":"Villejuif","country":"France","geoPoint":{"lat":48.7939,"lon":2.35992}},{"facility":"Praxisklinik Krebsheilkunde für Frauen","city":"Berlin","country":"Germany","geoPoint":{"lat":52.52437,"lon":13.41053}},{"facility":"Studiengesellschaft Onkologie Bielefeld","city":"Bielefeld","country":"Germany","geoPoint":{"lat":52.03333,"lon":8.53333}},{"facility":"Marienhospital Bottrop","city":"Bottrop","country":"Germany","geoPoint":{"lat":51.52392,"lon":6.9285}},{"facility":"Luisenkrankenhaus Düsseldorf","city":"Düsseldorf","country":"Germany","geoPoint":{"lat":51.22172,"lon":6.77616}},{"facility":"Universitätsklinikum Düsseldorf, Klinik für Frauenheilkunde & Geburtshilfe","city":"Düsseldorf","country":"Germany","geoPoint":{"lat":51.22172,"lon":6.77616}},{"facility":"Kliniken Essen-Mitte, Evang. Huyssens-Stiftung/Knappschaft GmbH","city":"Essen","country":"Germany","geoPoint":{"lat":51.45657,"lon":7.01228}},{"facility":"Agaplesion Markus Krankenhaus","city":"Frankfurt","country":"Germany","geoPoint":{"lat":50.11552,"lon":8.68417}},{"facility":"Sana-Klinikum Hameln","city":"Hameln","country":"Germany","geoPoint":{"lat":52.10397,"lon":9.35623}},{"facility":"Diakovere Henriettenstift Frauenklinik","city":"Hannover","country":"Germany","geoPoint":{"lat":52.37052,"lon":9.73322}},{"facility":"Vidia Christliche Kliniken Karlsruhe Vincentius-Diakonissen-Kliniken gAG Frauenklinik","city":"Karlsruhe","country":"Germany","geoPoint":{"lat":49.00937,"lon":8.40444}},{"facility":"UKSH, Klinik für Gynäkologie und Geburtshilfe","city":"Kiel","country":"Germany","geoPoint":{"lat":54.32133,"lon":10.13489}},{"facility":"St. Elisabeth Krankenhaus","city":"Köln","country":"Germany","geoPoint":{"lat":50.93333,"lon":6.95}},{"facility":"Praxis Prof. Nitz im Brustzentrum Niederrhein","city":"Munster","country":"Germany","geoPoint":{"lat":51.96236,"lon":7.62571}},{"facility":"Universitätsklinikum Münster","city":"Münster","country":"Germany","geoPoint":{"lat":51.96236,"lon":7.62571}},{"facility":"Univ. Klinikum Oldenburg AÖR Hämatologie/Onkologie","city":"Oldenburg","country":"Germany","geoPoint":{"lat":53.14118,"lon":8.21467}},{"facility":"Leopoldina-Krankenhaus Schweinfurt","city":"Schweinfurt","country":"Germany","geoPoint":{"lat":50.04937,"lon":10.22175}},{"facility":"HELIOS Dr. Horst Schmidt Kliniken Wiesbaden; Klinik für Gynäkologie und gynäkologische Onkologie","city":"Wiesbaden","country":"Germany","geoPoint":{"lat":50.08258,"lon":8.24932}},{"facility":"Policlinico Sant'Orsola-Malpighi","city":"Bologna","country":"Italy","geoPoint":{"lat":44.49381,"lon":11.33875}},{"facility":"U.O. Oncologia AOU Arcispedale Sant'Anna","city":"Cona","country":"Italy","geoPoint":{"lat":44.80583,"lon":11.7069}},{"facility":"Istituto Europeo di Oncologia","city":"Milano","country":"Italy","geoPoint":{"lat":45.46427,"lon":9.18951}},{"facility":"Ospedale San Raffaele","city":"Segrate","country":"Italy","geoPoint":{"lat":45.49185,"lon":9.29812}},{"facility":"Ospedale Santa Maria della Misericordia","city":"Udine","country":"Italy","geoPoint":{"lat":46.0693,"lon":13.23715}},{"facility":"Auckland City Hospital Cancer and Blood Research","city":"Auckland","country":"New Zealand","geoPoint":{"lat":-36.84853,"lon":174.76349}},{"facility":"Hospital Champalimaud","city":"Lisboa","country":"Portugal","geoPoint":{"lat":38.71667,"lon":-9.13333}},{"facility":"Hospital Da Luz","city":"Lisboa","country":"Portugal","geoPoint":{"lat":38.71667,"lon":-9.13333}},{"facility":"Hospital Beatriz Angelo","city":"Loures","country":"Portugal","geoPoint":{"lat":38.83091,"lon":-9.16845}},{"facility":"IPO Porto","city":"Porto","country":"Portugal","geoPoint":{"lat":41.14961,"lon":-8.61099}},{"facility":"Hospital Clínic de Barcelona","city":"Barcelona","country":"Spain","geoPoint":{"lat":41.38879,"lon":2.15899}},{"facility":"Hospital General de Catalunya","city":"Barcelona","country":"Spain","geoPoint":{"lat":41.38879,"lon":2.15899}},{"facility":"Hospital Universitari Vall d'Hebron","city":"Barcelona","country":"Spain","geoPoint":{"lat":41.38879,"lon":2.15899}},{"facility":"ICO L'Hospitalet","city":"Barcelona","country":"Spain","geoPoint":{"lat":41.38879,"lon":2.15899}},{"facility":"Hospital Universitario 12 de Octubre","city":"Madrid","country":"Spain","geoPoint":{"lat":40.4165,"lon":-3.70256}},{"facility":"Hospital Universitario de Fuenlabrada","city":"Madrid","country":"Spain","geoPoint":{"lat":40.4165,"lon":-3.70256}},{"facility":"Hospital Universitario Fundación Alcorcón","city":"Madrid","country":"Spain","geoPoint":{"lat":40.4165,"lon":-3.70256}},{"facility":"Hospital Universitario Fundación Jiménez Díaz","city":"Madrid","country":"Spain","geoPoint":{"lat":40.4165,"lon":-3.70256}},{"facility":"Hospital Universitario La Paz","city":"Madrid","country":"Spain","geoPoint":{"lat":40.4165,"lon":-3.70256}},{"facility":"Hospital Universitario Severo Ochoa","city":"Madrid","country":"Spain","geoPoint":{"lat":40.4165,"lon":-3.70256}},{"facility":"MD Anderson Cancer Center Spain","city":"Madrid","country":"Spain","geoPoint":{"lat":40.4165,"lon":-3.70256}},{"facility":"Hospital Universitario Virgen de la Arrixaca","city":"Murcia","country":"Spain","geoPoint":{"lat":37.98704,"lon":-1.13004}},{"facility":"Hospital Regional Universitario de Málaga","city":"Málaga","country":"Spain","geoPoint":{"lat":36.72016,"lon":-4.42034}},{"facility":"Complejo Hospitalario de Navarra","city":"Navarro","country":"Spain","geoPoint":{"lat":43.56667,"lon":-5.9}},{"facility":"Hospital Universitario de Salamanca","city":"Salamanca","country":"Spain","geoPoint":{"lat":40.96882,"lon":-5.66388}},{"facility":"Complejo Hospitalario Univ. De Santiago","city":"Santiago","country":"Spain"},{"facility":"Hospital Quirón Sagrado Corazón","city":"Seville","country":"Spain","geoPoint":{"lat":37.38283,"lon":-5.97317}},{"facility":"Hospital Sant Joan de Reus","city":"Tarragona","country":"Spain","geoPoint":{"lat":41.11667,"lon":1.25}},{"facility":"Hospital Clínico Universitario de Valencia","city":"Valencia","country":"Spain","geoPoint":{"lat":39.46975,"lon":-0.37739}}]},"referencesModule":{"references":[{"pmid":"22152853","type":"BACKGROUND","citation":"Early Breast Cancer Trialists' Collaborative Group (EBCTCG); Peto R, Davies C, Godwin J, Gray R, Pan HC, Clarke M, Cutter D, Darby S, McGale P, Taylor C, Wang YC, Bergh J, Di Leo A, Albain K, Swain S, Piccart M, Pritchard K. Comparisons between different polychemotherapy regimens for early breast cancer: meta-analyses of long-term outcome among 100,000 women in 123 randomised trials. Lancet. 2012 Feb 4;379(9814):432-44. doi: 10.1016/S0140-6736(11)61625-5. Epub 2011 Dec 5."},{"pmid":"26510017","type":"BACKGROUND","citation":"Welch HG, Gorski DH, Albertsen PC. Trends in Metastatic Breast and Prostate Cancer--Lessons in Cancer Dynamics. N Engl J Med. 2015 Oct 29;373(18):1685-7. doi: 10.1056/NEJMp1510443. No abstract available."},{"pmid":"22149875","type":"BACKGROUND","citation":"Baselga J, Cortes J, Kim SB, Im SA, Hegg R, Im YH, Roman L, Pedrini JL, Pienkowski T, Knott A, Clark E, Benyunes MC, Ross G, Swain SM; CLEOPATRA Study Group. Pertuzumab plus trastuzumab plus docetaxel for metastatic breast cancer. N Engl J Med. 2012 Jan 12;366(2):109-19. doi: 10.1056/NEJMoa1113216. Epub 2011 Dec 7."},{"pmid":"25693012","type":"BACKGROUND","citation":"Swain SM, Baselga J, Kim SB, Ro J, Semiglazov V, Campone M, Ciruelos E, Ferrero JM, Schneeweiss A, Heeson S, Clark E, Ross G, Benyunes MC, Cortes J; CLEOPATRA Study Group. Pertuzumab, trastuzumab, and docetaxel in HER2-positive metastatic breast cancer. N Engl J Med. 2015 Feb 19;372(8):724-34. doi: 10.1056/NEJMoa1413513."},{"pmid":"23485231","type":"BACKGROUND","citation":"Ferlay J, Steliarova-Foucher E, Lortet-Tieulent J, Rosso S, Coebergh JW, Comber H, Forman D, Bray F. Cancer incidence and mortality patterns in Europe: estimates for 40 countries in 2012. Eur J Cancer. 2013 Apr;49(6):1374-403. doi: 10.1016/j.ejca.2012.12.027. Epub 2013 Feb 26."},{"pmid":"10385618","type":"BACKGROUND","citation":"Sherr CJ, Roberts JM. CDK inhibitors: positive and negative regulators of G1-phase progression. Genes Dev. 1999 Jun 15;13(12):1501-12. doi: 10.1101/gad.13.12.1501. No abstract available."},{"pmid":"8266103","type":"BACKGROUND","citation":"van den Heuvel S, Harlow E. Distinct roles for cyclin-dependent kinases in cell cycle control. Science. 1993 Dec 24;262(5142):2050-4. doi: 10.1126/science.8266103."},{"pmid":"7736585","type":"BACKGROUND","citation":"Weinberg RA. The retinoblastoma protein and cell cycle control. Cell. 1995 May 5;81(3):323-30. doi: 10.1016/0092-8674(95)90385-2. No abstract available."},{"pmid":"8242751","type":"BACKGROUND","citation":"Harper JW, Adami GR, Wei N, Keyomarsi K, Elledge SJ. The p21 Cdk-interacting protein Cip1 is a potent inhibitor of G1 cyclin-dependent kinases. Cell. 1993 Nov 19;75(4):805-16. doi: 10.1016/0092-8674(93)90499-g."},{"pmid":"8475385","type":"BACKGROUND","citation":"Koff A, Ohtsuki M, Polyak K, Roberts JM, Massague J. Negative regulation of G1 in mammalian cells: inhibition of cyclin E-dependent kinase by TGF-beta. Science. 1993 Apr 23;260(5107):536-9. doi: 10.1126/science.8475385."},{"pmid":"8288131","type":"BACKGROUND","citation":"Polyak K, Kato JY, Solomon MJ, Sherr CJ, Massague J, Roberts JM, Koff A. p27Kip1, a cyclin-Cdk inhibitor, links transforming growth factor-beta and contact inhibition to cell cycle arrest. Genes Dev. 1994 Jan;8(1):9-22. doi: 10.1101/gad.8.1.9."},{"pmid":"7610482","type":"BACKGROUND","citation":"Sherr CJ. D-type cyclins. Trends Biochem Sci. 1995 May;20(5):187-90. doi: 10.1016/s0968-0004(00)89005-2."},{"pmid":"8033213","type":"BACKGROUND","citation":"Toyoshima H, Hunter T. p27, a novel inhibitor of G1 cyclin-Cdk protein kinase activity, is related to p21. Cell. 1994 Jul 15;78(1):67-74. doi: 10.1016/0092-8674(94)90573-8."},{"pmid":"7777060","type":"BACKGROUND","citation":"Lukas J, Parry D, Aagaard L, Mann DJ, Bartkova J, Strauss M, Peters G, Bartek J. Retinoblastoma-protein-dependent cell-cycle inhibition by the tumour suppressor p16. Nature. 1995 Jun 8;375(6531):503-6. doi: 10.1038/375503a0."},{"pmid":"7603984","type":"BACKGROUND","citation":"Medema RH, Herrera RE, Lam F, Weinberg RA. Growth suppression by p16ink4 requires functional retinoblastoma protein. Proc Natl Acad Sci U S A. 1995 Jul 3;92(14):6289-93. doi: 10.1073/pnas.92.14.6289."},{"pmid":"10611246","type":"BACKGROUND","citation":"Lee RJ, Albanese C, Fu M, D'Amico M, Lin B, Watanabe G, Haines GK 3rd, Siegel PM, Hung MC, Yarden Y, Horowitz JM, Muller WJ, Pestell RG. Cyclin D1 is required for transformation by activated Neu and is induced through an E2F-dependent signaling pathway. Mol Cell Biol. 2000 Jan;20(2):672-83. doi: 10.1128/MCB.20.2.672-683.2000."},{"pmid":"10757805","type":"BACKGROUND","citation":"Lane HA, Beuvink I, Motoyama AB, Daly JM, Neve RM, Hynes NE. ErbB2 potentiates breast tumor proliferation through modulation of p27(Kip1)-Cdk2 complex formation: receptor overexpression does not determine growth dependency. Mol Cell Biol. 2000 May;20(9):3210-23. doi: 10.1128/MCB.20.9.3210-3223.2000."},{"pmid":"16413469","type":"BACKGROUND","citation":"Yu Q, Sicinska E, Geng Y, Ahnstrom M, Zagozdzon A, Kong Y, Gardner H, Kiyokawa H, Harris LN, Stal O, Sicinski P. Requirement for CDK4 kinase function in breast cancer. Cancer Cell. 2006 Jan;9(1):23-32. doi: 10.1016/j.ccr.2005.12.012."},{"pmid":"11956082","type":"BACKGROUND","citation":"Nahta R, Iglehart JD, Kempkes B, Schmidt EV. Rate-limiting effects of Cyclin D1 in transformation by ErbB2 predicts synergy between herceptin and flavopiridol. Cancer Res. 2002 Apr 15;62(8):2267-71."},{"pmid":"16288002","type":"BACKGROUND","citation":"Reddy HK, Mettus RV, Rane SG, Grana X, Litvin J, Reddy EP. Cyclin-dependent kinase 4 expression is essential for neu-induced breast tumorigenesis. Cancer Res. 2005 Nov 15;65(22):10174-8. doi: 10.1158/0008-5472.CAN-05-2639."},{"pmid":"14982856","type":"BACKGROUND","citation":"Yang C, Ionescu-Tiba V, Burns K, Gadd M, Zukerberg L, Louis DN, Sgroi D, Schmidt EV. The role of the cyclin D1-dependent kinases in ErbB2-mediated breast cancer. Am J Pathol. 2004 Mar;164(3):1031-8. doi: 10.1016/S0002-9440(10)63190-2."},{"pmid":"16413468","type":"BACKGROUND","citation":"Landis MW, Pawlyk BS, Li T, Sicinski P, Hinds PW. Cyclin D1-dependent kinase activity in murine development and mammary tumorigenesis. Cancer Cell. 2006 Jan;9(1):13-22. doi: 10.1016/j.ccr.2005.12.019."},{"pmid":"19874578","type":"BACKGROUND","citation":"Finn RS, Dering J, Conklin D, Kalous O, Cohen DJ, Desai AJ, Ginther C, Atefi M, Chen I, Fowst C, Los G, Slamon DJ. PD 0332991, a selective cyclin D kinase 4/6 inhibitor, preferentially inhibits proliferation of luminal estrogen receptor-positive human breast cancer cell lines in vitro. Breast Cancer Res. 2009;11(5):R77. doi: 10.1186/bcr2419."},{"pmid":"24121271","type":"BACKGROUND","citation":"Witkiewicz AK, Cox DW, Rivadeneira D, Ertel AE, Fortina P, Schwartz GF, Knudsen ES. The retinoblastoma tumor suppressor pathway modulates the invasiveness of ErbB2-positive breast cancer. Oncogene. 2014 Jul 24;33(30):3980-91. doi: 10.1038/onc.2013.367. Epub 2013 Oct 14."},{"pmid":"22302033","type":"BACKGROUND","citation":"Roberts PJ, Bisi JE, Strum JC, Combest AJ, Darr DB, Usary JE, Zamboni WC, Wong KK, Perou CM, Sharpless NE. Multiple roles of cyclin-dependent kinase 4/6 inhibitors in cancer therapy. J Natl Cancer Inst. 2012 Mar 21;104(6):476-87. doi: 10.1093/jnci/djs002. Epub 2012 Feb 1."},{"pmid":"26977878","type":"BACKGROUND","citation":"Goel S, Wang Q, Watt AC, Tolaney SM, Dillon DA, Li W, Ramm S, Palmer AC, Yuzugullu H, Varadan V, Tuck D, Harris LN, Wong KK, Liu XS, Sicinski P, Winer EP, Krop IE, Zhao JJ. Overcoming Therapeutic Resistance in HER2-Positive Breast Cancers with CDK4/6 Inhibitors. Cancer Cell. 2016 Mar 14;29(3):255-269. doi: 10.1016/j.ccell.2016.02.006."},{"pmid":"26947331","type":"BACKGROUND","citation":"Cristofanilli M, Turner NC, Bondarenko I, Ro J, Im SA, Masuda N, Colleoni M, DeMichele A, Loi S, Verma S, Iwata H, Harbeck N, Zhang K, Theall KP, Jiang Y, Bartlett CH, Koehler M, Slamon D. Fulvestrant plus palbociclib versus fulvestrant plus placebo for treatment of hormone-receptor-positive, HER2-negative metastatic breast cancer that progressed on previous endocrine therapy (PALOMA-3): final analysis of the multicentre, double-blind, phase 3 randomised controlled trial. Lancet Oncol. 2016 Apr;17(4):425-439. doi: 10.1016/S1470-2045(15)00613-0. Epub 2016 Mar 3. Erratum In: Lancet Oncol. 2016 Apr;17 (4):e136. Lancet Oncol. 2016 Jul;17 (7):e270."},{"pmid":"24799487","type":"BACKGROUND","citation":"Ramakrishna N, Temin S, Chandarlapaty S, Crews JR, Davidson NE, Esteva FJ, Giordano SH, Gonzalez-Angulo AM, Kirshner JJ, Krop I, Levinson J, Modi S, Patt DA, Perez EA, Perlmutter J, Winer EP, Lin NU. Recommendations on disease management for patients with advanced human epidermal growth factor receptor 2-positive breast cancer and brain metastases: American Society of Clinical Oncology clinical practice guideline. J Clin Oncol. 2014 Jul 1;32(19):2100-8. doi: 10.1200/JCO.2013.54.0955. Epub 2014 May 5."},{"pmid":"25234545","type":"BACKGROUND","citation":"Cardoso F, Costa A, Norton L, Senkus E, Aapro M, Andre F, Barrios CH, Bergh J, Biganzoli L, Blackwell KL, Cardoso MJ, Cufer T, El Saghir N, Fallowfield L, Fenech D, Francis P, Gelmon K, Giordano SH, Gligorov J, Goldhirsch A, Harbeck N, Houssami N, Hudis C, Kaufman B, Krop I, Kyriakides S, Lin UN, Mayer M, Merjaver SD, Nordstrom EB, Pagani O, Partridge A, Penault-Llorca F, Piccart MJ, Rugo H, Sledge G, Thomssen C, Van't Veer L, Vorobiof D, Vrieling C, West N, Xu B, Winer E. ESO-ESMO 2nd international consensus guidelines for advanced breast cancer (ABC2)dagger. Ann Oncol. 2014 Oct;25(10):1871-1888. doi: 10.1093/annonc/mdu385. Epub 2014 Sep 18. No abstract available."},{"pmid":"12743150","type":"BACKGROUND","citation":"Lipton A, Ali SM, Leitzel K, Demers L, Harvey HA, Chaudri-Ross HA, Brady C, Wyld P, Carney W. Serum HER-2/neu and response to the aromatase inhibitor letrozole versus tamoxifen. J Clin Oncol. 2003 May 15;21(10):1967-72. doi: 10.1200/JCO.2003.09.098."},{"pmid":"12885806","type":"BACKGROUND","citation":"Burstein HJ, Harris LN, Marcom PK, Lambert-Falls R, Havlin K, Overmoyer B, Friedlander RJ Jr, Gargiulo J, Strenger R, Vogel CL, Ryan PD, Ellis MJ, Nunes RA, Bunnell CA, Campos SM, Hallor M, Gelman R, Winer EP. Trastuzumab and vinorelbine as first-line therapy for HER2-overexpressing metastatic breast cancer: multicenter phase II trial with clinical outcomes, analysis of serum tumor markers as predictive factors, and cardiac surveillance algorithm. J Clin Oncol. 2003 Aug 1;21(15):2889-95. doi: 10.1200/JCO.2003.02.018."},{"pmid":"16969343","type":"BACKGROUND","citation":"Chan A, Martin M, Untch M, Gil MG, Guillem-Porta V, Wojtukiewicz M, Kellokumpu-Lehtinen P, Sommer HL, Georgoulias V, Battelli N, Pawlicki M, Aubert D, Bourlard T, Gasmi J, Villanova G, Petruzelka L; Navelbine Herceptin Project. Vinorelbine plus trastuzumab combination as first-line therapy for HER 2-positive metastatic breast cancer patients: an international phase II trial. Br J Cancer. 2006 Oct 9;95(7):788-93. doi: 10.1038/sj.bjc.6603351. Epub 2006 Sep 12."},{"pmid":"9060536","type":"BACKGROUND","citation":"Brady MJ, Cella DF, Mo F, Bonomi AE, Tulsky DS, Lloyd SR, Deasy S, Cobleigh M, Shiomoto G. Reliability and validity of the Functional Assessment of Cancer Therapy-Breast quality-of-life instrument. J Clin Oncol. 1997 Mar;15(3):974-86. doi: 10.1200/JCO.1997.15.3.974."},{"pmid":"10109801","type":"BACKGROUND","citation":"EuroQol Group. EuroQol--a new facility for the measurement of health-related quality of life. Health Policy. 1990 Dec;16(3):199-208. doi: 10.1016/0168-8510(90)90421-9."},{"pmid":"25524798","type":"RESULT","citation":"Finn RS, Crown JP, Lang I, Boer K, Bondarenko IM, Kulyk SO, Ettl J, Patel R, Pinter T, Schmidt M, Shparyk Y, Thummala AR, Voytko NL, Fowst C, Huang X, Kim ST, Randolph S, Slamon DJ. The cyclin-dependent kinase 4/6 inhibitor palbociclib in combination with letrozole versus letrozole alone as first-line treatment of oestrogen receptor-positive, HER2-negative, advanced breast cancer (PALOMA-1/TRIO-18): a randomised phase 2 study. Lancet Oncol. 2015 Jan;16(1):25-35. doi: 10.1016/S1470-2045(14)71159-3. Epub 2014 Dec 16."},{"type":"RESULT","citation":"Finn, R.S., et al., PALOMA-2: Primary results from a phase III trial of palbociclib (P) with letrozole (L) compared with letrozole alone in postmenopausal women with ER+/HER2- advanced breast cancer (ABC). ASCO Meeting Abstracts, 2016. 34(15_suppl): p. 507."},{"pmid":"12954578","type":"RESULT","citation":"Paridaens R, Dirix L, Lohrisch C, Beex L, Nooij M, Cameron D, Biganzoli L, Cufer T, Duchateau L, Hamilton A, Lobelle JP, Piccart M; European Organization for the Research and Treatment of Cancer (EORTC)- Investigational Drug Branch for Breast Cancer (IDBBC). Mature results of a randomized phase II multicenter study of exemestane versus tamoxifen as first-line hormone therapy for postmenopausal women with metastatic breast cancer. Ann Oncol. 2003 Sep;14(9):1391-8. doi: 10.1093/annonc/mdg362."},{"type":"RESULT","citation":"Pfizer, Inc. Palbociclib (PD-0332991): Investigator's Brochure. N.p.: Pfizer, 2015. Print."},{"pmid":"33369581","type":"DERIVED","citation":"Peddi PF, Slamon DJ. Frontiers in HER2-positive breast cancer in 2020. Curr Opin Obstet Gynecol. 2021 Feb 1;33(1):48-52. doi: 10.1097/GCO.0000000000000677."}]},"ipdSharingStatementModule":{"ipdSharing":"NO"}},"derivedSection":{"miscInfoModule":{"versionHolder":"2024-01-12","modelPredictions":{"bmiLimits":{"minBmi":0.00,"maxBmi":101.00}}},"conditionBrowseModule":{"meshes":[{"id":"D000001943","term":"Breast Neoplasms"}],"ancestors":[{"id":"D000009371","term":"Neoplasms by Site"},{"id":"D000009369","term":"Neoplasms"},{"id":"D000001941","term":"Breast Diseases"},{"id":"D000012871","term":"Skin Diseases"}],"browseLeaves":[{"id":"M4910","name":"Breast Neoplasms","asFound":"Breast Cancer","relevance":"HIGH"},{"id":"M4908","name":"Breast Diseases","relevance":"LOW"},{"id":"M15364","name":"Skin Diseases","relevance":"LOW"}],"browseBranches":[{"abbrev":"BC04","name":"Neoplasms"},{"abbrev":"BC17","name":"Skin and Connective Tissue Diseases"},{"abbrev":"All","name":"All Conditions"}]},"interventionBrowseModule":{"meshes":[{"id":"D000068878","term":"Trastuzumab"},{"id":"C000485206","term":"Pertuzumab"},{"id":"D000077289","term":"Letrozole"},{"id":"D000077267","term":"Fulvestrant"},{"id":"C000500026","term":"Palbociclib"},{"id":"D000077384","term":"Anastrozole"},{"id":"C000056516","term":"Exemestane"}],"ancestors":[{"id":"D000074322","term":"Antineoplastic Agents, Immunological"},{"id":"D000000970","term":"Antineoplastic Agents"},{"id":"D000047072","term":"Aromatase Inhibitors"},{"id":"D000065088","term":"Steroid Synthesis Inhibitors"},{"id":"D000004791","term":"Enzyme Inhibitors"},{"id":"D000045504","term":"Molecular Mechanisms of Pharmacological Action"},{"id":"D000004965","term":"Estrogen Antagonists"},{"id":"D000006727","term":"Hormone Antagonists"},{"id":"D000006730","term":"Hormones, Hormone Substitutes, and Hormone Antagonists"},{"id":"D000045505","term":"Physiological Effects of Drugs"},{"id":"D000018931","term":"Antineoplastic Agents, Hormonal"},{"id":"D000065171","term":"Estrogen Receptor Antagonists"},{"id":"D000047428","term":"Protein Kinase Inhibitors"}],"browseLeaves":[{"id":"M9479","name":"Hormones","relevance":"LOW"},{"id":"M325","name":"Trastuzumab","asFound":"Normal","relevance":"HIGH"},{"id":"M289187","name":"Pertuzumab","asFound":"Pemetrexed","relevance":"HIGH"},{"id":"M223827","name":"Palbociclib","asFound":"Sensitivity","relevance":"HIGH"},{"id":"M1743","name":"Letrozole","asFound":"Visual","relevance":"HIGH"},{"id":"M1723","name":"Fulvestrant","asFound":"Users","relevance":"HIGH"},{"id":"M1781","name":"Anastrozole","asFound":"Mesh","relevance":"HIGH"},{"id":"M247189","name":"Exemestane","asFound":"Strain","relevance":"HIGH"},{"id":"M1346","name":"Antineoplastic Agents, Immunological","relevance":"LOW"},{"id":"M25459","name":"Aromatase Inhibitors","relevance":"LOW"},{"id":"M7641","name":"Enzyme Inhibitors","relevance":"LOW"},{"id":"M7806","name":"Estrogens","relevance":"LOW"},{"id":"M7804","name":"Estrogen Antagonists","relevance":"LOW"},{"id":"M30173","name":"Estrogen Receptor Antagonists","relevance":"LOW"},{"id":"M9478","name":"Hormone Antagonists","relevance":"LOW"},{"id":"M20656","name":"Antineoplastic Agents, Hormonal","relevance":"LOW"},{"id":"M25510","name":"Protein Kinase Inhibitors","relevance":"LOW"}],"browseBranches":[{"abbrev":"All","name":"All Drugs and Chemicals"},{"abbrev":"ANeo","name":"Antineoplastic Agents"}]}},"hasResults":false}