{"protocolSection":{"identificationModule":{"nctId":"NCT05995483","orgStudyIdInfo":{"id":"ETK00-2022-0030"},"organization":{"fullName":"Eastern Mediterranean University","class":"OTHER"},"briefTitle":"Experimental Study With Pretest/Posttest Groups Which the Intervention Group Have the System Which Sends Reminder Notifications Directing Them to the Website Containing BSE Training Along With the Illustrations Created for the Practice Prepared by the Researcher on the Determined Ideal Day","officialTitle":"Kendi Kendine Meme Muayenesi Ile İlgili Anımsatıcı Bildirimlerin Meme Kanseri Korkusu ve Sağlık İnançları Üzerine Etkisi/The Effect of Reminder Notifications About Breast Self-Exam on Fear of Breast Cancer and Health Beliefs","acronym":"BreastSelfExam"},"statusModule":{"statusVerifiedDate":"2023-08","overallStatus":"ACTIVE_NOT_RECRUITING","expandedAccessInfo":{"hasExpandedAccess":false},"startDateStruct":{"date":"2023-04-04","type":"ACTUAL"},"primaryCompletionDateStruct":{"date":"2023-09-04","type":"ESTIMATED"},"completionDateStruct":{"date":"2023-09-04","type":"ESTIMATED"},"studyFirstSubmitDate":"2023-07-18","studyFirstSubmitQcDate":"2023-08-15","studyFirstPostDateStruct":{"date":"2023-08-16","type":"ACTUAL"},"lastUpdateSubmitDate":"2023-08-15","lastUpdatePostDateStruct":{"date":"2023-08-16","type":"ACTUAL"}},"sponsorCollaboratorsModule":{"responsibleParty":{"type":"SPONSOR"},"leadSponsor":{"name":"Eastern Mediterranean University","class":"OTHER"}},"oversightModule":{"isFdaRegulatedDrug":false,"isFdaRegulatedDevice":false},"descriptionModule":{"briefSummary":"H0: Among the intervention and control groups of reminder notifications relating to self-examination\n\nH01: Average breast cancer fear score and H02: There is no difference in the average score of breast cancer health beliefs.\n\nH1: Among the intervention and control groups of reminder notifications relating to self-examination\n\nH11: Average breast cancer fear score H12: Breast cancer is different in terms of average score of health beliefs","detailedDescription":"Newly Enrolled Students in the Nursing Programs at Girne American University and Eastern Mediterranean University Will Participate in This Study as an Experimental Study With a Pretest/Posttest Control Group. The Students Will Receive the Same Training. Contrary to the Control Group, the Intervention Group Will Have the System Which Will Send Reminder Notifications (Via the Web Base) Directing Them to the Website Containing BSE Training, Along With the Vector Illustration to be Created for the Concurrent Practice Prepared by the Researcher on the Determined Ideal Day. Users Will Receive a Notification Twice Via the Website and Email That Includes Re-examination Seven Days Following the End of Their Period. Depending on the Permission They Grant to Their Phones, Users Will be Able to Access the BSE Training Materials on the Website by Clicking on the General Reminder Notification or the Router, Using Their Browsers, and Logging in to Their Accounts. The Data on the Frequency of BSE With the \"Breast Cancer Fear Scale\" and \"Champion's Health Belief Model Scale\" Will be Collected From the Users at the End of the Three-month Period of Using the Website, Which Will be Developed in Order to Raise the Chances of Early Diagnosis by Encouraging BSE."},"conditionsModule":{"conditions":["Breast Self-Examination","Breast Cancer","Nursing Caries","Cancer","Awakening Early"],"keywords":["Awareness","Early Diagnosis","Prevent Surgery","Breast Self-Examination"]},"designModule":{"studyType":"INTERVENTIONAL","phases":["NA"],"designInfo":{"allocation":"RANDOMIZED","interventionModel":"PARALLEL","primaryPurpose":"PREVENTION","maskingInfo":{"masking":"NONE"}},"enrollmentInfo":{"count":76,"type":"ACTUAL"}},"armsInterventionsModule":{"armGroups":[{"label":"Have access to web based BSE training and notifications","type":"EXPERIMENTAL","description":"Have the System Which Sends Reminder Notifications Directing Them to the Website Containing BSE Training Along With the Illustrations Created for the Practice Prepared by the Researcher on the Determined Ideal Day.","interventionNames":["Other: Early Diagnosis on BSE"]},{"label":"Has no intervention during the study","type":"NO_INTERVENTION","description":"Only has an powerpoint training og BSE, not knowing about the web base system"}],"interventions":[{"type":"OTHER","name":"Early Diagnosis on BSE","description":"the System Which Sends Reminder Notifications Directing Them to the Website Containing BSE Training Along With the Illustrations Created for the Practice Prepared by the Researcher on the Determined Ideal Day.","armGroupLabels":["Have access to web based BSE training and notifications"]}]},"outcomesModule":{"primaryOutcomes":[{"measure":"Change in the health belief scores on 'Champion Health Belief Model Scale' and 'Breast Cancer Fear Scale' related web based BSE examination notifications in 3 months.","description":"Measuring the health belief on breast cancer early diagnosis and awareness with web based bse training and notifications using 'Champion Health Belief Model Scale' and 'Breast Cancer Fear Scale'.","timeFrame":"3 months"}]},"eligibilityModule":{"eligibilityCriteria":"Inclusion Criteria:\n\n* Who is over 18 years old,\n* Eastern Mediterranean University and Girne American University, newly enrolled female students in the Nursing Department of the Faculty of Health Sciences\n\nExclusion Criteria:\n\n* People who do not meet the criteria","healthyVolunteers":true,"sex":"FEMALE","genderBased":true,"genderDescription":"The research is planned to do on female nursing students","minimumAge":"18 Years","maximumAge":"30 Years","stdAges":["ADULT"]},"contactsLocationsModule":{"locations":[{"facility":"Eastern Mediterranean University & Girne American University","city":"Kyrenia","country":"Cyprus","geoPoint":{"lat":35.33634,"lon":33.31729}}]},"ipdSharingStatementModule":{"ipdSharing":"YES"}},"derivedSection":{"miscInfoModule":{"versionHolder":"2024-01-12","modelPredictions":{"bmiLimits":{"minBmi":0.00,"maxBmi":101.00}}},"conditionBrowseModule":{"meshes":[{"id":"D000001943","term":"Breast Neoplasms"}],"ancestors":[{"id":"D000009371","term":"Neoplasms by Site"},{"id":"D000009369","term":"Neoplasms"},{"id":"D000001941","term":"Breast Diseases"},{"id":"D000012871","term":"Skin Diseases"}],"browseLeaves":[{"id":"M4910","name":"Breast Neoplasms","asFound":"Breast Cancer","relevance":"HIGH"},{"id":"M4908","name":"Breast Diseases","relevance":"LOW"},{"id":"M15364","name":"Skin Diseases","relevance":"LOW"}],"browseBranches":[{"abbrev":"BC04","name":"Neoplasms"},{"abbrev":"BC17","name":"Skin and Connective Tissue Diseases"},{"abbrev":"All","name":"All Conditions"}]}},"hasResults":false}