{"protocolSection":{"identificationModule":{"nctId":"NCT00103233","orgStudyIdInfo":{"id":"CDR0000409573"},"secondaryIdInfos":[{"id":"SWOG-S0347"}],"organization":{"fullName":"National Cancer Institute (NCI)","class":"NIH"},"briefTitle":"Vinorelbine With or Without Trastuzumab in Treating Women With Progressive Metastatic Breast Cancer","officialTitle":"A Randomized Study of Weekly Vinorelbine (Navelbine®) Alone or in Combination With Trastuzumab (Herceptin®) (NSC-688097) for Patients With HER-2-Positive Metastatic Breast Cancer Whose Tumors Have Progressed After Taxane + Trastuzumab Combination Therapy - Phase III"},"statusModule":{"statusVerifiedDate":"2005-08","overallStatus":"COMPLETED","startDateStruct":{"date":"2004-12"},"completionDateStruct":{"date":"2006-04","type":"ACTUAL"},"studyFirstSubmitDate":"2005-02-07","studyFirstSubmitQcDate":"2005-02-07","studyFirstPostDateStruct":{"date":"2005-02-08","type":"ESTIMATED"},"lastUpdateSubmitDate":"2013-06-21","lastUpdatePostDateStruct":{"date":"2013-06-24","type":"ESTIMATED"}},"sponsorCollaboratorsModule":{"leadSponsor":{"name":"SWOG Cancer Research Network","class":"NETWORK"},"collaborators":[{"name":"National Cancer Institute (NCI)","class":"NIH"}]},"descriptionModule":{"briefSummary":"RATIONALE: Drugs used in chemotherapy, such as vinorelbine, work in different ways to stop the growth of tumor cells, either by killing the cells or by stopping them from dividing. Monoclonal antibodies, such as trastuzumab, can block tumor growth in different ways. Some block the ability of tumor cells to grow and spread. Others find tumor cells and help kill them or carry tumor-killing substances to them. Trastuzumab may also help vinorelbine work better by making tumor cells more sensitive to the drug. Giving vinorelbine together with trastuzumab may be an effective treatment for breast cancer. It is not yet known whether giving vinorelbine together with trastuzumab is more effective than vinorelbine alone in treating breast cancer.\n\nPURPOSE: This randomized phase III trial is studying vinorelbine and trastuzumab to see how well they work compared to vinorelbine alone in treating women with progressive metastatic breast cancer.","detailedDescription":"OBJECTIVES:\n\n* Compare progression-free survival (PFS) of women with HER2-positive progressive metastatic breast cancer treated with vinorelbine with or without trastuzumab (Herceptin®).\n* Compare overall survival and time to treatment failure in patients treated with these regimens.\n* Compare the toxicity of these regimens in these patients.\n* Compare the response rate (complete and partial, confirmed and unconfirmed) in patients with measurable disease treated with these regimens.\n* Correlate baseline circulating tumor cells (CTC) with PFS, overall survival, and disease progression status at 9 weeks in patients treated with these regimens.\n* Correlate 4-week CTC with subsequent PFS and overall survival of patients treated with these regimens.\n\nOUTLINE: This is a randomized, multicenter study. Patients are randomized to 1 of 2 treatment arms.\n\n* Arm I: Patients receive trastuzumab (Herceptin®) IV over 90 minutes and vinorelbine IV over 10 minutes on day 1 of course 1. Patients receive trastuzumab IV over 30 minutes and vinorelbine IV over 10 minutes on days 1, 8, 15, and 22 in all subsequent courses. If trastuzumab is discontinued due to toxicity, patients may continue to receive vinorelbine alone.\n* Arm II: Patients receive vinorelbine IV over 10 minutes on days 1, 8, 15, and 22.\n\nIn both arms, courses repeat every 28 days in the absence of disease progression or unacceptable toxicity.\n\nAfter completion of study treatment, patients are followed every 3 months until disease progression and then every 6 months for up to 3 years.\n\nPROJECTED ACCRUAL: A total of 292 patients (146 per treatment arm) will be accrued for this study within 3 years."},"conditionsModule":{"conditions":["Breast Cancer"],"keywords":["stage IV breast cancer","recurrent breast cancer"]},"designModule":{"studyType":"INTERVENTIONAL","phases":["PHASE3"],"designInfo":{"allocation":"RANDOMIZED","primaryPurpose":"TREATMENT"}},"armsInterventionsModule":{"interventions":[{"type":"BIOLOGICAL","name":"trastuzumab"},{"type":"DRUG","name":"vinorelbine tartrate"}]},"eligibilityModule":{"eligibilityCriteria":"DISEASE CHARACTERISTICS:\n\n* Histologically confirmed breast cancer\n\n  * Clinical evidence of metastatic disease\n* HER2-positive tumor, as indicated by one of the following methods:\n\n  * HER2 gene amplification by fluorescence in situ hybridization\n  * HER2 protein overexpression (3+) by immunohistochemistry\n* Disease progression during or after prior taxane therapy (single-agent paclitaxel, docetaxel, or taxane-containing combination chemotherapy) in combination with trastuzumab (Herceptin®) as first- or second-line chemotherapy for metastatic disease\n\n  * Patients who received maintenance therapy with single-agent trastuzumab after acheiving a response or stable disease to prior taxane/trastuzumab combination therapy are eligible provided disease has progressed\n* Measurable or nonmeasurable disease\n\n  * No effusions or ascites as the only sites of disease\n* No leptomeningeal disease or lymphatic pulmonary metastases\n* Brain metastases allowed provided disease is stable for \\> 3 months after completion of prior radiotherapy to the brain\n* Hormone receptor status:\n\n  * Not specified\n\nPATIENT CHARACTERISTICS:\n\nAge\n\n* 18 and over\n\nSex\n\n* Female\n\nMenopausal status\n\n* Not specified\n\nPerformance status\n\n* Zubrod 0-1\n\nLife expectancy\n\n* Not specified\n\nHematopoietic\n\n* Absolute neutrophil count ≥ 1,500/mm\\^3\n* Platelet count ≥ 100,000/mm\\^3\n* Hemoglobin ≥ 9 g/dL\n\nHepatic\n\n* Bilirubin ≤ 2.0 mg/dL\n* SGOT or SGPT ≤ 2.5 times upper limit of normal (ULN) (\\< 5 times ULN in the presence of liver metastases)\n* Alkaline phosphatase ≤ 3 times ULN (\\< 5 times ULN in the presence of liver or bone metastases)\n\nRenal\n\n* Creatinine ≤ 2.0 mg/dL\n* Calcium ≤ 11.0 mg/dL\n\nCardiovascular\n\n* No history of significant symptomatic cardiac disease\n* LVEF ≥ 50% of the lower limit of normal by MUGA or ECG\n\nOther\n\n* No pre-existing clinically significant (≥ grade 2) motor or sensory neuropathy except for abnormalities due to cancer\n* No other malignancy within the past 5 years except adequately treated basal cell or squamous cell skin cancer, carcinoma in situ of the cervix, or adequately treated stage I or II cancer in complete remission\n* Not pregnant or nursing\n* Negative pregnancy test\n* Fertile patients must use effective contraception\n\nPRIOR CONCURRENT THERAPY:\n\nBiologic therapy\n\n* See Disease Characteristics\n* At least 28 days since prior trastuzumab\n* No concurrent filgrastim (G-CSF)\n\nChemotherapy\n\n* See Disease Characteristics\n* No more than 2 prior chemotherapy regimens for metastatic breast cancer\n\n  * Prior adjuvant/neoadjuvant chemotherapy allowed, for a total of 3 prior regimens\n* No prior vinorelbine\n* No other prior chemotherapy after progression on a taxane/trastuzumab regimen\n* No prior cumulative dose \\> 360 mg/m\\^2 of anthracycline-based chemotherapy\n\nEndocrine therapy\n\n* No prior hormonal therapy after progression on a taxane/trastuzumab regimen\n* Prior exogenous hormonal therapy for stage IV disease and/or as adjuvant therapy allowed\n\nRadiotherapy\n\n* See Disease Characteristics\n* No prior radiotherapy to \\> 50% of the marrow-bearing bone\n\nSurgery\n\n* At least 4 weeks since prior major surgery (2 weeks for minor surgery) and recovered\n\nOther\n\n* Concurrent bisphosphonates allowed for bone metastasis","healthyVolunteers":false,"sex":"FEMALE","minimumAge":"18 Years","stdAges":["ADULT","OLDER_ADULT"]},"contactsLocationsModule":{"overallOfficials":[{"name":"Lajos Pusztai, MD, MPH, DPhil","affiliation":"M.D. Anderson Cancer Center"},{"name":"Francisco J. Esteva, MD","affiliation":"M.D. Anderson Cancer Center"}]}},"derivedSection":{"miscInfoModule":{"versionHolder":"2024-01-12","removedCountries":["United States"],"modelPredictions":{"bmiLimits":{"minBmi":0.00,"maxBmi":101.00}}},"conditionBrowseModule":{"meshes":[{"id":"D000001943","term":"Breast Neoplasms"}],"ancestors":[{"id":"D000009371","term":"Neoplasms by Site"},{"id":"D000009369","term":"Neoplasms"},{"id":"D000001941","term":"Breast Diseases"},{"id":"D000012871","term":"Skin Diseases"}],"browseLeaves":[{"id":"M14540","name":"Recurrence","relevance":"LOW"},{"id":"M4910","name":"Breast Neoplasms","asFound":"Breast Cancer","relevance":"HIGH"},{"id":"M4908","name":"Breast Diseases","relevance":"LOW"},{"id":"M15364","name":"Skin Diseases","relevance":"LOW"}],"browseBranches":[{"abbrev":"BC23","name":"Symptoms and General Pathology"},{"abbrev":"All","name":"All Conditions"},{"abbrev":"BC04","name":"Neoplasms"},{"abbrev":"BC17","name":"Skin and Connective Tissue Diseases"}]},"interventionBrowseModule":{"meshes":[{"id":"D000068878","term":"Trastuzumab"},{"id":"D000077235","term":"Vinorelbine"}],"ancestors":[{"id":"D000074322","term":"Antineoplastic Agents, Immunological"},{"id":"D000000970","term":"Antineoplastic Agents"},{"id":"D000000972","term":"Antineoplastic Agents, Phytogenic"},{"id":"D000050257","term":"Tubulin Modulators"},{"id":"D000050256","term":"Antimitotic Agents"},{"id":"D000050258","term":"Mitosis Modulators"},{"id":"D000045504","term":"Molecular Mechanisms of Pharmacological Action"}],"browseLeaves":[{"id":"M325","name":"Trastuzumab","asFound":"Normal","relevance":"HIGH"},{"id":"M1710","name":"Vinorelbine","asFound":"Electroporation","relevance":"HIGH"},{"id":"M147850","name":"Taxane","relevance":"LOW"},{"id":"M1346","name":"Antineoplastic Agents, Immunological","relevance":"LOW"},{"id":"M25887","name":"Tubulin Modulators","relevance":"LOW"},{"id":"M25886","name":"Antimitotic Agents","relevance":"LOW"}],"browseBranches":[{"abbrev":"ANeo","name":"Antineoplastic Agents"},{"abbrev":"All","name":"All Drugs and Chemicals"}]}},"hasResults":false}