{"protocolSection":{"identificationModule":{"nctId":"NCT05159518","orgStudyIdInfo":{"id":"PRT2527-01"},"organization":{"fullName":"Prelude Therapeutics","class":"INDUSTRY"},"briefTitle":"A Study of PRT2527 in Participants With Advanced Solid Tumors","officialTitle":"A Phase 1, Open-Label, Multicenter, Dose Escalation and Confirmation Study of PRT2527 in Participants With Advanced Solid Tumors"},"statusModule":{"statusVerifiedDate":"2023-12","overallStatus":"COMPLETED","expandedAccessInfo":{"hasExpandedAccess":false},"startDateStruct":{"date":"2022-02-14","type":"ACTUAL"},"primaryCompletionDateStruct":{"date":"2023-12-06","type":"ACTUAL"},"completionDateStruct":{"date":"2023-12-06","type":"ACTUAL"},"studyFirstSubmitDate":"2021-12-02","studyFirstSubmitQcDate":"2021-12-02","studyFirstPostDateStruct":{"date":"2021-12-16","type":"ACTUAL"},"lastUpdateSubmitDate":"2023-12-08","lastUpdatePostDateStruct":{"date":"2023-12-11","type":"ACTUAL"}},"sponsorCollaboratorsModule":{"responsibleParty":{"type":"SPONSOR"},"leadSponsor":{"name":"Prelude Therapeutics","class":"INDUSTRY"}},"oversightModule":{"oversightHasDmc":false,"isFdaRegulatedDrug":true,"isFdaRegulatedDevice":false},"descriptionModule":{"briefSummary":"This is a Phase 1 dose-escalation and confirmation study of PRT2527, a Cyclin-dependent Kinase 9 (CDK9) inhibitor, in participants with advanced solid tumors. The purpose of this study is to define the dosing schedule, and maximally tolerated dose to be used in subsequent development of PRT2527.","detailedDescription":"This is a multicenter, open-label, dose-escalation and confirmation Phase 1 study of PRT2527, a CDK9 inhibitor, evaluating participants with selected advanced/metastatic sarcomas displaying a documented gene fusion, castrate resistant prostate cancer, hormone receptor positive HER2-negative breast cancer, advanced/metastatic non-small cell lung cancer, and solid tumors displaying MYC amplification. The study plan expects to evaluate approximately six dose levels of approximately 1-6 participants per dose level; however additional and/or intermediate dose levels may be explored. Taking into account pharmacokinetic and pharmacodynamic data from the preceding dose levels, the dose may be escalated until a dose limiting toxicity is identified. The total sample size will be approximately 30 patients for MTD and RP2D determination."},"conditionsModule":{"conditions":["Sarcoma","Castrate Resistant Prostate Cancer","Hormone Receptor Positive HER2 Negative Breast Cancer","Non-small Cell Lung Cancer","Solid Tumors With Known MYC Amplification"],"keywords":["Breast Cancer","Castrate Resistant Prostate Cancer","CDK9 Inhibitor","CRPC","Cyclin-dependent Kinase 9","Hormone Receptor Positive HER2 Negative Breast Cancer","HR+/HER2- Breast Cancer","Non-small Cell Lung Cancer","NSCLC","Prostate Cancer","PRT2527","Refractory Solid Tumors","Relapsed Solid Tumors","Sarcoma"]},"designModule":{"studyType":"INTERVENTIONAL","phases":["PHASE1"],"designInfo":{"allocation":"NA","interventionModel":"SEQUENTIAL","primaryPurpose":"TREATMENT","maskingInfo":{"masking":"NONE"}},"enrollmentInfo":{"count":30,"type":"ACTUAL"}},"armsInterventionsModule":{"armGroups":[{"label":"PRT2527","type":"EXPERIMENTAL","description":"PRT2527 will be administered by intravenous infusion","interventionNames":["Drug: PRT2527"]}],"interventions":[{"type":"DRUG","name":"PRT2527","description":"PRT2527 will be administered by intravenous infusion","armGroupLabels":["PRT2527"]}]},"outcomesModule":{"primaryOutcomes":[{"measure":"Dose limiting toxicities (DLT) of PRT2527","description":"Dose limiting toxicities will be evaluated over the 21-day observation period","timeFrame":"Baseline through Day 21"},{"measure":"Maximally tolerated dose (MTD) of PRT2527","description":"The MTD will be established for further investigation in participants with advanced solid tumors","timeFrame":"Baseline through approximately 1 year"},{"measure":"Recommended phase 2 dose (RP2D) and schedule of PRT2527","description":"The RP2D will be established for further investigation in participants with advanced solid tumors","timeFrame":"Baseline through approximately 1 year"}],"secondaryOutcomes":[{"measure":"Safety and tolerability of PRT2527: AEs, SAEs, CTCAE assessments","description":"Safety and tolerability will be assessed by recording adverse events (AEs) and serious adverse events (SAEs) according to Common Terminology Criteria for Adverse Events (CTCAE)","timeFrame":"Baseline through approximately 2 years"},{"measure":"Pharmacokinetic profile of PRT2527: maximum observed plasma concentration","description":"PRT2527 pharmacokinetics will be calculated including the maximum observed plasma concentration","timeFrame":"Baseline through approximately 1 year"},{"measure":"Anti-tumor activity of PRT2527: measurement of objective responses","description":"Anti-tumor activity of PRT2527 based on the measurement of objective responses to PRT2527 according to the disease-specific response criteria for patients with advanced solid tumors","timeFrame":"Baseline through approximately 2 years"},{"measure":"Duration of response to PRT2527: Objective responses","description":"Duration of response will be calculated for all patients eligible for response determination from the time that a response is first observed until progression or death, whichever occurs first","timeFrame":"Baseline through approximately 2 years"}]},"eligibilityModule":{"eligibilityCriteria":"Inclusion Criteria:\n\n* Tumor types under study\n\n  1. Selected sarcomas with a documented gene fusion\n  2. Castrate resistant prostate cancer (CRPC)\n  3. Hormone receptor positive (HR+), HER2 negative (HER2-) breast cancer\n  4. Non-small cell lung cancer (NSCLC)\n  5. MYC amplified solid tumors\n* Must have measurable disease per RECIST 1.1; participants with CRPC or sarcoma may have nonmeasurable but evaluable disease\n* Eastern Cooperative Oncology Group (ECOG) Performance Score of 0 or 1\n* Adequate organ function\n* Must provide tumor tissue sample to the central laboratory for biomarker analysis\n* Participants must have recovered from the effects of prior cancer-related therapy, radiotherapy, or surgery to ≤ Grade 1\n\nExclusion Criteria:\n\n* Primary malignancies of the CNS, or uncontrolled CNS metastases, including impending spinal cord compression\n* have a corrected QT interval \\>480 msec from prior or baseline\n* have impaired cardiac function or clinically significant cardiac disease\n* Treatment with strong inhibitors or inducers of CYP3A4\n* Prior exposure to a CDK9 inhibitor\n* History of another malignancy except for:\n\n  1. Curatively treated malignancy with no known active disease\n  2. Curatively treated non-melanoma skin cancer without evidence of disease\n  3. Curatively treated carcinoma in situ without evidence of disease\n* have undergone major surgery within 2 weeks prior to Week 1 Day 1\n* have had chemotherapy, biologic therapy, targeted therapy, immunotherapy, extended-field radiotherapy, or investigational agents within 5 half-lives or 28 days (whichever is shorter) prior to administration of the first dose of study drug on Week 1 Day 1.","healthyVolunteers":false,"sex":"ALL","minimumAge":"18 Years","stdAges":["ADULT","OLDER_ADULT"]},"contactsLocationsModule":{"locations":[{"facility":"Sarah Cannon Research Institute at HealthONE","city":"Denver","state":"Colorado","zip":"80218","country":"United States","geoPoint":{"lat":39.73915,"lon":-104.9847}},{"facility":"Investigational Drug Services, AdventHealth Celebration","city":"Celebration","state":"Florida","zip":"34747","country":"United States","geoPoint":{"lat":28.32529,"lon":-81.53313}},{"facility":"Florida Cancer Specialists","city":"Sarasota","state":"Florida","zip":"34232","country":"United States","geoPoint":{"lat":27.33643,"lon":-82.53065}},{"facility":"Memorial Sloan Kettering Cancer Center","city":"New York","state":"New York","zip":"10065","country":"United States","geoPoint":{"lat":40.71427,"lon":-74.00597}},{"facility":"Thomas Jefferson University, Sidney Kimmel Cancer Center","city":"Philadelphia","state":"Pennsylvania","zip":"19107","country":"United States","geoPoint":{"lat":39.95233,"lon":-75.16379}},{"facility":"Fox Chase Cancer Center","city":"Philadelphia","state":"Pennsylvania","zip":"19111","country":"United States","geoPoint":{"lat":39.95233,"lon":-75.16379}},{"facility":"Mary Crowley Cancer Research","city":"Dallas","state":"Texas","zip":"75230","country":"United States","geoPoint":{"lat":32.78306,"lon":-96.80667}},{"facility":"NEXT Virginia","city":"Fairfax","state":"Virginia","zip":"22031","country":"United States","geoPoint":{"lat":38.84622,"lon":-77.30637}}]}},"derivedSection":{"miscInfoModule":{"versionHolder":"2024-01-12","modelPredictions":{"bmiLimits":{"minBmi":0.00,"maxBmi":101.00}}},"conditionBrowseModule":{"meshes":[{"id":"D000001943","term":"Breast Neoplasms"},{"id":"D000011471","term":"Prostatic Neoplasms"},{"id":"D000002289","term":"Carcinoma, Non-Small-Cell Lung"},{"id":"D000012509","term":"Sarcoma"}],"ancestors":[{"id":"D000009369","term":"Neoplasms"},{"id":"D000009371","term":"Neoplasms by Site"},{"id":"D000001941","term":"Breast Diseases"},{"id":"D000012871","term":"Skin Diseases"},{"id":"D000008175","term":"Lung Neoplasms"},{"id":"D000012142","term":"Respiratory Tract Neoplasms"},{"id":"D000013899","term":"Thoracic Neoplasms"},{"id":"D000008171","term":"Lung Diseases"},{"id":"D000012140","term":"Respiratory Tract Diseases"},{"id":"D000005834","term":"Genital Neoplasms, Male"},{"id":"D000014565","term":"Urogenital Neoplasms"},{"id":"D000005832","term":"Genital Diseases, Male"},{"id":"D000091662","term":"Genital Diseases"},{"id":"D000091642","term":"Urogenital Diseases"},{"id":"D000011469","term":"Prostatic Diseases"},{"id":"D000052801","term":"Male Urogenital Diseases"},{"id":"D000002283","term":"Carcinoma, Bronchogenic"},{"id":"D000001984","term":"Bronchial Neoplasms"},{"id":"D000018204","term":"Neoplasms, Connective and Soft Tissue"},{"id":"D000009370","term":"Neoplasms by Histologic Type"}],"browseLeaves":[{"id":"M14025","name":"Prostatic Neoplasms","asFound":"Prostate Cancer","relevance":"HIGH"},{"id":"M10862","name":"Lung Neoplasms","relevance":"LOW"},{"id":"M15017","name":"Sarcoma","asFound":"Sarcoma","relevance":"HIGH"},{"id":"M4910","name":"Breast Neoplasms","asFound":"Breast Cancer","relevance":"HIGH"},{"id":"M5236","name":"Carcinoma, Non-Small-Cell Lung","asFound":"Non-Small Cell Lung Cancer","relevance":"HIGH"},{"id":"M5224","name":"Carcinoma","relevance":"LOW"},{"id":"M4908","name":"Breast Diseases","relevance":"LOW"},{"id":"M15364","name":"Skin Diseases","relevance":"LOW"},{"id":"M14669","name":"Respiratory Tract Neoplasms","relevance":"LOW"},{"id":"M16348","name":"Thoracic Neoplasms","relevance":"LOW"},{"id":"M10858","name":"Lung Diseases","relevance":"LOW"},{"id":"M14667","name":"Respiratory Tract Diseases","relevance":"LOW"},{"id":"M8636","name":"Genital Neoplasms, Male","relevance":"LOW"},{"id":"M17005","name":"Urogenital Neoplasms","relevance":"LOW"},{"id":"M2877","name":"Genital Diseases","relevance":"LOW"},{"id":"M8634","name":"Genital Diseases, Male","relevance":"LOW"},{"id":"M2876","name":"Urogenital Diseases","relevance":"LOW"},{"id":"M14023","name":"Prostatic Diseases","relevance":"LOW"},{"id":"M26785","name":"Male Urogenital Diseases","relevance":"LOW"},{"id":"M5230","name":"Carcinoma, Bronchogenic","relevance":"LOW"},{"id":"M4950","name":"Bronchial Neoplasms","relevance":"LOW"},{"id":"M20040","name":"Neoplasms, Connective and Soft Tissue","relevance":"LOW"},{"id":"M12005","name":"Neoplasms by Histologic Type","relevance":"LOW"},{"id":"T5284","name":"Soft Tissue Sarcoma","relevance":"LOW"}],"browseBranches":[{"abbrev":"BC04","name":"Neoplasms"},{"abbrev":"BXS","name":"Urinary Tract, Sexual Organs, and Pregnancy Conditions"},{"abbrev":"All","name":"All Conditions"},{"abbrev":"BC08","name":"Respiratory Tract (Lung and Bronchial) Diseases"},{"abbrev":"BC17","name":"Skin and Connective Tissue Diseases"},{"abbrev":"Rare","name":"Rare Diseases"}]},"interventionBrowseModule":{"browseLeaves":[{"id":"M9479","name":"Hormones","relevance":"LOW"}],"browseBranches":[{"abbrev":"All","name":"All Drugs and Chemicals"}]}},"hasResults":false}