{"protocolSection":{"identificationModule":{"nctId":"NCT01522300","orgStudyIdInfo":{"id":"TOMOS"},"organization":{"fullName":"Centre Jean Perrin","class":"OTHER"},"briefTitle":"Etude Tomos- Apport de la Tomosynthèse Dans le Bilan d'Extension locorégional préthérapeutique d'Une Tumeur du Sein : Recherche de multicentricité Tomos Study- Contribution of Tomosynthesis In Locoregional Pretherapeutic Staging of a Breast Tumor: Multicentricity Search","officialTitle":"Etude Tomos- Apport de la Tomosynthèse Dans le Bilan d'Extension locorégional préthérapeutique d'Une Tumeur du Sein : Recherche de multicentricité"},"statusModule":{"statusVerifiedDate":"2013-11","overallStatus":"TERMINATED","whyStopped":"No more inclusions since august 2013","expandedAccessInfo":{"hasExpandedAccess":false},"startDateStruct":{"date":"2012-01"},"primaryCompletionDateStruct":{"date":"2013-08","type":"ACTUAL"},"completionDateStruct":{"date":"2013-08","type":"ACTUAL"},"studyFirstSubmitDate":"2012-01-18","studyFirstSubmitQcDate":"2012-01-27","studyFirstPostDateStruct":{"date":"2012-01-31","type":"ESTIMATED"},"lastUpdateSubmitDate":"2013-11-20","lastUpdatePostDateStruct":{"date":"2013-11-21","type":"ESTIMATED"}},"sponsorCollaboratorsModule":{"responsibleParty":{"type":"SPONSOR"},"leadSponsor":{"name":"Centre Jean Perrin","class":"OTHER"}},"oversightModule":{"oversightHasDmc":false},"descriptionModule":{"briefSummary":"The main objective of the study is to assess the sensitivity and specificity of Tomosynthesis in detecting the multicentricity of mammary tumor.","detailedDescription":"The secondaries objectives of the study are:\n\n* Sensitivity and specificity in detecting multifocality of breast tumor\n* Sensitivity and specificity of Tomosynthesis in the detection of contralateral tumors\n* Predetermination of potential targets for ultrasound"},"conditionsModule":{"conditions":["Mammary Tumor"],"keywords":["Tomosynthesis","breast cancer","specificity","sensitivity","To assess efficacy of Tomosynthesis by evaluating its sensitivity and specificity in detecting the multicentricity of mammary tumor"]},"designModule":{"studyType":"INTERVENTIONAL","phases":["PHASE2"],"designInfo":{"allocation":"NA","interventionModel":"SINGLE_GROUP","primaryPurpose":"DIAGNOSTIC","maskingInfo":{"masking":"NONE"}},"enrollmentInfo":{"count":81,"type":"ACTUAL"}},"armsInterventionsModule":{"interventions":[{"type":"OTHER","name":"Evaluation of the Tomosynthesis","description":"An exam by tomosynthesis will be realised at the inclusion of the patient in the study."},{"type":"OTHER","name":"Avaluation of a medical device: the tomosynthesis","description":"An exam by tomosynthesis will be realised at the inclusion of the patient in the study"}]},"outcomesModule":{"primaryOutcomes":[{"measure":"To calculate the sensitivity and specificity of both types of imaging (mammography and Tomosynthesis) with respect to number of tumors multicentric and multifocal identified through MRI.","description":"To calculate the sensitivity and specificity of both types of imaging (mammography and Tomosynthesis) with respect to number of tumors multicentric and multifocal identified through MRI. The other parameters VPN, VPP will also be calculated and discussed.","timeFrame":"January 2013"}]},"eligibilityModule":{"eligibilityCriteria":"Inclusion Criteria:\n\n* Age\\> 18 years.\n* Patients with a breast tumor, regardless of the stage and size\n* Compulsory affiliation to a social security system.\n* Obtaining informed consent in writing, signed and dated.\n\nExclusion Criteria:\n\n* Patients with cognitive or psychiatric disorders.\n* Patient deprived of liberty by a court or administrative.\n* Patients with indications against the achievement of MRI, mammography and tomosynthesis\n* Pregnant Women","healthyVolunteers":false,"sex":"FEMALE","minimumAge":"18 Years","stdAges":["ADULT","OLDER_ADULT"]},"contactsLocationsModule":{"locations":[{"facility":"Centre Jean Perrin","city":"Clermont Ferrand","zip":"63011","country":"France","geoPoint":{"lat":45.77966,"lon":3.08628}}]}},"derivedSection":{"miscInfoModule":{"versionHolder":"2024-01-12","modelPredictions":{"bmiLimits":{"minBmi":0.00,"maxBmi":101.00}}},"conditionBrowseModule":{"meshes":[{"id":"D000001943","term":"Breast Neoplasms"}],"ancestors":[{"id":"D000009371","term":"Neoplasms by Site"},{"id":"D000009369","term":"Neoplasms"},{"id":"D000001941","term":"Breast Diseases"},{"id":"D000012871","term":"Skin Diseases"}],"browseLeaves":[{"id":"M9708","name":"Hypersensitivity","relevance":"LOW"},{"id":"M4910","name":"Breast Neoplasms","asFound":"Mammary Tumor","relevance":"HIGH"},{"id":"M4908","name":"Breast Diseases","relevance":"LOW"},{"id":"M15364","name":"Skin Diseases","relevance":"LOW"}],"browseBranches":[{"abbrev":"BC20","name":"Immune System Diseases"},{"abbrev":"All","name":"All Conditions"},{"abbrev":"BC04","name":"Neoplasms"},{"abbrev":"BC17","name":"Skin and Connective Tissue Diseases"}]}},"hasResults":false}