{"protocolSection":{"identificationModule":{"nctId":"NCT05077033","orgStudyIdInfo":{"id":"ERIDEK-0086/2020"},"organization":{"fullName":"Institute of Oncology Ljubljana","class":"OTHER"},"briefTitle":"Intratumoral phIL12 GET","officialTitle":"Treatment of Skin Tumours With Intratumoral Interleukin 12 Gene Electrotransfer in the Head and Neck Region","acronym":"SmartGeneH&N"},"statusModule":{"statusVerifiedDate":"2023-12","overallStatus":"COMPLETED","expandedAccessInfo":{"hasExpandedAccess":false},"startDateStruct":{"date":"2021-09-28","type":"ACTUAL"},"primaryCompletionDateStruct":{"date":"2023-09-01","type":"ACTUAL"},"completionDateStruct":{"date":"2023-11-30","type":"ACTUAL"},"studyFirstSubmitDate":"2021-09-24","studyFirstSubmitQcDate":"2021-10-10","studyFirstPostDateStruct":{"date":"2021-10-13","type":"ACTUAL"},"lastUpdateSubmitDate":"2023-12-13","lastUpdatePostDateStruct":{"date":"2023-12-14","type":"ACTUAL"}},"sponsorCollaboratorsModule":{"responsibleParty":{"type":"SPONSOR"},"leadSponsor":{"name":"Institute of Oncology Ljubljana","class":"OTHER"}},"oversightModule":{"oversightHasDmc":true,"isFdaRegulatedDrug":false,"isFdaRegulatedDevice":false},"descriptionModule":{"briefSummary":"Electroporation provides non-viral gene delivery method for plasmid DNA. Its clinical application was already proven in preclinical and in clinical trial in treatment of melanoma skin metastases with plasmid coding IL-12, in USA. Intratumoral gene transfer of plasmid coding for IL-12 has proven safe end effective, having good local tumour control and some evidence indicates on abscopal effect. The EU directives recommend the use of plasmids without the gene for antibiotic resistance. For this purpose we constructed plasmid coding for IL-12 in accordance with the EU regulatory requirements.\n\nIn the proposed study we intend to study the safety and tolerability of the constructed plasmid, phIL12, in treatment of basal cell carcinomas in patients with operable tumors in head and neck region. The study is designed as exploratory, dose escalating with the aim to determine the dose of plasmid that produces IL-12 expression in the tumours with best biological activity, infiltration of the immune cells and no toxicity."},"conditionsModule":{"conditions":["Basal Cell Carcinoma"]},"designModule":{"studyType":"INTERVENTIONAL","phases":["PHASE1"],"designInfo":{"allocation":"NA","interventionModel":"SINGLE_GROUP","primaryPurpose":"TREATMENT","maskingInfo":{"masking":"NONE"}},"enrollmentInfo":{"count":9,"type":"ACTUAL"}},"armsInterventionsModule":{"armGroups":[{"label":"Intratumoral phIL12 gene electrotransfer","type":"EXPERIMENTAL","interventionNames":["Drug: phIL12 GET"]}],"interventions":[{"type":"DRUG","name":"phIL12 GET","description":"intratumoral phIL12 gene electrotransfer","armGroupLabels":["Intratumoral phIL12 gene electrotransfer"]}]},"outcomesModule":{"primaryOutcomes":[{"measure":"Number of acute adverse events","description":"CTCAE v.5.0 criteria","timeFrame":"Adverse events 2 days after the treatment."},{"measure":"Number of adverse events 7 days after the treatment","description":"CTCAE v.5.0 criteria","timeFrame":"Adverse events 7 days after the treatment."},{"measure":"Number of late adverse events","description":"CTCAE v.5.0 criteria","timeFrame":"Adverse events 30 days after the treatment."},{"measure":"Evaluating quality of life with questionnaire one week after the treatment","description":"EORTC QLQ-C30","timeFrame":"Changes from baseline 7 days after the treatment."},{"measure":"Evaluating quality of life with questionnaire one month after the treatment","description":"EORTC QLQ-C30","timeFrame":"Changes from baseline 30 days after the treatment."}],"secondaryOutcomes":[{"measure":"Area under the plasma concentration versus time curve (AUC)","description":"Determination of serum levels of IL-12 cytokine.","timeFrame":"Changes from baseline at 2, 7 and 30 days after the treatment."},{"measure":"Concentrations of IL-12 and IFN-y in tumor samples","description":"Determination of tumor IL-12 and IFN-y levels in tumor biopsies.","timeFrame":"Changes from baseline at 7 and 30 days after the treatment."}]},"eligibilityModule":{"eligibilityCriteria":"Inclusion Criteria:\n\n* Histologically or cytologically confirmed, previously untreated cutaneous basal cell carcinoma located in head and neck region.\n* Solitary tumors, with largest diameter up to 3 cm, in the region where curative surgery is feasible.\n* Age 18-years or older.\n* Life expectancy \\> 3 months.\n* Physical performance in accordance with the Karnofsky scale ≥ 70 or \\< 2 in accordance with World Health Organization (WHO) scale.\n* The patient must be capable of understanding the treatment procedure and possible adverse events, which may arise during treatment.\n* The patient must be capable of signing the informed consent to participate in the clinical study (voluntary and conscientious consent after education).\n* Prior to inclusion in the trial, the patient must be presented at a multidisciplinary advisory team meeting.\n\nExclusion Criteria:\n\n* Known malignancy elsewhere in/on the body.\n* Lesions not suitable for treatment with GET (invasion into the bone, infiltration of large vessels).\n* A life-threatening infection and/or severe heart failure and/or liver failure and/or other life-threatening systemic diseases.\n* Significantly reduced lung function, which requires the determination of DLCO. Patients should not be treated if DLCO is abnormal.\n* Treatment with immunosuppressive drugs, steroids and other drugs that would affect poor wound healing.\n* Age under 18-years.\n* Major disruptions in the coagulation system (who does not respond to the standard therapy - replacement of vitamin K or freshly frozen plasma).\n* A chronic decline in the kidney function (creatinine \\> 150 µmol/L).\n* Epilepsy.\n* Pregnancy and breast-feeding.\n* The patient's incapability of comprehending the purpose or course of the trial, or not agreeing to be included in the trial.\n* Patients unwilling or unable to comply with the protocol requirements and scheduled visits.","healthyVolunteers":false,"sex":"ALL","minimumAge":"18 Years","stdAges":["ADULT","OLDER_ADULT"]},"contactsLocationsModule":{"locations":[{"facility":"Institute of Oncology Ljubljana","city":"Ljubljana","zip":"1000","country":"Slovenia","geoPoint":{"lat":46.05108,"lon":14.50513}},{"facility":"University Medical Centre Ljubljana, Department of Otorhinolaryngology and Cervicofacial Surgery","city":"Ljubljana","zip":"1000","country":"Slovenia","geoPoint":{"lat":46.05108,"lon":14.50513}}]},"referencesModule":{"references":[{"pmid":"35535423","type":"BACKGROUND","citation":"Groselj A, Bosnjak M, Jesenko T, Cemazar M, Markelc B, Strojan P, Sersa G. Treatment of skin tumors with intratumoral interleukin 12 gene electrotransfer in the head and neck region: a first-in-human clinical trial protocol. Radiol Oncol. 2022 Aug 14;56(3):398-408. doi: 10.2478/raon-2022-0021."}],"seeAlsoLinks":[{"label":"Related Info","url":"https://pubmed.ncbi.nlm.nih.gov/35535423/"}]},"ipdSharingStatementModule":{"ipdSharing":"NO"}},"derivedSection":{"miscInfoModule":{"versionHolder":"2024-01-12","modelPredictions":{"bmiLimits":{"minBmi":0.00,"maxBmi":101.00}}},"conditionBrowseModule":{"meshes":[{"id":"D000002280","term":"Carcinoma, Basal Cell"}],"ancestors":[{"id":"D000002277","term":"Carcinoma"},{"id":"D000009375","term":"Neoplasms, Glandular and Epithelial"},{"id":"D000009370","term":"Neoplasms by Histologic Type"},{"id":"D000009369","term":"Neoplasms"},{"id":"D000018295","term":"Neoplasms, Basal Cell"}],"browseLeaves":[{"id":"M5224","name":"Carcinoma","relevance":"LOW"},{"id":"M15371","name":"Skin Neoplasms","relevance":"LOW"},{"id":"M5227","name":"Carcinoma, Basal Cell","asFound":"Basal Cell Carcinoma","relevance":"HIGH"},{"id":"M12010","name":"Neoplasms, Glandular and Epithelial","relevance":"LOW"},{"id":"M12005","name":"Neoplasms by Histologic Type","relevance":"LOW"},{"id":"M20129","name":"Neoplasms, Basal Cell","relevance":"LOW"}],"browseBranches":[{"abbrev":"BC04","name":"Neoplasms"},{"abbrev":"All","name":"All Conditions"},{"abbrev":"BC17","name":"Skin and Connective Tissue Diseases"}]},"interventionBrowseModule":{"browseLeaves":[{"id":"M20437","name":"Interleukin-12","relevance":"LOW"}],"browseBranches":[{"abbrev":"ANeo","name":"Antineoplastic Agents"},{"abbrev":"All","name":"All Drugs and Chemicals"}]}},"hasResults":false}