{"protocolSection":{"identificationModule":{"nctId":"NCT03919214","orgStudyIdInfo":{"id":"Pro00102260"},"organization":{"fullName":"Duke University","class":"OTHER"},"briefTitle":"Hypertension Management in Cancer Patients","officialTitle":"Hypertension Management in Cancer Patients: Bringing PCPs \"Back\" Into Cancer Care"},"statusModule":{"statusVerifiedDate":"2023-04","overallStatus":"TERMINATED","whyStopped":"Initially suspended due to Covid-19. After much consideration, it was determined that we do not have the bandwidth to resume recruitment or any activities for this project.","expandedAccessInfo":{"hasExpandedAccess":false},"startDateStruct":{"date":"2019-12-10","type":"ACTUAL"},"primaryCompletionDateStruct":{"date":"2020-06-03","type":"ACTUAL"},"completionDateStruct":{"date":"2020-06-03","type":"ACTUAL"},"studyFirstSubmitDate":"2019-04-15","studyFirstSubmitQcDate":"2019-04-17","studyFirstPostDateStruct":{"date":"2019-04-18","type":"ACTUAL"},"lastUpdateSubmitDate":"2023-04-17","lastUpdatePostDateStruct":{"date":"2023-04-19","type":"ACTUAL"}},"sponsorCollaboratorsModule":{"responsibleParty":{"type":"SPONSOR"},"leadSponsor":{"name":"Duke University","class":"OTHER"},"collaborators":[{"name":"Duke Institute for Health Innovation","class":"UNKNOWN"}]},"oversightModule":{"oversightHasDmc":false,"isFdaRegulatedDrug":false,"isFdaRegulatedDevice":false},"descriptionModule":{"briefSummary":"The investigators propose to leverage new technology using the Qardio app for iPhone and Android devices to automatically upload blood pressures, using a well-validated blue tooth blood pressure monitor (QardioArm), directly into the Duke electronic health record system (EPIC). Further, the investigators propose to develop an automated EHR (electronic health record) messaging system utilizing the home blood pressures that will be sent to the participant's PCP, with copies to the participant and the primary oncologist. This is a 12-week prospective non-randomized implementation study. 40 patients who are 18-74 years old who fall under the following criteria will be screened: 10 women with Stage 1-III breast cancer who are receiving either an anthracycleine of antiHER2 therapy, 10 men with prostate cancer on ADT, 10 individuals with CLL on ibrutinib therapy, and 10 individuals who are hematopoietic stem cell transplantation (HSCT) survivors. In Phase 1 (Weeks 1-4) of the study, participants will self-monitor their blood pressure using the QardioArm wireless upper arm blood pressure monitor 3 times per week. In Phase 2 (Weeks 5-12), the investigators will implement the auto-messaging system triggered by an abnormal weekly average systolic or diastolic blood pressure. The investigators will adapt the conceptual framework of Muldoon and colleagues whereby home blood pressure monitoring is combined with office blood pressures to optimize data for the primary care provider's clinical decision making. {Participants will be asked to complete a paper survey, upon enrollment, that will include life chaos and medication adherence questions. There will also be an end-of-study feedback survey (usability and acceptability questions through REDCap) for both the participants and their primary care providers. This is an implementation study with a descriptive analysis. The data generated from the study will be used in future studies, including testing of different interventions aimed at optimizing blood pressure control among patients on active cancer therapy. This study presents no greater than minimal risk to the subjects and adverse events are not anticipated.","detailedDescription":"This is a 12-week prospective study with two phases. In Phase 1 (Weeks 1-4), participants will self-monitor their blood pressure using the Qardio bluetooth device. In Phase 2 (Weeks 5-12), the investigators will implement the auto-messaging system triggered by a weekly average systolic blood pressure \\>140 mm Hg or diastolic pressure \\>90 mm Hg. As per the recommendation of the ACC/AHA, the target blood pressure for patients with Stage A (at risk for heart failure) is systolic \\<130 / diastolic \\<80. This guideline is also consistent with the ACC/AHA blood pressure guideline for patients at risk for myocardial infarction. For this pilot study, our target blood pressure in messaging to Duke primary care providers will be \\<140 mm Hg and \\<90 mm Hg. For this study, the investigators will adapt the conceptual framework of Muldoon and colleagues whereby home blood pressure monitoring is combined with office blood pressures to optimize data for the PCP's clinical decision-making.\n\nThe investigators will use the QardioArm wireless upper arm blood pressure monitor. The investigators opted to use this device because it is validated, and has been approved to be integrated into the Duke EHR system. This QardioArm monitor is compatible with both iPhone and Android devices, which will provide an efficient method of transferring Bluetooth data to Epic. Within Epic, the home blood pressures will be uploaded directly from a smartphone to REVIEW FLOWSHEETS, MYCHART HEALTKIT TRACKER.\n\nParticipants will use the QardioArm device to obtain 3 separate blood pressure measurements per week (2 morning, 1 evening). The 2 morning blood pressure measurements will be taken between 5-11am before any caffeine intake or exercise. The evening blood pressure measurement will be taken between 4-12pm. During Phase 1, the investigators will review the individual and weekly average blood pressures and identify values that appear to be in error. This review will be used to refine the system and further train the participants on home blood pressure measurements if needed. Also during this phase, the investigators will develop the Blood Pressure Management Clinical Pathway for Patients and Survivors, based upon the ACC/AHA blood pressure guidelines and the ACC/AHA guidelines for prevention of cardiotoxicity. Lastly, in this phase, the investigators will develop the primary care provider messages to be implemented in Phase 2. These short messages will alert the Duke primary care provider that an abnormal weekly average blood pressure triggered the message and provide the target blood pressure for the patient. The primary care provider will be asked to either evaluate the patient in clinic or manage by telephone. A copy of the message will also be routed to the patient and to the primary oncologist. The investigators will also include a link within the message to an internal Maestro site for further details regarding the blood pressure target levels, a brief description of the chemotherapy the patient is on, and preferred antihypertensive medications in this population. Consistent with the ACC/AHA guidelines for hypertension management, including patients receiving cardiotoxic therapy, the investigators will use the following classification system for the weekly average systolic and diastolic blood pressures. Normal: systolic 95-120 mm Hg, diastolic \\<80; Elevated: systolic 120-129, diastolic \\< 80; Stage 1 Hypertension: systolic 130-139, diastolic 80-89; Stage 2 Hypertension: \\> 140, diastolic \\> 90. In Phase 2, the investigators will implement and test the clinical pathways and messaging system.\n\nA total of 40 patients with a diagnosis of hypertension who are 18-74 years old who fall under the following criteria will be screened:\n\n* 10 women with Stage 1-III breast cancer who are on active cancer therapy and are receiving either an anthracycline (doxorubicin) or antiHER2 (trastuzumab or pertuzumab)\n* 10 men with prostate cancer on androgen deprivation therapy (ADT)\n* 10 individuals with CLL on ibrutinib therapy\n* 10 HSCT survivors (who had a malignancy)\n* Have a smartphone (iPhone or Android)\n* Have a Duke primary care provider and Duke oncologist (who is being treated at the Duke Cancer Center)\n* Have access or willing to set up access to Duke MyChart (patient portal).\n* English speaking patients\n\nThe investigators selected these four groups for the following reasons. Stage I-III breast cancer has a 5-year cure rate exceeding 90%. Anthracyclines (doxorubicin) and antiHER2 therapy (trastuzumab or pertuzumab), mainstays of breast cancer therapy, are cardiotoxic and associated with acute and long-term heart failure. Pre-existing hypertension is a key risk factor for development of heart failure in this group. Androgen deprivation therapy is associated with an increased risk of CVD, again, hypertension is a key risk factor for development of CVD in this group. Monotherapy with ibrutinib, or similar novel tyrosine kinase inhibitors, has substantially extended life expectancy for individuals with symptomatic or advanced CLL. Notably, ibrutinib may lead to new onset or progressive hypertension and/or atrial fibrillation. HSCT survivors are exposed to cardiotoxic therapies (anthracyclines, chest radiotherapy) pre-HSCT. Post HSCT complications (GvHD) and chronic comorbidities (hypertension) also contribute to the group's increased risk for developing CVD and congestive heart failure. Thus, blood pressure management is an essential component to improving long-term outcomes for patients in these four groups.\n\nTo develop and implement the messaging system, it is important to have the patient, the oncologist, and the primary care provider all in the Duke EHR and patient portal."},"conditionsModule":{"conditions":["Blood Pressure","Hypertension","Cancer","Cancer, Breast","Cancer of Prostate","CLL","Hematopoietic Malignancy"]},"designModule":{"studyType":"INTERVENTIONAL","phases":["NA"],"designInfo":{"allocation":"NA","interventionModel":"SINGLE_GROUP","primaryPurpose":"SUPPORTIVE_CARE","maskingInfo":{"masking":"NONE"}},"enrollmentInfo":{"count":4,"type":"ACTUAL"}},"armsInterventionsModule":{"armGroups":[{"label":"QardioArm and Messaging System","type":"OTHER","description":"Participants will self-monitor their blood pressure using the Qardio Bluetooth device and obtain 3 separate blood pressure measurements per week (2 morning, 1 evening) for 12 weeks. An automated messaging system for blood pressure management will be triggered by a weekly average systolic blood pressure \\>140 mm Hg or diastolic blood pressure \\>90 mm Hg. This automated message will be sent to the participant's primary care provider, with copies to the participant and the primary medical oncologist.","interventionNames":["Other: Automated Messaging"]}],"interventions":[{"type":"OTHER","name":"Automated Messaging","description":"This is a 12-week prospective study with two phases. Participants will use the QardioArm device to obtain 3 separate blood pressure measurements per week (2 morning, 1 evening). The QardioArm device will only be used as a tool to gather data. In Phase 1 (Weeks 1-4), participants will self-monitor their blood pressure using the Qardio Bluetooth device. In Phase 2 (Weeks 5-12), we will implement the auto-messaging system triggered by a weekly average systolic blood pressure \\>140 mm Hg or diastolic blood pressure \\>90 mm Hg.","armGroupLabels":["QardioArm and Messaging System"],"otherNames":["QardioArm Blood Pressure Measurements and Automated Messaging"]}]},"outcomesModule":{"primaryOutcomes":[{"measure":"Patient Adherence","description":"To determine the proportions of patients who completed the 3 blood pressure measurements per week (goal of 80% adherence).","timeFrame":"12 weeks"},{"measure":"Patient Blood Pressure","description":"To determine the proportions of patients, by disease group, who have a blood pressure that is above (or below) the target levels.","timeFrame":"12 weeks"},{"measure":"Primary Care Provider Activation","description":"To determine the proportions of primary care providers who (a) received and (b) acted upon the automated message.","timeFrame":"12 weeks"},{"measure":"End of Study Patient Blood Pressure - Within Target Levels","description":"To determine the proportions of patients who are within target levels with the final weekly average pressures.","timeFrame":"1 week (end of study)"},{"measure":"End of Study Patient Blood Pressure - Outside of Target Levels","description":"To determine the proportions of patients who are outside of target levels with the final weekly average pressures.","timeFrame":"1 week (end of study)"}],"secondaryOutcomes":[{"measure":"Clinic-based Blood Pressure","description":"To capture all clinic-based blood pressure levels for each patient during the study.","timeFrame":"12 weeks"},{"measure":"Usability of QardioArm device","description":"At the end of the study, a brief REDCap feedback survey of patients to better understand the usability of the QardioArm device will be given.","timeFrame":"1 week (end of study)"},{"measure":"Acceptability of the Messaging System","description":"At the end of the study, a brief REDCap feedback survey of patients and their primary care providers and oncologists to better understand the acceptability of the messaging system and the pathways will be given.","timeFrame":"1 week (end of study)"}]},"eligibilityModule":{"eligibilityCriteria":"Inclusion Criteria:\n\n* A total of 40 patients with a diagnosis of hypertension who are 18-74 years old who fall under the following criteria will be screened:\n\n  * 10 women with Stage I-III breast cancer who are on active cancer therapy and are receiving either an anthracycline (doxorubicin) or antiHER2 (trastuzumab or pertuzumab)\n  * 10 men with prostate cancer on androgen deprivation therapy (ADT)\n  * 10 individuals with CLL on ibrutinib therapy\n  * 10 HSCT survivors (who had a malignancy)\n  * Have a smartphone (iPhone or Android)\n  * Have a Duke primary care provider and Duke oncologist (who is being treated at the Duke Cancer Center)\n  * Have access or willing to set up access to Duke MyChart.\n  * English speaking patients","healthyVolunteers":false,"sex":"ALL","minimumAge":"18 Years","maximumAge":"74 Years","stdAges":["ADULT","OLDER_ADULT"]},"contactsLocationsModule":{"locations":[{"facility":"Duke University Medical Center","city":"Durham","state":"North Carolina","zip":"27710","country":"United States","geoPoint":{"lat":35.99403,"lon":-78.89862}}]},"ipdSharingStatementModule":{"ipdSharing":"NO"}},"derivedSection":{"miscInfoModule":{"versionHolder":"2024-01-12","modelPredictions":{"bmiLimits":{"minBmi":0.00,"maxBmi":101.00}}},"conditionBrowseModule":{"meshes":[{"id":"D000001943","term":"Breast Neoplasms"},{"id":"D000011471","term":"Prostatic Neoplasms"},{"id":"D000019337","term":"Hematologic Neoplasms"},{"id":"D000006973","term":"Hypertension"}],"ancestors":[{"id":"D000014652","term":"Vascular Diseases"},{"id":"D000002318","term":"Cardiovascular Diseases"},{"id":"D000009369","term":"Neoplasms"},{"id":"D000009371","term":"Neoplasms by Site"},{"id":"D000001941","term":"Breast Diseases"},{"id":"D000012871","term":"Skin Diseases"},{"id":"D000005834","term":"Genital Neoplasms, Male"},{"id":"D000014565","term":"Urogenital Neoplasms"},{"id":"D000005832","term":"Genital Diseases, Male"},{"id":"D000091662","term":"Genital Diseases"},{"id":"D000091642","term":"Urogenital Diseases"},{"id":"D000011469","term":"Prostatic Diseases"},{"id":"D000052801","term":"Male Urogenital Diseases"},{"id":"D000006402","term":"Hematologic Diseases"}],"browseLeaves":[{"id":"M14025","name":"Prostatic Neoplasms","asFound":"Cancer of Prostate","relevance":"HIGH"},{"id":"M9714","name":"Hypertension","asFound":"Hypertension","relevance":"HIGH"},{"id":"M13600","name":"Pneumonia, Pneumocystis","relevance":"LOW"},{"id":"M4910","name":"Breast Neoplasms","asFound":"Cancer, Breast","relevance":"HIGH"},{"id":"M21004","name":"Hematologic Neoplasms","asFound":"Hematopoietic Malignancies","relevance":"HIGH"},{"id":"M17090","name":"Vascular Diseases","relevance":"LOW"},{"id":"M4908","name":"Breast Diseases","relevance":"LOW"},{"id":"M15364","name":"Skin Diseases","relevance":"LOW"},{"id":"M8636","name":"Genital Neoplasms, Male","relevance":"LOW"},{"id":"M17005","name":"Urogenital Neoplasms","relevance":"LOW"},{"id":"M2877","name":"Genital Diseases","relevance":"LOW"},{"id":"M8634","name":"Genital Diseases, Male","relevance":"LOW"},{"id":"M2876","name":"Urogenital Diseases","relevance":"LOW"},{"id":"M14023","name":"Prostatic Diseases","relevance":"LOW"},{"id":"M26785","name":"Male Urogenital Diseases","relevance":"LOW"},{"id":"M9180","name":"Hematologic Diseases","relevance":"LOW"},{"id":"T4598","name":"Pneumocystis Jirovecii Pneumonia","relevance":"LOW"},{"id":"T4599","name":"Pneumocystosis","relevance":"LOW"}],"browseBranches":[{"abbrev":"BC04","name":"Neoplasms"},{"abbrev":"BXS","name":"Urinary Tract, Sexual Organs, and Pregnancy Conditions"},{"abbrev":"All","name":"All Conditions"},{"abbrev":"BC14","name":"Heart and Blood Diseases"},{"abbrev":"BC01","name":"Infections"},{"abbrev":"BC08","name":"Respiratory Tract (Lung and Bronchial) Diseases"},{"abbrev":"BC17","name":"Skin and Connective Tissue Diseases"},{"abbrev":"BC15","name":"Blood and Lymph Conditions"},{"abbrev":"Rare","name":"Rare Diseases"}]}},"hasResults":false}