{"protocolSection":{"identificationModule":{"nctId":"NCT04783402","orgStudyIdInfo":{"id":"e-OTCAT20"},"organization":{"fullName":"Universidad de Granada","class":"OTHER"},"briefTitle":"Telehealth Program to Prevent Cancer and Chemotherapy-related Cognitive Impairment.","officialTitle":"A Telehealth-based Cognitive-adaptive Training for Women With Breast Cancer in Risk to Suffer Cancer and Chemotherapy-related Cognitive Impairment: a Randomized Controlled Trial."},"statusModule":{"statusVerifiedDate":"2023-12","overallStatus":"ENROLLING_BY_INVITATION","expandedAccessInfo":{"hasExpandedAccess":false},"startDateStruct":{"date":"2020-10-31","type":"ACTUAL"},"primaryCompletionDateStruct":{"date":"2024-12-30","type":"ESTIMATED"},"completionDateStruct":{"date":"2024-12-30","type":"ESTIMATED"},"studyFirstSubmitDate":"2021-02-21","studyFirstSubmitQcDate":"2021-03-02","studyFirstPostDateStruct":{"date":"2021-03-05","type":"ACTUAL"},"lastUpdateSubmitDate":"2023-12-04","lastUpdatePostDateStruct":{"date":"2023-12-11","type":"ACTUAL"}},"sponsorCollaboratorsModule":{"responsibleParty":{"type":"PRINCIPAL_INVESTIGATOR","investigatorFullName":"Lydia Mª Martín-Martín","investigatorTitle":"Lecturer, PhD researcher and investigator","investigatorAffiliation":"Universidad de Granada"},"leadSponsor":{"name":"Universidad de Granada","class":"OTHER"}},"oversightModule":{"isFdaRegulatedDrug":false,"isFdaRegulatedDevice":false},"descriptionModule":{"briefSummary":"The present randomized controlled trial has the main objective to study the effects of a videoconferenced occupational therapy program in preventing cancer and chemotherapy-related cognitive impairment and other health outcomes, as well as in improving quality of live and occupational performance of women undergoing chemotherapy for breast cancer.","detailedDescription":"The chemotherapy-related cognitive impairment (also called chemobrain) has a great incidence among breast cancer population. However, the knowledge about effective interventions of supportive care is still inconsistent. Furthermore, the majority of programs targeted to this problem has been applied in survivorship, while the onset of cognitive impairment and the decline in quality of life occur during medical treatments. In this line, actual evidence suggests testing the effectiveness of interventions in a preventive setting in patients with breast cancer scheduled to receive neurotoxic chemotherapy. In addition, telehealth approaches have become a promising practice and increasingly more frequent among healthcare disciplines.\n\nOur objective is to study the effects of a videoconferenced cognitive training in combination with cognitive-behavioral strategies to prevent or mitigate the cancer- and chemotherapy-related cognitive impairment in women with breast cancer who undergo this treatment, as well as to improve quality of life and allow an optimal adaptation to the occupational needs derived from medical treatment.\n\nThis study will use a two-arm, single blinded randomized clinical trial design. Eligible women will be randomized to one of the following groups: the experimental group that will receive the e-OTCAT program (12 weeks), or the control group that will receive and educational handbook and standard care. The study outcomes will be assessed after intervention and at 6-month follow-up post-randomization.\n\nThis study may contribute the need to include disciplines such as occupational therapy in the supportive care of cancer patients during the active phase of the disease, as well as the potential advantages provided by a telehealth approach related to economic, temporal and geographical barriers."},"conditionsModule":{"conditions":["Breast Neoplasms"],"keywords":["Chemotherapy","Occupational Therapy","Quality of Life","Cognitive Impairment","Breast Neoplasms"]},"designModule":{"studyType":"INTERVENTIONAL","phases":["NA"],"designInfo":{"allocation":"RANDOMIZED","interventionModel":"PARALLEL","primaryPurpose":"TREATMENT","maskingInfo":{"masking":"SINGLE","maskingDescription":"Single","whoMasked":["OUTCOMES_ASSESSOR"]}},"enrollmentInfo":{"count":98,"type":"ESTIMATED"}},"armsInterventionsModule":{"armGroups":[{"label":"e-OTCAT","type":"EXPERIMENTAL","description":"The experimental group will receive the e-OTCAT program that consists of a 12-week videoconference-based occupational therapy intervention at the same time women with breast cancer receive chemotherapy.","interventionNames":["Other: e-OTCAT program"]},{"label":"Control Group","type":"OTHER","description":"At the beginning of chemotherapy, the participants allocated to the control group will only receive an educational handbook containing information about most frequent side-effects of cancer and cancer treatments, plus standard care for these patients.","interventionNames":["Other: Educational handbook and standard care"]}],"interventions":[{"type":"OTHER","name":"e-OTCAT program","description":"The e-OTCAT program consists of a combination of cognitive training in terms of attention, memory and processing speed; and adaptive training based on metacognition and cognitive-behavioral strategies (psycho-education, relaxation techniques training, stress management, energy conservation techniques, time management, etc.).\n\nThis program also includes homework exercises consisting of a handbook of paper-and-pencil exercises, a cognitive training mobile app, and the practice of strategies seen in adaptive training sessions.","armGroupLabels":["e-OTCAT"]},{"type":"OTHER","name":"Educational handbook and standard care","description":"At the beginning of chemotherapy, the participants will receive an educational handbook containing information about most frequent side-effects of cancer and cancer treatments, plus standard care.","armGroupLabels":["Control Group"]}]},"outcomesModule":{"primaryOutcomes":[{"measure":"Subjective cognitive Function:","description":"The primary outcome will be assessed with the Functional Assessment of Cancer Therapy-Cognitive Function (FACT-Cog) will be used to assess the subjective cognitive functioning.","timeFrame":"Participants will be followed over 6 months"}],"secondaryOutcomes":[{"measure":"Objective Cognitive Function: Attention","description":"The Trail Making Test (A and B parts) will be used to assess speed for attention, sequencing, mental flexibility, visual search and motion function. Time spent in each part is noted. Lower results (less time) indicate better test performance.","timeFrame":"Participants will be followed over 6 months"},{"measure":"Objective Cognitive Function: Verbal Memory","description":"The Rey Auditory Verbal Learning Test will be used to assess verbal memory and learning. A greater number of remembered words indicate better performance.","timeFrame":"Participants will be followed over 6 months"},{"measure":"Objective Cognitive Function: Working Memory and Processing Speed","description":"Wechsler Adult Intelligence Scale (WAIS-IV) will be used to assess working memory and processing speed. We will use the following tests: digit span, arithmetic, symbol search and coding. Higher scores in each test indicate a better cognitive performance.","timeFrame":"Participants will be followed over 6 months"},{"measure":"Psychological status","description":"The Hospital Anxiety and Depression Scale (HADS) will be used to assess levels of anxiety and depression. In the HADS subscales (anxiety and depression), scores ranging from 0 to 21. Scores between 8-10 indicate suspicious case of anxiety or depression, and scores higher than 11 are likely cases of anxiety or depression.","timeFrame":"Participants will be followed over 6 months"},{"measure":"Cancer-Related Fatigue","description":"The Piper Fatigue Scale-Revised (PFS-R) will be used to assess the presence of cancer-related fatigue. Items are grouped into four dimensions (behavioral, cognitive, sensorial and affective) obtaining a global score. Higher results indicate a higher level of fatigue.","timeFrame":"Participants will be followed over 6 months."},{"measure":"Quality of Sleep","description":"The Pittsburgh Sleep Quality Index (PSQI) will be used to assess the quality of sleep through the following dimensions: quality, latency, duration, efficiency, alterations, use of medication and daily dysfunction. A total score is obtained ranging from 0 to 21. Higher scores indicate a poor quality of sleep.","timeFrame":"Participants will be followed over 6 months."},{"measure":"Occupational Performance","description":"The Canadian Occupational Performance Measure (COPM) will be used to assess the self-perception of performance and satisfaction with activities of daily living.","timeFrame":"Participants will be followed over 6 months"},{"measure":"Overall Quality of Life","description":"The European Organization for Research and Treatment of Cancer Quality of Life Questionnaire Core 30 version 3.0 will be used to assess quality of life. The EORTC QLQ-C30 is composed of five functional scales (role, physical, cognitive, emotional and social), a global quality of life scale and nine symptom scales (fatigue, nausea and vomiting, pain, dyspnea, sleep disturbance, appetite loss, constipation, diarrhea and financial impact). Higher scores in the first two subscales indicate better function and quality of life, while higher scores in the symptom scales indicate a major impact of those symptoms.","timeFrame":"Participants will be followed over 6 months"}]},"eligibilityModule":{"eligibilityCriteria":"Inclusion Criteria:\n\n* Female with breast cancer who are going to start chemotherapy\n* Stage I-III breast cancer\n* No evidence of disease at time of screening\n* Must be able to speak, read and write Spanish well to complete written and verbal assessment, neurocognitive tests and study tasks\n* Must have basic phone skills\n\nExclusion Criteria:\n\n* History of neurological disorder with cognitive symptoms (i.e., Parkinson's disease, Alzheimer disease, seizure disorder, multiple sclerosis, etc.)\n* History of psychiatric disorder such as mental retardation, bipolar disorder, schizophrenia, etc.\n* History of traumatic brain injury with ≥ 30' of consciousness or cognitive sequelae as per self-report or as documented in the medical record\n* Prior history of cancer or secondary diagnosis of cancer\n* Prior history of chemotherapy\n* A hearing or visual deficit","healthyVolunteers":false,"sex":"FEMALE","minimumAge":"18 Years","maximumAge":"70 Years","stdAges":["ADULT","OLDER_ADULT"]},"contactsLocationsModule":{"locations":[{"facility":"University of Granada","city":"Granada","zip":"18016","country":"Spain","geoPoint":{"lat":37.18817,"lon":-3.60667}}]},"referencesModule":{"references":[{"pmid":"35742400","type":"DERIVED","citation":"Gonzalez-Santos A, Lopez-Garzon M, Sanchez-Salado C, Postigo-Martin P, Lozano-Lozano M, Galiano-Castillo N, Fernandez-Lao C, Castro-Martin E, Gallart-Aragon T, Legeren-Alvarez M, Gil-Gutierrez R, Martin-Martin L. A Telehealth-Based Cognitive-Adaptive Training (e-OTCAT) to Prevent Cancer and Chemotherapy-Related Cognitive Impairment in Women with Breast Cancer: Protocol for a Randomized Controlled Trial. Int J Environ Res Public Health. 2022 Jun 10;19(12):7147. doi: 10.3390/ijerph19127147."}]}},"derivedSection":{"miscInfoModule":{"versionHolder":"2024-01-12","modelPredictions":{"bmiLimits":{"minBmi":0.00,"maxBmi":101.00}}},"conditionBrowseModule":{"meshes":[{"id":"D000001943","term":"Breast Neoplasms"},{"id":"D000084202","term":"Chemotherapy-Related Cognitive Impairment"},{"id":"D000060825","term":"Cognitive Dysfunction"}],"ancestors":[{"id":"D000009369","term":"Neoplasms"},{"id":"D000003072","term":"Cognition Disorders"},{"id":"D000019965","term":"Neurocognitive Disorders"},{"id":"D000001523","term":"Mental Disorders"},{"id":"D000009371","term":"Neoplasms by Site"},{"id":"D000001941","term":"Breast Diseases"},{"id":"D000012871","term":"Skin Diseases"},{"id":"D000064420","term":"Drug-Related Side Effects and Adverse Reactions"},{"id":"D000064419","term":"Chemically-Induced Disorders"}],"browseLeaves":[{"id":"M29395","name":"Cognitive Dysfunction","asFound":"Cognitive Impairment","relevance":"HIGH"},{"id":"M4910","name":"Breast Neoplasms","asFound":"Breast Neoplasms","relevance":"HIGH"},{"id":"M2441","name":"Chemotherapy-Related Cognitive Impairment","asFound":"Chemotherapy-Related Cognitive Impairment","relevance":"HIGH"},{"id":"M5991","name":"Cognition Disorders","relevance":"LOW"},{"id":"M21526","name":"Neurocognitive Disorders","relevance":"LOW"},{"id":"M4505","name":"Mental Disorders","relevance":"LOW"},{"id":"M14163","name":"Psychotic Disorders","relevance":"LOW"},{"id":"M4908","name":"Breast Diseases","relevance":"LOW"},{"id":"M15364","name":"Skin Diseases","relevance":"LOW"},{"id":"M29993","name":"Drug-Related Side Effects and Adverse Reactions","relevance":"LOW"},{"id":"M29992","name":"Chemically-Induced Disorders","relevance":"LOW"},{"id":"T6034","name":"Quality of Life","relevance":"LOW"}],"browseBranches":[{"abbrev":"BXM","name":"Behaviors and Mental Disorders"},{"abbrev":"All","name":"All Conditions"},{"abbrev":"BC04","name":"Neoplasms"},{"abbrev":"BC17","name":"Skin and Connective Tissue Diseases"},{"abbrev":"BC25","name":"Substance Related Disorders"}]}},"hasResults":false}