{"protocolSection":{"identificationModule":{"nctId":"NCT05403333","orgStudyIdInfo":{"id":"DOUBLE"},"organization":{"fullName":"Fudan University","class":"OTHER"},"briefTitle":"Weekly Utidelone in HER2-negative Inoperable Locally Advanced or Metastatic Breast Cancer","officialTitle":"Weekly Utidelone in HER2-negative Inoperable Locally Advanced or Metastatic Breast Cancer"},"statusModule":{"statusVerifiedDate":"2022-05","overallStatus":"NOT_YET_RECRUITING","expandedAccessInfo":{"hasExpandedAccess":false},"startDateStruct":{"date":"2022-06-10","type":"ESTIMATED"},"primaryCompletionDateStruct":{"date":"2023-03-09","type":"ESTIMATED"},"completionDateStruct":{"date":"2025-03-09","type":"ESTIMATED"},"studyFirstSubmitDate":"2022-04-18","studyFirstSubmitQcDate":"2022-05-30","studyFirstPostDateStruct":{"date":"2022-06-03","type":"ACTUAL"},"lastUpdateSubmitDate":"2022-05-30","lastUpdatePostDateStruct":{"date":"2022-06-03","type":"ACTUAL"}},"sponsorCollaboratorsModule":{"responsibleParty":{"type":"PRINCIPAL_INVESTIGATOR","investigatorFullName":"Xichun Hu","investigatorTitle":"Chief Physician","investigatorAffiliation":"Fudan University"},"leadSponsor":{"name":"Fudan University","class":"OTHER"}},"oversightModule":{"oversightHasDmc":false,"isFdaRegulatedDrug":false,"isFdaRegulatedDevice":false},"descriptionModule":{"briefSummary":"This is a phase II trial to explore the efficacy and safety of weekly utidelone in HER2-negative inoperable locally advanced or metastatic breast cancer."},"conditionsModule":{"conditions":["Breast Neoplasms","Locally Advanced or Metastatic Breast Cancer"]},"designModule":{"studyType":"INTERVENTIONAL","phases":["PHASE2"],"designInfo":{"allocation":"NA","interventionModel":"SINGLE_GROUP","primaryPurpose":"TREATMENT","maskingInfo":{"masking":"NONE"}},"enrollmentInfo":{"count":61,"type":"ESTIMATED"}},"armsInterventionsModule":{"armGroups":[{"label":"Utidelone","type":"EXPERIMENTAL","description":"Drug: utidelone Utidelone Injection: 65 mg/m2/day, IV on day 1, 8, and 15 every 28 days","interventionNames":["Drug: utidelone"]}],"interventions":[{"type":"DRUG","name":"utidelone","description":"Utidelone Injection: 65 mg/m2/day, IV on day 1, 8, and 15 every 28 days","armGroupLabels":["Utidelone"],"otherNames":["Singel arm"]}]},"outcomesModule":{"primaryOutcomes":[{"measure":"Progression free survival (PFS)","description":"PFS is defined as the duration from enrollment to the first radiologically confirmed progressive disease (PD) (RECIST 1.1 criteria) or death due to any cause.","timeFrame":"Estimated 12 months"}],"secondaryOutcomes":[{"measure":"Objective response rate (ORR)","description":"The proportion of patients with a best response of CR or PR, according to RECIST 1.1 criteria","timeFrame":"Estimated 12 months"},{"measure":"Overall Survival (OS)","description":"From enrollment to death (for any reason)","timeFrame":"Estimated 24 months"},{"measure":"Duration of Response (DOR)","description":"The first evaluation of CR or PR to progression or death (for any reason)","timeFrame":"Estimated 12 months"},{"measure":"Overall summary of adverse events following intravenous administration of utidelone (safety analysis set)","description":"Incidence of treatment-emergent adverse events based the Common Terminology Criteria for Adverse Events (CTCAE) version 5.0\\[ Time Frame: 1 years\\] Observe and record incidence of adverse events and severe adverse events associated with utidelone treatment, assessed by investigators according to CTCAE version 5.0.","timeFrame":"Estimated 12 months"}]},"eligibilityModule":{"eligibilityCriteria":"Inclusion Criteria:\n\n* Signed Informed Consent Form;\n* Women aged ≥ 18 years;\n* Histologically or cytologically confirmed HER2-negative locally advanced or metastatic breast cancer:\n\n  * The most recent pathology confirmed HER2 negative, defined as HER2 0/1 + by standard immunohistochemical staining (IHC) or HER2 2 + by IHC but negative by in situ hybridization (ISH);\n  * Patients with locally advanced or locally recurrent disease should be unable to undergo radical surgical resection confirmed by the investigators;\n* Eastern Cooperative Oncology Group (ECOG) score \\[0-2\\] points;\n* At least one evaluable lesion according to Response Evaluation Criteria in Solid Tumors (RECIST1.1):\n\n  * If there is only bone metastasis, it is required that the bone metastasis lesion contains bone destruction component;\n  * if there is only pleural effusion, it is required that the pleural effusion is malignant confirmed by pathology\n* No more than 2 prior lines of chemotherapy for advanced and/or metastatic disease;\n* Prior chemotherapy regimens must have included taxane;\n* Patients with hormone receptor positive disease received at least one line of endocrine therapy for metastatic disease (including CDK4/6 inhibitors, everolimus, chidamide and PI3K inhibitors, etc.);\n* Patients must have recovered to ≤ Grade 1 (CTCAE v5.0) from all toxicities related to prior anticancer therapy. with the following exceptions: 1). alopecia; 2). pigmentation;\n* Adequate hematological, hepatic and renal function;\n* Life expectancy of at least 12 weeks;\n* Patients must be able to participate and comply with treatment and follow-up.\n\nExclusion Criteria:\n\n* Previous treatment with UTD-1;\n* Patients with other malignant tumors within 5 years prior to enrollment, except cured cutaneous basal cell carcinoma and cervical carcinoma in situ;\n* Anti-tumor therapy, including chemotherapy, radical radiotherapy, biological therapy, immunotherapy or anti-tumor Chinese medicine therapy within 4 weeks prior to the start of study treatment; endocrine therapy within 2 weeks prior to the start of study treatment;\n* Patients who have undergone major organ surgery (excluding needle biopsy) or have significant trauma within 4 weeks prior to study treatment, or need to undergo elective surgery during the trial;\n* Patients with clinically suspected brain metastases. However, patients who have received previous treatment for central nervous system metastasis (radiotherapy or surgery) can be included if they have been confirmed as stable by imaging for at least 4 weeks and have stopped symptomatic treatment (including hormone and mannitol, etc.) for more than 2 weeks;\n* Patients with active HBV, HCV and HIV infection; except patients with stable hepatitis B after drug treatment (DNA titer should not be higher than 500 IU/mL or copy number \\< 1000 copies/ml) and patients with cured hepatitis C (HCV RNA test negative);\n* Peripheral neuropathy ≥grade 2 (CTCAE 5.0) and patients with grade 1 peripheral neuropathy will be enrolled at the discretion of the investigator;\n* Prior grade 3 or above nervous system-related adverse events caused by previous use of anti-microtubule drugs;\n* Pregnant or lactating female patients or fertile women with positive baseline pregnancy test; or subjects of childbearing potential who are unwilling to take effective contraceptive measures during the study period and within at least 90 days after the last dose;\n* Known or suspected hypersensitivity to any of the study drugs or excipients;\n* Exclusion of any other non-malignant systemic diseases (cardiovascular, renal, hepatic, etc.) that preclude the implementation or follow-up of the treatment regimen; • Any other condition that the investigator considers inappropriate for participation in this trial.","healthyVolunteers":false,"sex":"FEMALE","minimumAge":"18 Years","stdAges":["ADULT","OLDER_ADULT"]},"ipdSharingStatementModule":{"ipdSharing":"UNDECIDED"}},"derivedSection":{"miscInfoModule":{"versionHolder":"2024-01-12","modelPredictions":{"bmiLimits":{"minBmi":0.00,"maxBmi":101.00}}},"conditionBrowseModule":{"meshes":[{"id":"D000001943","term":"Breast Neoplasms"}],"ancestors":[{"id":"D000009371","term":"Neoplasms by Site"},{"id":"D000009369","term":"Neoplasms"},{"id":"D000001941","term":"Breast Diseases"},{"id":"D000012871","term":"Skin Diseases"}],"browseLeaves":[{"id":"M4910","name":"Breast Neoplasms","asFound":"Breast Cancer","relevance":"HIGH"},{"id":"M4908","name":"Breast Diseases","relevance":"LOW"},{"id":"M15364","name":"Skin Diseases","relevance":"LOW"}],"browseBranches":[{"abbrev":"BC04","name":"Neoplasms"},{"abbrev":"BC17","name":"Skin and Connective Tissue Diseases"},{"abbrev":"All","name":"All Conditions"}]}},"hasResults":false}