{"protocolSection":{"identificationModule":{"nctId":"NCT05219578","orgStudyIdInfo":{"id":"RTX-224-01"},"organization":{"fullName":"Rubius Therapeutics","class":"INDUSTRY"},"briefTitle":"RTX-224 Monotherapy in Patients With Solid Tumors","officialTitle":"A Phase 1/2 Study of RTX-224 for the Treatment of Patients With Advanced Solid Tumors"},"statusModule":{"statusVerifiedDate":"2022-12","overallStatus":"TERMINATED","whyStopped":"The Sponsor terminated study after dosing 2 dose groups (7 pts) and closed trial on 11/30/22. RTX-224 was well-tolerated with no DLTs, no related deaths, SAEs or Gr. 3/4 AEs and cleared rapidly (w/in 10 min).","expandedAccessInfo":{"hasExpandedAccess":false},"startDateStruct":{"date":"2022-01-12","type":"ACTUAL"},"primaryCompletionDateStruct":{"date":"2022-11-30","type":"ACTUAL"},"completionDateStruct":{"date":"2022-11-30","type":"ACTUAL"},"studyFirstSubmitDate":"2022-01-06","studyFirstSubmitQcDate":"2022-01-28","studyFirstPostDateStruct":{"date":"2022-02-02","type":"ACTUAL"},"lastUpdateSubmitDate":"2022-12-07","lastUpdatePostDateStruct":{"date":"2022-12-09","type":"ACTUAL"}},"sponsorCollaboratorsModule":{"responsibleParty":{"type":"SPONSOR"},"leadSponsor":{"name":"Rubius Therapeutics","class":"INDUSTRY"}},"oversightModule":{"oversightHasDmc":false,"isFdaRegulatedDrug":true,"isFdaRegulatedDevice":false},"descriptionModule":{"briefSummary":"This is an open-label, multidose, first-in-human (FIH), Phase 1/2 study of RTX-224 for the treatment of patients with relapsed or refractory (R/R), or locally advanced solid tumors.","detailedDescription":"This is a Phase 1, open label, multicenter, multidose, first-in-human (FIH), dose escalation and expansion to determine the safety and tolerability, recommended phase 2 dose, and pharmacology, and antitumor activity of RTX-224 in adult patients with persistent, recurrent, or metastatic, unresectable solid tumors. The study will include a monotherapy dose escalation phase followed by an expansion phase."},"conditionsModule":{"conditions":["Non Small Cell Lung Cancer","Cutaneous Melanoma","Head and Neck Squamous Cell Carcinoma","Urothelial Carcinoma","TNBC - Triple-Negative Breast Cancer"],"keywords":["Solid Tumor, Advanced Solid Tumors"]},"designModule":{"studyType":"INTERVENTIONAL","phases":["PHASE1","PHASE2"],"designInfo":{"allocation":"NON_RANDOMIZED","interventionModel":"SEQUENTIAL","primaryPurpose":"TREATMENT","maskingInfo":{"masking":"NONE"}},"enrollmentInfo":{"count":7,"type":"ACTUAL"}},"armsInterventionsModule":{"armGroups":[{"label":"RTX-224 Dose Escalation","type":"EXPERIMENTAL","description":"Phase 1: RTX-224 monotherapy dose escalation in Solid Tumors, administered intravenously on Day 1 of each cycle.","interventionNames":["Drug: RTX-224"]},{"label":"RTX-224 Dose Expansion","type":"EXPERIMENTAL","description":"Phase 2: RTX-224 monotherapy dose expansion in Solid Tumors, administered intravenously on Day 1 of each cycle.","interventionNames":["Drug: RTX-224"]}],"interventions":[{"type":"DRUG","name":"RTX-224","description":"RTX-224 monotherapy","armGroupLabels":["RTX-224 Dose Escalation","RTX-224 Dose Expansion"]}]},"outcomesModule":{"primaryOutcomes":[{"measure":"Safety Assessment by rate of Adverse Events (AEs)","description":"Measured by incidence of Treatment Emergent Adverse Events (TEAEs)","timeFrame":"up to 30 months"},{"measure":"Dose limiting toxicities (DLTs) of RTX-224","description":"As determined by incidence and severity of adverse events","timeFrame":"up to 30 months"}],"secondaryOutcomes":[{"measure":"Pharmacodynamics (PD) of RTX-224","description":"As measured by the changes in immune cell populations, e.g., T cells and NK cells","timeFrame":"up to 30 months"},{"measure":"Pharmacokinetics (PK) of RTX-224","description":"Maximum concentration (Cmax) of RTX-224 cells (positive for both 4-1BBL and IL-12 using flow cytometry) in blood after administration will be measured.","timeFrame":"up to 30 months"},{"measure":"Pharmacokinetics (PK) of RTX-224","description":"Time to maximum concentration (tmax) of RTX-224 cells (positive for both 4-1BBL and IL-12 using flow cytometry) in blood after administration will be measured.","timeFrame":"up to 30 months"},{"measure":"Anti-tumor activity of RTX-224","description":"As measured by duration of response (DoR)","timeFrame":"up to 30 months"},{"measure":"Anti-tumor activity of RTX-224","description":"As measured by overall survival (OS)","timeFrame":"up to 30 months"},{"measure":"Anti-tumor activity of RTX-224","description":"As measured by progression free survival (PFS)","timeFrame":"up to 30 months"},{"measure":"Anti-tumor activity of RTX-224","description":"As measured by disease control rate (DCR)","timeFrame":"up to 30 months"},{"measure":"Anti-tumor activity of RTX-224","description":"As measured by objective response rate (ORR)","timeFrame":"up to 30 months"}]},"eligibilityModule":{"eligibilityCriteria":"Inclusion Criteria:\n\n* Signed written informed consent obtained prior to study procedures Patients ≥18 years with an ECOG of 0 or 1\n* R/R, or locally advanced, unresectable, and histologically or cytologically confirmed\n\n  (a) NSCLC, (b) cutaneous melanoma, (c) HNSCC, (d) UC, or (e) TNBC, which are refractory to or otherwise ineligible for treatment with standard-of-care treatments\n* Prior therapy in each disease setting must include the following:\n\n  * NSCLC: Patients must have experienced disease progression following platinum-containing chemotherapy and a PD-1 or PD-L1 inhibitor. Patients with EGFR, ALK, ROS-1, or other actionable mutations should have previously received or been ineligible for therapies targeting their respective mutation(s).\n  * Cutaneous melanoma: Patients must have experienced disease progression following a PD-1 or PD-L1 inhibitor. Patients with V600E mutations should have previously received or been ineligible for approved BRAF inhibitor or MEK inhibitor therapy.\n  * HNSCC: Patients must have experienced disease progression following platinum-based combination chemotherapy and a PD-1 or PD-L1 inhibitor.\n  * UC: Patients must have experienced disease progression following platinum-based combination chemotherapy and a PD-1 or PD-L1 inhibitor.\n  * TNBC: Patients must have experienced disease progression following single-agent or combination chemotherapy. Patients with BRCA1/2 mutations should have previously received or been ineligible for an approved PARP inhibitor; patients who are PD-L1 positive should have received or been ineligible for an approved PD-1 or PD-L1 inhibitor.\n* Disease must be measurable per Response Evaluation Criteria\n* The shorter of 28 days or 5 half-lives must have elapsed since the completion of prior therapy, before initiation of study treatment.\n* Adequate Organ Function as Defined by the protocol:\n\n  * AST and ALT ≤3 × the upper limit of normal (ULN) Except in documented cases of Gilbert syndrome, total bilirubin ≤1.5 × ULN\n  * Serum albumin ≥2.5 g/dL\n  * Serum or plasma creatinine ≤1.5 × ULN and/or glomerular filtration rate ≥50 mL/min/1.73 calculated by the Cockcroft-Gault formula\n  * Absolute neutrophil count ≥1 × 103/μL\n  * Platelet count ≥100 × 103/μL\n  * Hemoglobin ≥9 g/dL\n\nExclusion Criteria:\n\n* Patient has central nervous system (CNS) involvement. If the patient fulfills the following 3 criteria, she/he is eligible for the trial after consultation with the Sponsor Medical Monitor.\n* Completed prior therapy for CNS metastases (radiation and/or surgery)\n* CNS tumor(s) is clinically stable at the time of enrollment\n* Patient does not require corticosteroid or antiepileptic therapy for management of CNS metastases\n* Known hypersensitivity to any component of study treatment or excipients.\n* Positive antibody screen using institution's standard type and screen test.\n* Clinically significant, active and uncontrolled infection, including human immunodeficiency virus (HIV), Hepatitis B virus (HBV), or Hepatitis C virus (HCV).","healthyVolunteers":false,"sex":"ALL","minimumAge":"18 Years","stdAges":["ADULT","OLDER_ADULT"]},"contactsLocationsModule":{"locations":[{"facility":"HonorHealth","city":"Scottsdale","state":"Arizona","zip":"85258","country":"United States","geoPoint":{"lat":33.50921,"lon":-111.89903}},{"facility":"USC Norris Comprehensive Cancer Center","city":"Los Angeles","state":"California","zip":"90033","country":"United States","geoPoint":{"lat":34.05223,"lon":-118.24368}},{"facility":"University of California San Francisco Health","city":"San Francisco","state":"California","zip":"94143","country":"United States","geoPoint":{"lat":37.77493,"lon":-122.41942}},{"facility":"Sarah Cannon Research Institute","city":"Nashville","state":"Tennessee","zip":"37203","country":"United States","geoPoint":{"lat":36.16589,"lon":-86.78444}},{"facility":"Virginia Cancer Specialists","city":"Fairfax","state":"Virginia","zip":"22031","country":"United States","geoPoint":{"lat":38.84622,"lon":-77.30637}}]},"ipdSharingStatementModule":{"ipdSharing":"NO"}},"derivedSection":{"miscInfoModule":{"versionHolder":"2024-01-12","modelPredictions":{"bmiLimits":{"minBmi":0.00,"maxBmi":101.00}}},"conditionBrowseModule":{"meshes":[{"id":"D000002277","term":"Carcinoma"},{"id":"D000064726","term":"Triple Negative Breast Neoplasms"},{"id":"D000077195","term":"Squamous Cell Carcinoma of Head and Neck"}],"ancestors":[{"id":"D000009375","term":"Neoplasms, Glandular and Epithelial"},{"id":"D000009370","term":"Neoplasms by Histologic Type"},{"id":"D000009369","term":"Neoplasms"},{"id":"D000009371","term":"Neoplasms by Site"},{"id":"D000002294","term":"Carcinoma, Squamous Cell"},{"id":"D000001943","term":"Breast Neoplasms"},{"id":"D000001941","term":"Breast Diseases"},{"id":"D000012871","term":"Skin Diseases"},{"id":"D000006258","term":"Head and Neck Neoplasms"}],"browseLeaves":[{"id":"M11218","name":"Melanoma","relevance":"LOW"},{"id":"M5241","name":"Carcinoma, Transitional Cell","relevance":"LOW"},{"id":"M5224","name":"Carcinoma","asFound":"Carcinoma","relevance":"HIGH"},{"id":"M10862","name":"Lung Neoplasms","relevance":"LOW"},{"id":"M5240","name":"Carcinoma, Squamous Cell","relevance":"LOW"},{"id":"M4910","name":"Breast Neoplasms","relevance":"LOW"},{"id":"M30063","name":"Triple Negative Breast Neoplasms","asFound":"TNBC - Triple-Negative Breast Cancer","relevance":"HIGH"},{"id":"M5236","name":"Carcinoma, Non-Small-Cell Lung","relevance":"LOW"},{"id":"M1689","name":"Squamous Cell Carcinoma of Head and Neck","asFound":"Head and Neck Squamous Cell Carcinoma","relevance":"HIGH"},{"id":"M12010","name":"Neoplasms, Glandular and Epithelial","relevance":"LOW"},{"id":"M12005","name":"Neoplasms by Histologic Type","relevance":"LOW"},{"id":"M4908","name":"Breast Diseases","relevance":"LOW"},{"id":"M15364","name":"Skin Diseases","relevance":"LOW"},{"id":"M9038","name":"Head and Neck Neoplasms","relevance":"LOW"},{"id":"T5693","name":"Transitional Cell Carcinoma","relevance":"LOW"}],"browseBranches":[{"abbrev":"BC04","name":"Neoplasms"},{"abbrev":"All","name":"All Conditions"},{"abbrev":"BC08","name":"Respiratory Tract (Lung and Bronchial) Diseases"},{"abbrev":"BC17","name":"Skin and Connective Tissue Diseases"},{"abbrev":"Rare","name":"Rare Diseases"}]}},"hasResults":false}