{"protocolSection":{"identificationModule":{"nctId":"NCT03161600","orgStudyIdInfo":{"id":"G402"},"organization":{"fullName":"Carevive Systems, Inc.","class":"INDUSTRY"},"briefTitle":"Improving Surgical/Medical Oncology Collaboration for Breast Cancer Treatment Planning: Pilot Testing the Impact of Continuing Education and Patient Care Planning","officialTitle":"Improving Surgical/Medical Oncology Collaboration for Breast Cancer Treatment Planning: Pilot Testing the Impact of Continuing Education and Patient Care Planning"},"statusModule":{"statusVerifiedDate":"2019-01","overallStatus":"COMPLETED","expandedAccessInfo":{"hasExpandedAccess":false},"startDateStruct":{"date":"2017-05-18","type":"ACTUAL"},"primaryCompletionDateStruct":{"date":"2018-12-31","type":"ACTUAL"},"completionDateStruct":{"date":"2018-12-31","type":"ACTUAL"},"studyFirstSubmitDate":"2017-05-18","studyFirstSubmitQcDate":"2017-05-18","studyFirstPostDateStruct":{"date":"2017-05-22","type":"ACTUAL"},"lastUpdateSubmitDate":"2019-01-29","lastUpdatePostDateStruct":{"date":"2019-01-30","type":"ACTUAL"}},"sponsorCollaboratorsModule":{"responsibleParty":{"type":"SPONSOR"},"leadSponsor":{"name":"Carevive Systems, Inc.","class":"INDUSTRY"}},"oversightModule":{"oversightHasDmc":false,"isFdaRegulatedDrug":false,"isFdaRegulatedDevice":false},"descriptionModule":{"briefSummary":"This study will explore provider's screening and management practices for eligibility for neoadjuvant therapy from baseline to following the project intervention (use of a novel existing technology, the Carevive Care Planning System at the point of care plus provider continuing medical education.","detailedDescription":"The overarching goals are to improve clinician knowledge about evidence-based practices for neoadjuvant therapy for breast cancer, increase appropriate referrals to medical oncology for consideration of preoperative systemic therapy (as determined by adherence to NCCN pre-operative systemic therapy guidelines), and to improve communication between the multidisciplinary team and patient regarding the appropriateness, selection, and timing of neoadjuvant therapy. Secondary objectives include a) evaluation of the impact of the intervention on actual prescription of neoadjuvant therapy to eligible patients and b) evaluation of the impact of the intervention on surgeons and medical oncologists' knowledge, attitudes, and beliefs about the benefits of neoadjuvant therapy. We will also explore the acceptability and utilization of the Carevive care plan during medical oncologists' initial consultations after referral of patients from surgical practices. In this project, 25 newly diagnosed breast cancer patients will be recruited over a 3-6 month period, screened for eligibility for neoadjuvant therapy, and assessed for patient treatment preferences at time of surgical consultation using a novel and commercially available electronic technology, the Carevive Care Planning System (CPS). Patients will receive a care plan that explains neoadjuvant therapy among possible treatment options. In addition, patients will be screened for distress as well as eligibility for genetic counseling (according to NCCN referral criteria) and fertility preservation (according to ASCO guidelines) referrals, and the Carevive care plans provided will also incorporate personalized referrals to these related services where applicable.\n\nRetrospective chart reviews (from both surgical and medical oncology practices participating in this project), complemented by data extracted from the Carevive CPS, will be used to assess changes in rates of referrals to medical oncology for discussion and actual prescriptions of neoadjuvant therapy, as compared to historical data from prior publications documenting low rates of referral to, and receipt of, neoadjuvant therapy. Provider questionnaires exploring knowledge, attitudes, and beliefs about the benefits of neoadjuvant therapy will be completed at baseline and again at follow-up (≤4 weeks following intervention visit of their last patient) and changes will be explored using a pre-/post-test design. Use of a care planning technology to provide tailored education and individualized information may provide an easy, accessible and effective way to improve provider abilities to proactively identify patients eligible for specific therapies, understand patient treatment goals, concerns, drive shared decision making (SDM) and sufficiently collaborate with the multi-disciplinary team to provide optimal care."},"conditionsModule":{"conditions":["Breast Cancer"]},"designModule":{"studyType":"INTERVENTIONAL","phases":["NA"],"designInfo":{"allocation":"NON_RANDOMIZED","interventionModel":"SINGLE_GROUP","primaryPurpose":"SCREENING","maskingInfo":{"masking":"NONE"}},"enrollmentInfo":{"count":25,"type":"ACTUAL"}},"armsInterventionsModule":{"interventions":[{"type":"BEHAVIORAL","name":"Carevive CPS","description":"This intervention will focus on the use of the Carevive CPS at a surgical visit, enabling providers to deliver evidence-based and personalized treatment care plans to their breast cancer patients. The Carevive CPS collects electronic patient reported outcomes (ePROS) and clinical data, reported and generated by clinical staff and/or extracted from the electronic medical record (EMR), and uses these to auto-generate the personalized care plans. Care plan content is drive by practice guidelines and other peer-reviewed evidence, and includes patient education, resources, and referrals developed by cancer clinicians and researchers."}]},"outcomesModule":{"primaryOutcomes":[{"measure":"Rates of provider self-report and actual percent of eligible patients referred to medical oncology for discussion of neoadjuvant therapy.","description":"Data collected via chart abstraction and provider surveys will be analyzed.","timeFrame":"Year 1"},{"measure":"Rates of actual prescription of neoadjuvant therapy to eligible patients","description":"Data will be collected via chart abstraction","timeFrame":"Year 1"}]},"eligibilityModule":{"eligibilityCriteria":"Inclusion Criteria:\n\n* 1) 18 years of age and older\n* 2) Patients must have a diagnosis of breast cancer for which they must not have received or been scheduled for primary breast surgery at time of project intervention, and must be eligible for surgical resection (i.e. Stage I-III).\n\nExclusion Criteria:\n\n* Any patient who cannot understand written or spoken English","healthyVolunteers":false,"sex":"FEMALE","minimumAge":"18 Years","stdAges":["ADULT","OLDER_ADULT"]},"contactsLocationsModule":{"locations":[{"facility":"Thomas Jefferson University Hospital","city":"Philadelphia","state":"Pennsylvania","zip":"19107","country":"United States","geoPoint":{"lat":39.95233,"lon":-75.16379}}]},"ipdSharingStatementModule":{"ipdSharing":"NO"}},"derivedSection":{"miscInfoModule":{"versionHolder":"2024-01-12","modelPredictions":{"bmiLimits":{"minBmi":0.00,"maxBmi":101.00}}},"conditionBrowseModule":{"meshes":[{"id":"D000001943","term":"Breast Neoplasms"}],"ancestors":[{"id":"D000009371","term":"Neoplasms by Site"},{"id":"D000009369","term":"Neoplasms"},{"id":"D000001941","term":"Breast Diseases"},{"id":"D000012871","term":"Skin Diseases"}],"browseLeaves":[{"id":"M4910","name":"Breast Neoplasms","asFound":"Breast Cancer","relevance":"HIGH"},{"id":"M4908","name":"Breast Diseases","relevance":"LOW"},{"id":"M15364","name":"Skin Diseases","relevance":"LOW"}],"browseBranches":[{"abbrev":"BC04","name":"Neoplasms"},{"abbrev":"BC17","name":"Skin and Connective Tissue Diseases"},{"abbrev":"All","name":"All Conditions"}]}},"hasResults":false}