{"protocolSection":{"identificationModule":{"nctId":"NCT03055143","orgStudyIdInfo":{"id":"PKD/08/038"},"organization":{"fullName":"Sun Pharma Advanced Research Company Limited","class":"INDUSTRY"},"briefTitle":"Study of Doxorubicin in Patients With Metastatic Breast Cancer/Advanced Ovarian Cancer","officialTitle":"A Randomized, Open Label, Two Treatment, Two Period, Two Sequence, Single Dose, Crossover, Bioequivalence Study Of Doxorubicin Hydrochloride Liposome Injection, 2 mg/ml (50 mg/m2 Dose) of Sun Pharma Advanced Research Company Limited, India, And Caelyx® (Doxorubicin Hydrochloride) Liposome Injection, 2 mg/ml (50 mg/m2 Dose) of Schering-Plough, Belgium, in Patients With Metastatic Breast Cancer/Advanced Ovarian Cancer, Under Fed (Normal Breakfast) Conditions."},"statusModule":{"statusVerifiedDate":"2021-07","overallStatus":"COMPLETED","expandedAccessInfo":{"hasExpandedAccess":false},"startDateStruct":{"date":"2008-09-03","type":"ACTUAL"},"primaryCompletionDateStruct":{"date":"2009-11-28","type":"ACTUAL"},"completionDateStruct":{"date":"2009-11-28","type":"ACTUAL"},"studyFirstSubmitDate":"2017-02-07","studyFirstSubmitQcDate":"2017-02-15","studyFirstPostDateStruct":{"date":"2017-02-16","type":"ACTUAL"},"lastUpdateSubmitDate":"2021-07-22","lastUpdatePostDateStruct":{"date":"2021-07-23","type":"ACTUAL"}},"sponsorCollaboratorsModule":{"responsibleParty":{"type":"SPONSOR"},"leadSponsor":{"name":"Sun Pharma Advanced Research Company Limited","class":"INDUSTRY"}},"oversightModule":{"oversightHasDmc":false,"isFdaRegulatedDrug":true,"isFdaRegulatedDevice":false,"isUsExport":false},"descriptionModule":{"briefSummary":"This was a randomized, multi centre, open label, two treatment, two period, two sequence, single dose, crossover study, with at least 28 days washout between doses, conducted under fed (normal breakfast) conditions."},"conditionsModule":{"conditions":["Breast Cancer and Ovarian Cancer"]},"designModule":{"studyType":"INTERVENTIONAL","phases":["PHASE1"],"designInfo":{"allocation":"RANDOMIZED","interventionModel":"CROSSOVER","primaryPurpose":"TREATMENT"},"enrollmentInfo":{"count":29,"type":"ACTUAL"}},"armsInterventionsModule":{"armGroups":[{"label":"SPARC-08-038","type":"EXPERIMENTAL","description":"2 mg/ml","interventionNames":["Drug: SPARC-08-038","Drug: Ref-08-038"]},{"label":"Ref-08-038","type":"ACTIVE_COMPARATOR","interventionNames":["Drug: SPARC-08-038","Drug: Ref-08-038"]}],"interventions":[{"type":"DRUG","name":"SPARC-08-038","description":"2 mg/ml intravenous infusion","armGroupLabels":["Ref-08-038","SPARC-08-038"]},{"type":"DRUG","name":"Ref-08-038","description":"2 mg/ml intravenous infusion","armGroupLabels":["Ref-08-038","SPARC-08-038"]}]},"outcomesModule":{"primaryOutcomes":[{"measure":"Maximum measured plasma concentration","timeFrame":"336 hours"}],"secondaryOutcomes":[{"measure":"The area under the plasma concentration versus time curve from time 0 to infinity","timeFrame":"336 hours"}]},"eligibilityModule":{"eligibilityCriteria":"Inclusion Criteria:\n\n1. Availability of volunteer for the entire study period and willingness to adhere to protocol requirements as evidenced by written informed consent.\n2. Patients with metastatic breast cancer/advanced ovarian cancer having age within the range of between 18-55 years.\n3. Subjects who had no evidence of underlying disease\n4. Subjects who had signed written consent form\n\nExclusion Criteria:\n\n1. Females who were pregnant, breastfeeding, or are likely to become pregnant\n2. Subjects who had any medical condition (except metastatic breast cancer/advanced ovarian cancer) that could jeopardize their health or prejudice the results\n3. Subjects deemed uncooperative or noncompliant\n4. Smoking or consumption of any nicotine products","healthyVolunteers":false,"sex":"FEMALE","minimumAge":"18 Years","maximumAge":"55 Years","stdAges":["ADULT"]},"referencesModule":{"references":[{"pmid":"29995186","type":"DERIVED","citation":"Bhowmik S, Bhowmick S, Maiti K, Chakra A, Shahi P, Jain D, Rajamannar T. Two multicenter Phase I randomized trials to compare the bioequivalence and safety of a generic doxorubicin hydrochloride liposome injection with Doxil(R) or Caelyx(R) in advanced ovarian cancer. Cancer Chemother Pharmacol. 2018 Sep;82(3):521-532. doi: 10.1007/s00280-018-3643-3. Epub 2018 Jul 11."}]},"ipdSharingStatementModule":{"ipdSharing":"NO"}},"derivedSection":{"miscInfoModule":{"versionHolder":"2024-01-12","modelPredictions":{"bmiLimits":{"minBmi":0.00,"maxBmi":101.00}}},"conditionBrowseModule":{"meshes":[{"id":"D000001943","term":"Breast Neoplasms"},{"id":"D000010051","term":"Ovarian Neoplasms"},{"id":"D000077216","term":"Carcinoma, Ovarian Epithelial"}],"ancestors":[{"id":"D000009371","term":"Neoplasms by Site"},{"id":"D000009369","term":"Neoplasms"},{"id":"D000001941","term":"Breast Diseases"},{"id":"D000012871","term":"Skin Diseases"},{"id":"D000004701","term":"Endocrine Gland Neoplasms"},{"id":"D000010049","term":"Ovarian Diseases"},{"id":"D000000291","term":"Adnexal Diseases"},{"id":"D000005831","term":"Genital Diseases, Female"},{"id":"D000052776","term":"Female Urogenital Diseases"},{"id":"D000005261","term":"Female Urogenital Diseases and Pregnancy Complications"},{"id":"D000091642","term":"Urogenital Diseases"},{"id":"D000005833","term":"Genital Neoplasms, Female"},{"id":"D000014565","term":"Urogenital Neoplasms"},{"id":"D000091662","term":"Genital Diseases"},{"id":"D000004700","term":"Endocrine System Diseases"},{"id":"D000006058","term":"Gonadal Disorders"},{"id":"D000002277","term":"Carcinoma"},{"id":"D000009375","term":"Neoplasms, Glandular and Epithelial"},{"id":"D000009370","term":"Neoplasms by Histologic Type"}],"browseLeaves":[{"id":"M12664","name":"Ovarian Neoplasms","asFound":"Ovarian Cancer","relevance":"HIGH"},{"id":"M4910","name":"Breast Neoplasms","asFound":"Breast Cancer","relevance":"HIGH"},{"id":"M24996","name":"Malnutrition","relevance":"LOW"},{"id":"M1704","name":"Carcinoma, Ovarian Epithelial","asFound":"Ovarian Cancer","relevance":"HIGH"},{"id":"M5224","name":"Carcinoma","relevance":"LOW"},{"id":"M4908","name":"Breast Diseases","relevance":"LOW"},{"id":"M15364","name":"Skin Diseases","relevance":"LOW"},{"id":"M7553","name":"Endocrine Gland Neoplasms","relevance":"LOW"},{"id":"M12662","name":"Ovarian Diseases","relevance":"LOW"},{"id":"M3333","name":"Adnexal Diseases","relevance":"LOW"},{"id":"M2877","name":"Genital Diseases","relevance":"LOW"},{"id":"M8633","name":"Genital Diseases, Female","relevance":"LOW"},{"id":"M2876","name":"Urogenital Diseases","relevance":"LOW"},{"id":"M26783","name":"Female Urogenital Diseases","relevance":"LOW"},{"id":"M13817","name":"Pregnancy Complications","relevance":"LOW"},{"id":"M8089","name":"Female Urogenital Diseases and Pregnancy Complications","relevance":"LOW"},{"id":"M8635","name":"Genital Neoplasms, Female","relevance":"LOW"},{"id":"M17005","name":"Urogenital Neoplasms","relevance":"LOW"},{"id":"M7552","name":"Endocrine System Diseases","relevance":"LOW"},{"id":"M8853","name":"Gonadal Disorders","relevance":"LOW"},{"id":"M12010","name":"Neoplasms, Glandular and Epithelial","relevance":"LOW"},{"id":"M12005","name":"Neoplasms by Histologic Type","relevance":"LOW"},{"id":"T4352","name":"Ovarian Cancer","asFound":"Ovarian Cancer","relevance":"HIGH"},{"id":"T4354","name":"Ovarian Epithelial Cancer","asFound":"Ovarian Cancer","relevance":"HIGH"}],"browseBranches":[{"abbrev":"BC04","name":"Neoplasms"},{"abbrev":"BXS","name":"Urinary Tract, Sexual Organs, and Pregnancy Conditions"},{"abbrev":"BC19","name":"Gland and Hormone Related Diseases"},{"abbrev":"All","name":"All Conditions"},{"abbrev":"BC17","name":"Skin and Connective Tissue Diseases"},{"abbrev":"BC18","name":"Nutritional and Metabolic Diseases"},{"abbrev":"Rare","name":"Rare Diseases"}]},"interventionBrowseModule":{"browseLeaves":[{"id":"M7182","name":"Doxorubicin","relevance":"LOW"},{"id":"M227283","name":"Liposomal doxorubicin","relevance":"LOW"}],"browseBranches":[{"abbrev":"ANeo","name":"Antineoplastic Agents"},{"abbrev":"All","name":"All Drugs and Chemicals"}]}},"hasResults":false}