{"protocolSection":{"identificationModule":{"nctId":"NCT04497285","orgStudyIdInfo":{"id":"SOLTI-1903"},"organization":{"fullName":"SOLTI Breast Cancer Research Group","class":"OTHER"},"briefTitle":"Real World Study Using Comprehensive Genomic Data on the Next Treatment Decision Making in Metastatic Breast Cancer","officialTitle":"HOPE: Real World Clinical Practice Study to Assess the Impact of Using Comprehensive Genomic Data on the Next Treatment Decision Making Choice in Patients With Locally Advanced or Metastatic Breast Cancer in Spain","acronym":"HOPE"},"statusModule":{"statusVerifiedDate":"2022-10","overallStatus":"ACTIVE_NOT_RECRUITING","expandedAccessInfo":{"hasExpandedAccess":false},"startDateStruct":{"date":"2020-10-20","type":"ACTUAL"},"primaryCompletionDateStruct":{"date":"2023-07-30","type":"ESTIMATED"},"completionDateStruct":{"date":"2024-07-30","type":"ESTIMATED"},"studyFirstSubmitDate":"2020-07-03","studyFirstSubmitQcDate":"2020-08-03","studyFirstPostDateStruct":{"date":"2020-08-04","type":"ACTUAL"},"lastUpdateSubmitDate":"2022-10-24","lastUpdatePostDateStruct":{"date":"2022-10-25","type":"ACTUAL"}},"sponsorCollaboratorsModule":{"responsibleParty":{"type":"SPONSOR"},"leadSponsor":{"name":"SOLTI Breast Cancer Research Group","class":"OTHER"},"collaborators":[{"name":"Novartis","class":"INDUSTRY"},{"name":"Roche Pharma AG","class":"INDUSTRY"},{"name":"Guardant Health, Inc.","class":"INDUSTRY"}]},"oversightModule":{"oversightHasDmc":false,"isFdaRegulatedDrug":false,"isFdaRegulatedDevice":false},"descriptionModule":{"briefSummary":"SOLTI 1903 HOPE is a national, real world clinical practice study conducted in patients diagnosed with metastatic breast cancer who are receiving, have just received or will receive treatment for its advanced disease. Patients will lead their inclusion, participation and follow-up in the study through a digital tool, but they are encouraged to include their physician's in this study. Tissue samples from metastatic (preferred) or primary tumor will be collected for analyses, together with blood samples. A Molecular Advisory Board (MAB) will assess and give recommendations according patient's molecular profile.\n\nThe primary objective is to assess the real-world clinical practice of integration of molecular profiling in the Standard of Care (SoC) management of mBC patients connected through a digital tool.","detailedDescription":"Eligible patients are those who are 18 or older, either female or male, confirmed locally advanced or metastatic breast cancer of any subtype and who have received, are receiving, or will receive any line of treatment from metastatic disease.\n\nDemographic data, disease characteristics, treatment history, and quality of life data will be collected through a digital tool by the patient. The data are de-identified and will be used to advance multiple areas of research into mBC. The study will be complemented by a patient empowerment program that will include informative workshops and video-tutorials about precision medicine and the HOPE study itself. Tumor tissue samples must be submitted for genomic profiling using FoundationOne CDx. Blood samples for circulating tumor DNA (ctDNA) profiling using Guardant360 also will be collected.\n\nMolecular reports will be reviewed by the Molecular Advisory Board (MAB) and recommendations according to the molecular profile will be sent to the patients and physicians through the digital tool to let them know these treatment options and also notified about clinical trials for which they may be eligible.\n\nThe primary objective is to assess the real-world clinical practice of integration of molecular profiling in the Standard of Care (SoC) management of mBC patients connected through a digital tool. Secondary objectives include: to describe genetic mutational profile from both tests, to evaluate if a patient-centric strategy could achieve better enrollment than the classical approach site-physician-patient, and to assess the efficacy of the program to allocate patients in clinical trials."},"conditionsModule":{"conditions":["Metastatic Breast Cancer"]},"designModule":{"studyType":"OBSERVATIONAL","patientRegistry":false,"designInfo":{"observationalModel":"OTHER","timePerspective":"PROSPECTIVE"},"bioSpec":{"retention":"SAMPLES_WITH_DNA","description":"blood sample collection and collection of tumor tissue block"},"enrollmentInfo":{"count":600,"type":"ESTIMATED"}},"armsInterventionsModule":{"interventions":[{"type":"OTHER","name":"blood sample collection and collection of tumor tissue block","description":"blood sample collection and collection of tumor tissue block"}]},"outcomesModule":{"primaryOutcomes":[{"measure":"Metastatic breast cancer management based on tumor molecular profile","description":"The number of patients assigned to different treatments based on the genomic profile.","timeFrame":"1 year after end of accrual"}],"secondaryOutcomes":[{"measure":"Description of the genetic mutational profile in tumor tissue.","description":"To describe the genetic mutational profile of the patients using Foundation One CDx.","timeFrame":"Ongoing basis during 3 years' patient recruitment"},{"measure":"Description of the genetic mutational profile in blood samples","description":"To describe the genetic mutational profile of the patients using liquid biopsy (Guardant360 test).","timeFrame":"Ongoing basis during 3 years' patient recruitment"},{"measure":"Description of the enrollment rate of the study","description":"To describe the enrollment rate using the HOPE patient centric strategy (videotutorials and user experience of different technologies as the digital tool).","timeFrame":"Ongoing basis during 3 years' patient recruitment"},{"measure":"Feasibility of implementing the program for metastatic breast cancer","description":"To describe number of patients who are allocated to clinical trials and number of patients allocated on on-label therapies considering tumor genomic profile.","timeFrame":"1 year after end of accrual and subsequently during follow up period of 5 years"},{"measure":"Correlation between efficacy endpoints among patients enrolled in clinical trials according to the tumor's genomic profile and among patients receiving SoC.","description":"To describe of PFS and OS among the patients enrolled in clinical trials according to the tumor's genomic profile, and among the patients receiving SoC.","timeFrame":"1 year after end of accrual and subsequently during follow up period of 5 years"},{"measure":"Quality of life assessment using EuroQol-5D (EQ-5D) in patients with metastatic breast cancer","description":"The EuroQol EQ-5D is designed to assess health status in terms of a single index value or utility score. It contains 5 descriptors of current health state (mobility, self-care, usual activities, pain or discomfort, and anxiety or depression) with each dimension having 5 levels of function (1=no problem, 2=slight problem, 3=moderate problem, 4=severe problem, and 5=unable/extreme). The scores on the 5 descriptors are summarized to create a single summary score. The EQ-5D also includes a visual analog scale (VAS), in which the patients self-rate their overall health status on a scale from 0 (worst imaginable) to 100 (best imaginable).","timeFrame":"Ongoing basis during 3 years' patient recruitment"},{"measure":"Quality of life assessment using Functional Assessment of Cancer Therapy FACT-B in patients with metastatic breast cancer","description":"The FACT-B consists of the Functional Assessment of Cancer Therapy-General (FACT-G) (27-items) and a breast-specific module: a 10-item instrument designed to assess patient concernsrelating to BC. The FACT-G is a 27-item compilation of general questions divided into 4 domains: Physical Well-Being, Social/Family Well-Being, Emotional Well-Being, and Functional Well-Being. Patients are asked to respond to a Likert scale where 0=not at all, 1=a little bit, 2=somewhat, 3=quite a bit, and 4=very much.","timeFrame":"Ongoing basis during 3 years' patient recruitment"}]},"eligibilityModule":{"eligibilityCriteria":"Inclusion Criteria:\n\n1. Female or Male patients.\n2. Age ≥18 years.\n3. Signed informed consent prior to any screening procedure.\n4. Locally advanced or metastatic breast cancer of any subtype confirmed both pathologically and radiologically (stage IIIb- IV disease).\n5. The subjects must be about to receive, or receiving, or will have completed treatment for their metastatic disease with any line of treatment in either a clinical trial or the healthcare setting.\n6. Availability of one metastatic (preferably), primary tumor sample or blood sample.\n7. Measurable or non-measurable disease.\n8. Quality of life score according to ECOG scale ≤ 3.\n9. Minimal life expectancy of 6 months.\n\nExclusion Criteria:\n\n1. Inability to consent or conform to the processes involved in a clinical study.\n2. Presence of a condition or abnormality that in the opinion of the Investigator would compromise the safety of the patient or the quality of the data.","healthyVolunteers":false,"sex":"ALL","minimumAge":"18 Years","stdAges":["ADULT","OLDER_ADULT"],"studyPopulation":"Metastatic breas cancer","samplingMethod":"PROBABILITY_SAMPLE"},"contactsLocationsModule":{"locations":[{"facility":"Translational Genomics and Targeted Therapeutics in Solid Tumours Lab in August Pi i Sunyer Biomedical Research Institute (IDIBAPS)","city":"Barcelona","state":"Please Select","zip":"08008","country":"Spain","geoPoint":{"lat":41.38879,"lon":2.15899}}]},"ipdSharingStatementModule":{"ipdSharing":"UNDECIDED"}},"derivedSection":{"miscInfoModule":{"versionHolder":"2024-01-12","modelPredictions":{"bmiLimits":{"minBmi":0.00,"maxBmi":101.00}}},"conditionBrowseModule":{"meshes":[{"id":"D000001943","term":"Breast Neoplasms"}],"ancestors":[{"id":"D000009371","term":"Neoplasms by Site"},{"id":"D000009369","term":"Neoplasms"},{"id":"D000001941","term":"Breast Diseases"},{"id":"D000012871","term":"Skin Diseases"}],"browseLeaves":[{"id":"M4910","name":"Breast Neoplasms","asFound":"Breast Cancer","relevance":"HIGH"},{"id":"M4908","name":"Breast Diseases","relevance":"LOW"},{"id":"M15364","name":"Skin Diseases","relevance":"LOW"}],"browseBranches":[{"abbrev":"BC04","name":"Neoplasms"},{"abbrev":"BC17","name":"Skin and Connective Tissue Diseases"},{"abbrev":"All","name":"All Conditions"}]}},"hasResults":false}