{"protocolSection":{"identificationModule":{"nctId":"NCT03779685","orgStudyIdInfo":{"id":"GENEXAN"},"organization":{"fullName":"Azienda Ospedaliera San Gerardo di Monza","class":"OTHER"},"briefTitle":"GENe EXpression After Regional or General ANesthesia in Patients Undergoing Breast Cancer Surgery","officialTitle":"GENe EXpression in Tissues From Operating Field After Regional or General ANesthesia in Patients Undergoing Breast Cancer Surgery. The GENEXAN Randomized Controlled Genomic Trial","acronym":"GENEXAN"},"statusModule":{"statusVerifiedDate":"2020-08","overallStatus":"UNKNOWN","lastKnownStatus":"NOT_YET_RECRUITING","expandedAccessInfo":{"hasExpandedAccess":false},"startDateStruct":{"date":"2021-03-01","type":"ESTIMATED"},"primaryCompletionDateStruct":{"date":"2021-03-01","type":"ESTIMATED"},"completionDateStruct":{"date":"2022-03-01","type":"ESTIMATED"},"studyFirstSubmitDate":"2018-11-29","studyFirstSubmitQcDate":"2018-12-14","studyFirstPostDateStruct":{"date":"2018-12-19","type":"ACTUAL"},"lastUpdateSubmitDate":"2020-08-04","lastUpdatePostDateStruct":{"date":"2020-08-05","type":"ACTUAL"}},"sponsorCollaboratorsModule":{"responsibleParty":{"type":"PRINCIPAL_INVESTIGATOR","investigatorFullName":"Zhirajr Mokini M.D.","investigatorTitle":"Principal Investigator","investigatorAffiliation":"Azienda Ospedaliera San Gerardo di Monza"},"leadSponsor":{"name":"Azienda Ospedaliera San Gerardo di Monza","class":"OTHER"}},"oversightModule":{"oversightHasDmc":false,"isFdaRegulatedDrug":false,"isFdaRegulatedDevice":false},"descriptionModule":{"briefSummary":"Breast cancer is the most commonly diagnosed cancer in females and the second leading cause of death from cancer in women. It was estimated that 2 million new cases have occurred in 2018 worldwide 1.\n\nStandard anesthetic procedures for the surgery of breast cancer include general and regional anesthesia 2. Growing preclinical and clinical data support the hypothesis that anesthetic choice may affect cancer-related outcomes.\n\nRecurrence in breast cancer was reduced to four-fold in a retrospective study with a 2.5 to 4 year follow up 3. Recurrence and metastasis-free survival, with multivariate analysis, was 94% (95% CI 87,100) versus 82% (74, 91) at 24 months, and 94 (87, 100) versus 77 (68, 87) at 36 months in the paravertebral and general anesthesia patients, respectively, (p=0.013). Currently large confirmatory randomized trials evaluating breast cancer recurrence in patients operated with general or regional anesthesia are yet undergoing 4.","detailedDescription":"Background: Exposure to general or regional anesthesia, can modulate differently breast cancer biology through a direct activity on cancer cells or indirectly through modifications in host response (immune system, angiogenesis, nervous system). Alterations occur both systemically and locally on the surgical site and is supposed that can affect cancer-related outcomes after months or years.\n\nIt is not known whether the action of this short exposure to anesthetics on the host and cancer biology is driven by epigenetic alterations in gene and protein expression during the immediate to early post-anesthesia period.\n\nAn altered gene and protein expression profile may affect the response of the immune system, angiogenesis and the nervous system and induce more or less propitious conditions to tumor progression. Data from studies in animals and humans show that gene expression may change in the brain and heart after only a short exposure to general anesthesia and that changes may persist for several weeks.\n\nMethods: The GENEXAN is a randomized, controlled, monocentric, genomic trial aiming to test the hypothesis that regional (paravertebral) anesthesia, compared to general anesthesia, would elicit a differential gene and protein expression pattern in cancer tissue and normal surgical microenvironment after breast cancer surgery in women.\n\nDiscussion: This research will serve to map gene and protein expression profile after surgery with different anesthetics and elucidate which genes specific to biological systems may affect tumor biology in the immediate operative period.\n\nThe findings may also address further research depending on the tissue specificity of the up or down-regulated genes."},"conditionsModule":{"conditions":["Breast Cancer Female"]},"designModule":{"studyType":"INTERVENTIONAL","phases":["NA"],"designInfo":{"allocation":"RANDOMIZED","interventionModel":"PARALLEL","primaryPurpose":"BASIC_SCIENCE","maskingInfo":{"masking":"DOUBLE","whoMasked":["INVESTIGATOR","OUTCOMES_ASSESSOR"]}},"enrollmentInfo":{"count":100,"type":"ESTIMATED"}},"armsInterventionsModule":{"armGroups":[{"label":"General anesthesia","type":"ACTIVE_COMPARATOR","description":"Breast cancer surgery (Tumor Stage 1-3, Nodes 0-2 as determined according to the NCI stage definitions http://www.cancer.gov/cancertopics/pdq/treatment/breast/HealthProfessional/page3/print)","interventionNames":["Procedure: General anesthesia"]},{"label":"Regional anesthesia","type":"EXPERIMENTAL","description":"Breast cancer surgery (Tumor Stage 1-3, Nodes 0-2 as determined according to the NCI stage definitions http://www.cancer.gov/cancertopics/pdq/treatment/breast/HealthProfessional/page3/print)","interventionNames":["Procedure: Regional anesthesia"]}],"interventions":[{"type":"PROCEDURE","name":"General anesthesia","description":"Sevoflurane and morphine","armGroupLabels":["General anesthesia"]},{"type":"PROCEDURE","name":"Regional anesthesia","description":"Paravertebral block","armGroupLabels":["Regional anesthesia"]}]},"outcomesModule":{"primaryOutcomes":[{"measure":"Whole genome expression by microarray","description":"tumor, biopsy, normal wound tissue","timeFrame":"before tumor excision"},{"measure":"Whole genome expression by mircoarray","description":"tumor, wound tissue","timeFrame":"during surgery (just after tumor excision)"}],"secondaryOutcomes":[{"measure":"Immune progenitors (MDBCs, GMPs, HPSCs), Natural Killer, T regulatory Lymphocytes, PentraxinIII","description":"in blood","timeFrame":"before tumor excision"},{"measure":"cancer recurrence","description":"local or distant metastasis","timeFrame":"each 6 months for up to 7 years"},{"measure":"survival from cancer","description":"death","timeFrame":"each 6 months for up to 7 years"},{"measure":"Immune progenitors (MDBCs, GMPs, HPSCs), Natural Killer, T regulatory Lymphocytes, PentraxinIII","description":"in blood","timeFrame":"at the end of surgery"},{"measure":"Immune progenitors (MDBCs, GMPs, HPSCs), Natural Killer, T regulatory Lymphocytes, PentraxinIII","description":"in blood","timeFrame":"at 24 hours"},{"measure":"Immune progenitors (MDBCs, GMPs, HPSCs), Natural Killer, T regulatory Lymphocytes, PentraxinIII","description":"in blood","timeFrame":"at 168 hours"}]},"eligibilityModule":{"eligibilityCriteria":"Inclusion Criteria:\n\n* Women 18-85 years old\n* No undergoing pregnancy\n* ASA Score I-IV\n* Patients scheduled for breast surgery\n* No contraindications (including surgical) to regional (paravertebral) anesthesia\n* No previous breast surgery\n* No known hereditary or familial cancer syndromes\n* No previous cancer anamnesis, radio o chemiotherapy\n* Primary breast cancer with Tumor classification 1-3, Nodes 0-2 as determined\n* according to the NCI stage definitions (Primary breast cancer without known extension beyond the breast and axillary nodes)\n* Free from pain in preoperative period\n* Patients who don't use analgesic drugs before surgery\n* Patients without cognitive impairment or mental retardation\n\nExclusion Criteria:\n\n* Women \\> 18, \\< 85 years old\n* Pregnancy\n* ASA Score \\> IV\n* Previous breast surgery\n* Contraindications to regional anesthesia\n* Known hereditary or familial cancer syndromes\n* Previous cancer anamnesis, radio or chemiotherapy\n* Tumor classification \\> 3, Nodes \\> 2, M \\> 0 as determined according to the NCI stage\n* definitions\n* Pain in preoperative period\n* Use of analgesic drugs before surgery\n* Cognitive impairment or mental retardation\n* Patients who did not gave a written informed consent\n* Undergoing therapy with alpha (doxazosin) or beta blockers.","healthyVolunteers":false,"sex":"FEMALE","minimumAge":"18 Years","maximumAge":"85 Years","stdAges":["ADULT","OLDER_ADULT"]},"ipdSharingStatementModule":{"ipdSharing":"NO"}},"derivedSection":{"miscInfoModule":{"versionHolder":"2024-01-12","modelPredictions":{"bmiLimits":{"minBmi":0.00,"maxBmi":101.00}}},"conditionBrowseModule":{"meshes":[{"id":"D000001943","term":"Breast Neoplasms"}],"ancestors":[{"id":"D000009371","term":"Neoplasms by Site"},{"id":"D000009369","term":"Neoplasms"},{"id":"D000001941","term":"Breast Diseases"},{"id":"D000012871","term":"Skin Diseases"}],"browseLeaves":[{"id":"M4910","name":"Breast Neoplasms","asFound":"Breast Cancer","relevance":"HIGH"},{"id":"M4908","name":"Breast Diseases","relevance":"LOW"},{"id":"M15364","name":"Skin Diseases","relevance":"LOW"}],"browseBranches":[{"abbrev":"BC04","name":"Neoplasms"},{"abbrev":"BC17","name":"Skin and Connective Tissue Diseases"},{"abbrev":"All","name":"All Conditions"}]},"interventionBrowseModule":{"meshes":[{"id":"D000000777","term":"Anesthetics"}],"ancestors":[{"id":"D000002492","term":"Central Nervous System Depressants"},{"id":"D000045505","term":"Physiological Effects of Drugs"}],"browseLeaves":[{"id":"M11672","name":"Morphine","relevance":"LOW"},{"id":"M3797","name":"Anesthetics","asFound":"Lymphoma","relevance":"HIGH"},{"id":"M1673","name":"Sevoflurane","relevance":"LOW"}],"browseBranches":[{"abbrev":"Analg","name":"Analgesics"},{"abbrev":"CNSDep","name":"Central Nervous System Depressants"},{"abbrev":"All","name":"All Drugs and Chemicals"},{"abbrev":"PlAggInh","name":"Platelet Aggregation Inhibitors"}]}},"hasResults":false}