{"protocolSection":{"identificationModule":{"nctId":"NCT05972785","orgStudyIdInfo":{"id":"2014896"},"organization":{"fullName":"Curtin University","class":"OTHER"},"briefTitle":"Long-term Use of CCB and Breast Cancer Risk","officialTitle":"Association of Long-term Use of Calcium Channel Blockers (CCB) and Risk of Breast Cancer: A Retrospective Longitudinal Observational Study"},"statusModule":{"statusVerifiedDate":"2023-08","overallStatus":"ACTIVE_NOT_RECRUITING","expandedAccessInfo":{"hasExpandedAccess":false},"startDateStruct":{"date":"2022-07-01","type":"ACTUAL"},"primaryCompletionDateStruct":{"date":"2025-06-30","type":"ESTIMATED"},"completionDateStruct":{"date":"2025-12","type":"ESTIMATED"},"studyFirstSubmitDate":"2023-07-24","studyFirstSubmitQcDate":"2023-08-01","studyFirstPostDateStruct":{"date":"2023-08-02","type":"ACTUAL"},"lastUpdateSubmitDate":"2023-08-01","lastUpdatePostDateStruct":{"date":"2023-08-02","type":"ACTUAL"}},"sponsorCollaboratorsModule":{"responsibleParty":{"type":"PRINCIPAL_INVESTIGATOR","investigatorFullName":"Rachael Moorin","investigatorTitle":"Professor","investigatorAffiliation":"Curtin University"},"leadSponsor":{"name":"Curtin University","class":"OTHER"}},"descriptionModule":{"briefSummary":"The goal of this retrospective observational study is to examine whether long-term calcium channel blocker (CCB) use is associated with the development of breast cancer amongst women enrolled in three longitudinal cohort studies in Australia and the Netherlands . The main questions it aims to answer are:\n\n* Is long-term CCB use associated with the development of breast cancer amongst women enrolled in three longitudinal cohort studies in Australia and the Netherlands and what is the dose-response nature of this association.\n* Does differences in the association between calcium channel blocker use and the development of breast cancer exist between Australian and Dutch women.\n\nThe investigators will utilise data from the Australian Longitudinal Study on Women's Health (ALSWH) , 45 and Up Study and Rotterdam study.","detailedDescription":"Aims: To examine the association between long-term calcium channel blocker (CCB) use and the development of breast cancer.\n\nData sources: the Australian Longitudinal Study on Women's Health , 45 and Up Study, Rotterdam study and linked administrative data.\n\nStudy cohort: Women with self-reported hypertension (HTN) without prior breast cancer.\n\nHarmonisation: Relevant variables will be checked for harmonisation in which variables available in all three cohort will be used in the harmonised analysis. The variables will be checked on the definition, measurement and harmonisation rules. Variables that cannot be harmonised across the cohorts will be used in the cohort specific analyses.\n\nExposure measurement: The primary exposure is the use of CCB, which will be identified by the anatomical therapeutic chemical code (C08) in the medicine data. Exposure to CCB as well as other antihypertensive (AHT) medicines will be captured separately as the cumulative dose-duration of exposure during follow up. Participants will be stratified in four groups: women with HTN with no AHT use, women with HTN exposed to CCB only, women with HTN exposed to non-CCB and women with HTN exposed to both CCB and non-CCB.\n\nOutcome measurement: Data on a diagnosis of invasive breast cancer will be obtained from cancer registries and hospital admission data using ICD-10 code of C50.x.\n\nPotential confounders: age, education, marital status, socioeconomic status, body mass index, diabetes, heart disease, stroke, age when had first child, parity, history of hysterectomy or oophorectomy, use of hormonal contraception, use of hormonal replacement therapy.\n\nStatistical analysis: The association between CCB use and breast cancer risk will be estimated by the Fine and Gray competing risk regression model in which a first diagnosis of invasive breast cancer will be treated as the principle event and death and bilateral mastectomy (without a diagnosis of breast cancer) will be competing risks. The nonlinear threshold models will be used to capture any differential effect of the cumulative dose-duration of CCB while simultaneously accounting for the cumulative dose-duration of other AHT exposure on breast cancer risk. Other confounders will be accounted for in the models using propensity scores.\n\nImplications: Results from this study will contribute to addressing the concerns about using CCB for hypertension treatment in women, particularly in those who have high risk of breast cancer."},"conditionsModule":{"conditions":["Hypertension,Essential","Breast Cancer"]},"designModule":{"studyType":"OBSERVATIONAL","patientRegistry":false,"designInfo":{"observationalModel":"COHORT","timePerspective":"RETROSPECTIVE"},"enrollmentInfo":{"count":68500,"type":"ESTIMATED"}},"armsInterventionsModule":{"armGroups":[{"label":"No AHT","description":"Women with HTN with no AHT use","interventionNames":["Drug: None AHT"]},{"label":"AHT but non-CCB","description":"Women with HTN exposed to other antihypertensive medicines but not exposed to calcium channel blockers","interventionNames":["Drug: Beta blocker","Drug: Diuretic","Drug: RAS","Drug: Other AHT"]},{"label":"CCB only","description":"Women with HTN exposed to calcium channel blockers but not exposed to other antihypertensive medicines","interventionNames":["Drug: Calcium channel blocker"]},{"label":"Both CCB and non-CCB","description":"Women with HTN exposed to both calcium channel blockers and other antihypertensive medicines.","interventionNames":["Drug: Calcium channel blocker","Drug: Beta blocker","Drug: Diuretic","Drug: RAS","Drug: Other AHT"]}],"interventions":[{"type":"DRUG","name":"Calcium channel blocker","description":"Drugs with ATC code C08 will be categorised as calcium channel blockers.","armGroupLabels":["Both CCB and non-CCB","CCB only"]},{"type":"DRUG","name":"Beta blocker","description":"Drugs with ATC code C07 will be categorised as beta-blockers.","armGroupLabels":["AHT but non-CCB","Both CCB and non-CCB"]},{"type":"DRUG","name":"Diuretic","description":"Drugs with ATC code C03 will be categorised as diuretics.","armGroupLabels":["AHT but non-CCB","Both CCB and non-CCB"]},{"type":"DRUG","name":"RAS","description":"Drugs with ATC code C09 will be categorised as RAS (agents acting on the renin angiotensin system).","armGroupLabels":["AHT but non-CCB","Both CCB and non-CCB"]},{"type":"DRUG","name":"Other AHT","description":"Drugs with ATC code C02 will be categorised as other antihypertensives.","armGroupLabels":["AHT but non-CCB","Both CCB and non-CCB"]},{"type":"DRUG","name":"None AHT","description":"None AHT","armGroupLabels":["No AHT"]}]},"outcomesModule":{"primaryOutcomes":[{"measure":"Incident rate of invasive breast cancer","description":"The outcome will be defined based on the ICD-10 code of C50.x (malignant neoplasm of breast).","timeFrame":"From cohort entry until the earliest date of one of the following: a diagnosis of invasive breast cancer, bilateral mastectomy (without breast cancer) or death, assessed up to 14 years."}]},"eligibilityModule":{"eligibilityCriteria":"Inclusion criteria:\n\n* Alive and still enrolled in the longitudinal cohort at the study entry (2004 to 2009)\n* Self-reported/diagnosed hypertension at study entry.\n\nExclusion criteria:\n\n+ A history of breast cancer.","sex":"FEMALE","minimumAge":"45 Years","stdAges":["ADULT","OLDER_ADULT"],"studyPopulation":"The study will include eligible women enrolled in three longitudinal cohorts: ALSWH, 45 and Up Study and the Rotterdam study.","samplingMethod":"PROBABILITY_SAMPLE"},"contactsLocationsModule":{"locations":[{"facility":"Curtin university","city":"Bentley","state":"Western Australia","zip":"6102","country":"Australia","geoPoint":{"lat":-32.0,"lon":115.91667}}]},"ipdSharingStatementModule":{"ipdSharing":"NO"}},"derivedSection":{"miscInfoModule":{"versionHolder":"2024-01-12","modelPredictions":{"bmiLimits":{"minBmi":0.00,"maxBmi":101.00}}},"conditionBrowseModule":{"meshes":[{"id":"D000001943","term":"Breast Neoplasms"},{"id":"D000075222","term":"Essential Hypertension"}],"ancestors":[{"id":"D000009371","term":"Neoplasms by Site"},{"id":"D000009369","term":"Neoplasms"},{"id":"D000001941","term":"Breast Diseases"},{"id":"D000012871","term":"Skin Diseases"},{"id":"D000006973","term":"Hypertension"},{"id":"D000014652","term":"Vascular Diseases"},{"id":"D000002318","term":"Cardiovascular Diseases"}],"browseLeaves":[{"id":"M4910","name":"Breast Neoplasms","asFound":"Breast Cancer","relevance":"HIGH"},{"id":"M9714","name":"Hypertension","relevance":"LOW"},{"id":"M1470","name":"Essential Hypertension","asFound":"Hypertension,Essential","relevance":"HIGH"},{"id":"M4908","name":"Breast Diseases","relevance":"LOW"},{"id":"M15364","name":"Skin Diseases","relevance":"LOW"},{"id":"M17090","name":"Vascular Diseases","relevance":"LOW"}],"browseBranches":[{"abbrev":"BC04","name":"Neoplasms"},{"abbrev":"BC17","name":"Skin and Connective Tissue Diseases"},{"abbrev":"All","name":"All Conditions"},{"abbrev":"BC14","name":"Heart and Blood Diseases"}]},"interventionBrowseModule":{"meshes":[{"id":"D000002121","term":"Calcium Channel Blockers"},{"id":"D000002118","term":"Calcium"},{"id":"D000004232","term":"Diuretics"},{"id":"D000000319","term":"Adrenergic beta-Antagonists"}],"ancestors":[{"id":"D000077264","term":"Calcium-Regulating Hormones and Agents"},{"id":"D000045505","term":"Physiological Effects of Drugs"},{"id":"D000045283","term":"Natriuretic Agents"},{"id":"D000018674","term":"Adrenergic Antagonists"},{"id":"D000018663","term":"Adrenergic Agents"},{"id":"D000018377","term":"Neurotransmitter Agents"},{"id":"D000045504","term":"Molecular Mechanisms of Pharmacological Action"},{"id":"D000049990","term":"Membrane Transport Modulators"}],"browseLeaves":[{"id":"M7101","name":"Diuretics","asFound":"Intraocular lens","relevance":"HIGH"},{"id":"M5071","name":"Calcium","asFound":"Through","relevance":"HIGH"},{"id":"M5088","name":"Calcium, Dietary","relevance":"LOW"},{"id":"M3967","name":"Antihypertensive Agents","relevance":"LOW"},{"id":"M5074","name":"Calcium Channel Blockers","asFound":"Sacituzumab","relevance":"HIGH"},{"id":"M3361","name":"Adrenergic beta-Antagonists","asFound":"Lavage","relevance":"HIGH"},{"id":"M20436","name":"Adrenergic Agents","relevance":"LOW"},{"id":"M9479","name":"Hormones","relevance":"LOW"},{"id":"M20445","name":"Adrenergic Antagonists","relevance":"LOW"},{"id":"M20194","name":"Neurotransmitter Agents","relevance":"LOW"}],"browseBranches":[{"abbrev":"All","name":"All Drugs and Chemicals"},{"abbrev":"BDCA","name":"Bone Density Conservation Agents"},{"abbrev":"AnAg","name":"Antihypertensive Agents"},{"abbrev":"ChanBlk","name":"Channel Blockers"}]}},"hasResults":false}